PO_ID,Product_ID,Order_Date,Promised_ETA_Date,Actual_Arrival_Date,Qty_Ordered,Qty_Received
PO-02647,SKU-089,05-29-2024,2024-06-12,2024-06-14,377,377.0
PO-01760,SKU-059,2025-12-03,2025-12-24,2025-12-24,237,237.0
PO-01972,SKU-067,2024-02-07,2024-02-25,2024-03-14,294,294.0
PO-02615,SKU-088,2024-05-01,2024-05-15,2024-05-15,576,576.0
PO-01303,SKU-044,2025-06-25,2025-07-09,2025-07-10,598,598.0
PO-02320,SKU-078,2025-07-23,2025-08-13,2025-08-13,424,424.0
PO-01234,SKU-042,12-25-2024,2025-01-08,2025-01-08,410,410.0
PO-00897,SKU-030,2025-12-10,2025-12-31,,534,
PO-01350,SKU-046,2024-07-17,2024-08-04,2024-08-04,361,361.0
PO-00522,SKU-018,2024-08-14,2024-08-28,2024-08-28,585,493.0
PO-00270,SKU-009,2025-12-24,2026-01-07,,355,
PO-02417,SKU-081,2025-09-17,2025-10-01,2025-10-01,248,248.0
PO-02087,SKU-070,2025-09-10,2025-09-24,2025-09-26,432,432.0
PO-02037,SKU-069,2024-06-05,2024-06-26,2024-07-10,415,415.0
PO-00275,SKU-010,2024-04-10,2024-04-28,2024-04-28,353,353.0
PO-01356,SKU-046,18/12/2024,2025-01-05,2025-01-05,320,320.0
PO-01529,SKU-052,07-Aug-2024,2024-08-25,2024-08-25,532,532.0
PO-01883,SKU-064,28-Feb-2024,2024-03-13,2024-03-14,348,348.0
PO-00617,SKU-021,12-04-2024,2024-12-18,2024-12-21,335,335.0
PO-02940,SKU-099,2024-04-10,2024-05-01,2024-05-08,334,334.0
PO-01971,SKU-066,2025-12-24,2026-01-14,,504,
PO-02164,SKU-073,2025-01-15,2025-02-02,2025-02-09,339,339.0
PO-00958,SKU-033,2024-01-31,2024-02-21,2024-02-24,419,419.0
PO-02899,SKU-097,2025-07-16,2025-08-03,2025-08-05,389,389.0
PO-02272,SKU-077,2024-05-22,2024-06-05,2024-06-05,513,513.0
PO-00451,SKU-015,2025-12-24,2026-01-07,,467,
PO-01591,SKU-054,2024-08-14,2024-08-28,2024-08-28,300,300.0
PO-02755,SKU-092,10-22-2025,2025-11-05,2025-11-09,296,296.0
PO-02490,SKU-084,2024-03-20,2024-04-07,2024-04-27,445,445.0
PO-02655,SKU-089,2024-12-04,2024-12-18,2024-12-18,453,453.0
PO-02504,SKU-084,2025-03-12,2025-03-30,2025-04-06,528,401.0
PO-02398,SKU-081,2024-06-19,2024-07-03,2024-07-03,279,279.0
PO-02326,SKU-078,2025-12-10,2025-12-31,,317,
PO-00570,SKU-019,08/10/2025,2025-10-26,2025-10-29,475,475.0
PO-01640,SKU-055,2025-10-22,,2025-11-13,471,338.0
PO-01369,SKU-046,2025-10-15,2025-11-02,2025-11-02,473,473.0
PO-02141,SKU-072,2025-07-02,2025-07-23,2025-07-26,393,393.0
PO-02445,SKU-082,2025-07-16,2025-08-03,2025-08-04,334,334.0
PO-01265,SKU-043,01-Jan-2025,2025-01-22,2025-01-23,481,481.0
PO-01749,SKU-059,19-Feb-2025,2025-03-12,2025-03-12,442,442.0
PO-02435,SKU-082,2024-11-06,2024-11-24,2024-11-24,388,388.0
PO-02387,SKU-080,2025-10-01,2025-10-22,2025-10-22,457,457.0
PO-00905,SKU-031,22/05/2024,2024-06-05,2024-06-06,370,370.0
PO-02686,SKU-090,29-Jan-2025,2025-02-12,2025-02-14,335,335.0
PO-00466,SKU-016,2024-11-20,2024-12-11,2024-12-12,436,436.0
PO-02292,SKU-077,27-Aug-2025,2025-09-10,2025-09-10,486,486.0
PO-01642,SKU-055,03/12/2025,2025-12-24,,397,
PO-01128,SKU-038,2025-08-06,2025-08-24,2025-08-25,529,529.0
PO-01906,SKU-064,09-17-2025,2025-10-01,2025-10-03,330,330.0
PO-00562,SKU-019,2025-04-09,2025-04-27,2025-04-27,416,416.0
PO-02392,SKU-081,2024-01-17,2024-01-31,2024-02-01,284,284.0
PO-01473,SKU-050,06-Nov-2024,2024-11-20,2024-11-20,404,404.0
PO-00143,SKU-005,2025-09-03,2025-09-17,2025-09-19,407,407.0
PO-02612,SKU-088,28-Feb-2024,2024-03-13,2024-03-13,446,446.0
PO-02588,SKU-087,2024-09-18,2024-10-06,2024-10-11,436,436.0
PO-02335,SKU-079,2024-06-19,2024-07-03,2024-07-03,437,437.0
PO-01269,SKU-043,2025-04-16,2025-05-07,2025-05-27,451,451.0
PO-02665,SKU-089,2025-07-30,2025-08-13,2025-08-13,484,484.0
PO-01685,SKU-057,2024-09-18,2024-10-02,2024-10-02,362,362.0
PO-00375,SKU-013,2025-01-22,2025-02-12,2025-02-12,474,474.0
PO-01197,SKU-041,15/05/2024,2024-06-05,2024-06-24,398,398.0
PO-00938,SKU-032,2024-10-09,2024-10-27,2024-10-29,306,306.0
PO-02022,SKU-068,25-Jun-2025,2025-07-16,2025-08-05,418,418.0
PO-00015,SKU-001,2024-12-25,2025-01-12,2025-01-12,511,511.0
PO-02898,SKU-097,2025-06-25,2025-07-13,2025-07-13,387,387.0
PO-01426,SKU-048,01-Oct-2025,2025-10-19,2025-10-21,385,385.0
PO-01893,SKU-064,2024-10-30,2024-11-13,2024-11-13,416,416.0
PO-00160,SKU-006,2024-10-02,2024-10-16,2024-10-16,425,425.0
PO-01177,SKU-040,27/11/2024,2024-12-11,2024-12-11,394,394.0
PO-01274,SKU-043,2025-09-03,2025-09-24,2025-09-25,458,458.0
PO-01862,SKU-063,2024-08-28,2024-09-11,2024-09-11,546,546.0
PO-01117,SKU-038,2024-10-23,2024-11-10,2024-11-10,387,387.0
PO-01859,SKU-063,2024-06-19,2024-07-03,2024-07-04,365,365.0
PO-00884,SKU-030,02-12-2025,2025-03-05,2025-03-05,395,395.0
PO-00403,SKU-014,2024-11-27,2024-12-15,2024-12-18,362,362.0
PO-01958,SKU-066,2025-03-05,2025-03-26,2025-03-26,302,302.0
PO-02215,SKU-075,2024-05-08,2024-05-22,2024-05-24,556,556.0
PO-02816,SKU-094,2025-12-03,2025-12-17,2025-12-18,375,375.0
PO-02492,SKU-084,2024-05-22,2024-06-09,2024-06-11,547,547.0
PO-01348,SKU-046,2024-06-05,2024-06-23,2024-06-25,444,444.0
PO-02635,SKU-088,13/08/2025,2025-08-27,2025-08-27,503,503.0
PO-02526,SKU-085,08-21-2024,2024-09-11,2024-09-15,382,382.0
PO-00864,SKU-029,2025-10-29,2025-11-12,2025-11-15,538,538.0
PO-01559,SKU-053,09-18-2024,2024-10-09,2024-10-09,552,552.0
PO-01232,SKU-042,2024-10-30,2024-11-13,2024-11-17,437,437.0
PO-02959,SKU-099,2025-07-23,2025-08-13,2025-08-13,473,473.0
PO-01835,SKU-062,27/11/2024,2024-12-18,2024-12-20,253,253.0
PO-01563,SKU-053,2024-12-25,2025-01-15,2025-01-15,298,298.0
PO-01511,SKU-051,2025-05-14,2025-06-04,2025-06-14,614,614.0
PO-00621,SKU-021,2025-03-26,2025-04-09,2025-04-12,354,354.0
PO-01189,SKU-040,24/09/2025,2025-10-08,2025-10-13,376,376.0
PO-02551,SKU-086,03-Apr-2024,2024-04-21,2024-04-24,447,447.0
PO-01920,SKU-065,07-17-2024,2024-08-07,2024-08-10,469,469.0
PO-00351,SKU-012,2025-05-28,2025-06-11,2025-06-11,556,556.0
PO-01049,SKU-036,2024-03-13,2024-03-27,2024-03-29,363,301.0
PO-02448,SKU-082,17-Sep-2025,2025-10-05,2025-10-05,404,289.0
PO-00488,SKU-017,2024-05-15,2024-05-29,2024-06-01,356,356.0
PO-01581,SKU-053,2025-12-24,2026-01-14,,960,
PO-00280,SKU-010,2024-08-07,2024-08-25,2024-08-27,468,468.0
PO-01513,SKU-051,2025-07-16,2025-08-06,2025-08-08,638,638.0
PO-02414,SKU-081,2025-06-25,2025-07-09,2025-07-10,334,334.0
PO-01412,SKU-048,2024-10-02,2024-10-20,2024-10-20,306,306.0
PO-01230,SKU-042,2024-09-04,2024-09-18,2024-09-23,362,362.0
PO-02805,SKU-094,2025-03-12,2025-03-26,2025-03-27,366,308.0
PO-02226,SKU-075,2025-02-05,2025-02-19,2025-02-20,379,379.0
PO-00229,SKU-008,2025-06-04,2025-06-22,2025-06-22,500,500.0
PO-00873,SKU-030,2024-05-29,2024-06-19,2024-07-07,435,435.0
PO-02420,SKU-081,2025-12-03,,2025-12-18,245,245.0
PO-00823,SKU-028,12-11-2024,2025-01-01,2025-01-01,431,361.0
PO-02330,SKU-079,07-Feb-2024,2024-02-21,2024-02-23,419,419.0
PO-00895,SKU-030,2025-11-12,2025-12-03,2025-12-03,424,424.0
PO-02987,SKU-100,28/05/2025,2025-06-11,2025-06-13,373,373.0
PO-02041,SKU-069,09-04-2024,2024-09-25,2024-09-27,424,424.0
PO-01176,SKU-040,2024-11-13,2024-11-27,2024-11-29,344,344.0
PO-00057,SKU-002,2025-10-08,2025-10-26,2025-10-26,573,573.0
PO-02567,SKU-086,2025-04-30,2025-05-18,2025-05-18,414,414.0
PO-01288,SKU-044,2024-07-03,2024-07-17,2024-07-17,453,453.0
PO-01092,SKU-037,01/01/2025,2025-01-15,2025-01-18,269,269.0
PO-01631,SKU-055,2025-03-05,2025-03-26,2025-03-26,527,527.0
PO-02553,SKU-086,2024-05-22,2024-06-09,2024-06-09,404,404.0
PO-00794,SKU-027,08/01/2025,2025-01-29,2025-02-02,472,472.0
PO-00530,SKU-018,02-12-2025,2025-02-26,2025-02-26,651,651.0
PO-00358,SKU-012,12-Nov-2025,2025-11-26,2025-11-26,509,509.0
PO-01914,SKU-065,2024-02-21,2024-03-13,2024-03-13,321,321.0
PO-01104,SKU-037,2025-11-05,2025-11-19,2025-11-20,390,390.0
PO-01216,SKU-041,22-Oct-2025,2025-11-12,2025-11-15,361,361.0
PO-01635,SKU-055,2025-06-18,2025-07-09,2025-07-28,538,538.0
PO-00886,SKU-030,2025-04-02,2025-04-23,2025-05-07,495,495.0
PO-00414,SKU-014,03/09/2025,2025-09-21,2025-09-21,455,455.0
PO-02858,SKU-096,16/10/2024,2024-10-30,2024-11-04,412,412.0
PO-01236,SKU-042,02-05-2025,2025-02-19,2025-02-19,413,413.0
PO-00666,SKU-023,2024-03-13,2024-04-03,2024-04-06,271,271.0
PO-00058,SKU-002,2025-11-05,2025-11-23,2025-11-27,364,364.0
PO-02040,SKU-069,2024-08-14,2024-09-04,2024-09-07,352,352.0
PO-01041,SKU-035,2025-08-06,2025-08-24,2025-08-25,385,385.0
PO-01444,SKU-049,2024-12-11,2024-12-29,2024-12-29,474,474.0
PO-00585,SKU-020,2024-11-13,2024-12-01,2024-12-01,377,377.0
PO-01089,SKU-037,2024-10-30,2024-11-13,2024-11-13,346,346.0
PO-02831,SKU-095,2025-01-01,2025-01-15,2025-01-16,533,533.0
PO-02160,SKU-073,2024-10-16,2024-11-03,2024-11-03,358,358.0
PO-00170,SKU-006,2025-05-21,2025-06-04,2025-06-04,464,464.0
PO-02013,SKU-068,30-Oct-2024,2024-11-20,2024-11-22,446,446.0
PO-01509,SKU-051,19/03/2025,2025-04-09,2025-04-09,539,539.0
PO-02229,SKU-075,04-16-2025,2025-04-30,2025-04-30,613,613.0
PO-00477,SKU-016,2025-08-27,2025-09-17,2025-09-18,358,358.0
PO-00482,SKU-016,2025-12-17,2026-01-07,,421,
PO-00962,SKU-033,2024-05-08,2024-05-29,2024-06-08,396,396.0
PO-01745,SKU-059,2024-11-13,2024-12-04,2024-12-09,250,221.0
PO-00360,SKU-013,10/01/2024,2024-01-31,2024-02-03,562,562.0
PO-01360,SKU-046,2025-03-12,2025-03-30,2025-04-12,389,389.0
PO-02726,SKU-091,2025-09-17,2025-10-01,2025-10-02,406,406.0
PO-02580,SKU-087,2024-01-31,2024-02-18,2024-03-10,512,512.0
PO-02680,SKU-090,2024-09-04,2024-09-18,2024-09-18,580,415.0
PO-00314,SKU-011,2024-12-18,2025-01-01,2025-01-01,462,462.0
PO-02162,SKU-073,2024-12-04,2024-12-22,2024-12-24,364,364.0
PO-00091,SKU-004,2024-03-13,2024-03-31,2024-04-15,526,526.0
PO-00722,SKU-025,2024-03-13,2024-03-27,2024-03-27,525,525.0
PO-01161,SKU-039,19/11/2025,2025-12-07,2025-12-07,428,428.0
PO-00738,SKU-025,2025-03-19,2025-04-02,2025-04-04,449,449.0
PO-00984,SKU-033,2025-10-29,2025-11-19,2025-11-19,370,370.0
PO-02065,SKU-070,27-Mar-2024,2024-04-10,2024-04-10,382,382.0
PO-00236,SKU-008,2025-11-19,2025-12-07,2025-12-09,523,523.0
PO-00271,SKU-010,10-Jan-2024,2024-01-28,2024-02-18,411,411.0
PO-01452,SKU-049,2025-06-25,2025-07-13,2025-07-14,428,428.0
PO-02673,SKU-090,06/03/2024,2024-03-20,2024-03-20,384,384.0
PO-01869,SKU-063,2025-03-05,2025-03-19,2025-03-19,501,501.0
PO-00297,SKU-010,29-Oct-2025,2025-11-16,2025-11-16,585,585.0
PO-01819,SKU-061,2025-10-22,2025-11-09,2025-11-10,527,527.0
PO-01282,SKU-044,21-Feb-2024,2024-03-06,2024-03-08,440,440.0
PO-00575,SKU-020,2024-02-21,2024-03-10,2024-03-27,321,321.0
PO-02449,SKU-082,2025-10-08,2025-10-26,2025-10-28,272,272.0
PO-01316,SKU-045,2024-05-01,2024-05-15,2024-05-15,479,479.0
PO-02978,SKU-100,2024-11-06,2024-11-20,2024-11-21,406,406.0
PO-01414,SKU-048,2024-11-20,2024-12-08,2024-12-08,388,388.0
PO-01096,SKU-037,2025-04-09,2025-04-23,2025-04-23,301,301.0
PO-00832,SKU-028,2025-08-13,2025-09-03,2025-09-03,492,492.0
PO-00591,SKU-020,2025-04-23,2025-05-11,2025-05-13,297,297.0
PO-00713,SKU-024,2025-07-16,2025-08-03,2025-08-04,511,511.0
PO-02111,SKU-071,2025-05-07,2025-05-25,2025-05-25,407,407.0
PO-00281,SKU-010,2024-08-28,,2024-09-15,529,529.0
PO-00809,SKU-028,10/01/2024,2024-01-31,2024-02-01,388,388.0
PO-02564,SKU-086,2025-02-05,2025-02-23,2025-03-11,522,522.0
PO-00026,SKU-001,2025-09-17,2025-10-05,2025-10-05,520,520.0
PO-01926,SKU-065,2025-01-08,2025-01-29,2025-01-31,375,375.0
PO-02458,SKU-083,2024-04-03,2024-04-24,2024-05-10,411,411.0
PO-02092,SKU-071,2024-01-17,2024-02-04,2024-02-13,345,345.0
PO-01915,SKU-065,2024-03-06,2024-03-27,2024-03-27,465,465.0
PO-02000,SKU-067,2025-12-03,2025-12-21,2025-12-22,300,300.0
PO-00691,SKU-024,2024-01-31,2024-02-18,2024-03-04,403,403.0
PO-00171,SKU-006,2025-06-18,2025-07-02,2025-07-04,482,370.0
PO-00580,SKU-020,2024-07-10,2024-07-28,2024-07-28,231,231.0
PO-02566,SKU-086,2025-04-02,2025-04-20,2025-04-23,417,417.0
PO-01821,SKU-061,2025-12-17,2026-01-04,,431,
PO-01170,SKU-040,2024-06-12,2024-06-26,2024-06-26,518,518.0
PO-00996,SKU-034,2024-07-31,2024-08-18,2024-08-20,499,499.0
PO-02410,SKU-081,2025-03-19,2025-04-02,2025-04-02,227,227.0
PO-02098,SKU-071,2024-06-26,2024-07-14,2024-07-16,381,381.0
PO-02080,SKU-070,2025-03-12,2025-03-26,2025-03-31,373,373.0
PO-00255,SKU-009,2025-01-01,2025-01-15,2025-01-15,354,354.0
PO-00051,SKU-002,2025-05-07,2025-05-25,2025-05-25,542,542.0
PO-00847,SKU-029,04/09/2024,2024-09-18,2024-09-18,464,464.0
PO-00485,SKU-017,2024-02-28,2024-03-13,2024-03-14,408,408.0
PO-01266,SKU-043,29/01/2025,2025-02-19,2025-02-19,464,464.0
PO-02143,SKU-072,2025-09-03,2025-09-24,2025-09-28,312,312.0
PO-02380,SKU-080,2025-04-16,2025-05-07,2025-05-19,431,431.0
PO-01183,SKU-040,2025-04-30,2025-05-14,2025-05-18,352,352.0
PO-00207,SKU-007,05/11/2025,2025-11-19,2025-11-19,369,369.0
PO-01313,SKU-045,2024-02-21,2024-03-06,2024-03-07,622,622.0
PO-01556,SKU-053,2024-06-26,2024-07-17,2024-07-31,523,523.0
PO-01553,SKU-053,03-Apr-2024,2024-04-24,2024-05-14,578,578.0
PO-00274,SKU-010,03-27-2024,2024-04-14,2024-04-29,307,269.0
PO-01137,SKU-039,2024-03-27,2024-04-14,2024-04-25,522,522.0
PO-00894,SKU-030,2025-10-22,2025-11-12,2025-11-18,472,472.0
PO-01572,SKU-053,30-Jul-2025,2025-08-20,2025-08-20,383,383.0
PO-02834,SKU-095,03-12-2025,2025-03-26,2025-03-28,574,574.0
PO-02892,SKU-097,01-08-2025,2025-01-26,2025-02-15,361,361.0
PO-01001,SKU-034,2024-11-27,2024-12-15,2024-12-15,357,287.0
PO-00915,SKU-031,2025-01-29,2025-02-12,2025-02-17,291,256.0
PO-01077,SKU-037,2024-01-10,2024-01-24,2024-01-28,343,303.0
PO-01185,SKU-040,2025-06-11,2025-06-25,2025-06-27,429,429.0
PO-00167,SKU-006,2025-03-19,2025-04-02,2025-04-02,323,323.0
PO-00194,SKU-007,2024-12-25,2025-01-08,2025-01-09,374,374.0
PO-01946,SKU-066,2024-05-22,2024-06-12,2024-06-24,288,288.0
PO-02995,SKU-100,12-10-2025,2025-12-24,2025-12-24,589,589.0
PO-02694,SKU-090,2025-08-13,2025-08-27,2025-08-29,426,426.0
PO-02937,SKU-099,2024-01-31,2024-02-21,2024-02-22,484,484.0
PO-02346,SKU-079,2025-03-12,2025-03-26,2025-03-26,454,454.0
PO-02520,SKU-085,2024-03-20,2024-04-10,2024-04-10,393,393.0
PO-00686,SKU-023,2025-08-13,2025-09-03,2025-09-06,407,407.0
PO-02381,SKU-080,05-07-2025,2025-05-28,2025-06-15,425,425.0
PO-02257,SKU-076,2025-04-09,2025-04-30,2025-05-17,282,282.0
PO-02192,SKU-074,2024-12-18,2025-01-08,2025-01-11,333,333.0
PO-00113,SKU-004,2025-09-03,2025-09-21,2025-09-21,391,391.0
PO-01969,SKU-066,2025-12-10,2025-12-31,,291,
PO-02295,SKU-077,2025-11-05,2025-11-19,2025-11-19,539,539.0
PO-02907,SKU-098,2024-01-17,2024-02-04,2024-02-21,541,541.0
PO-01169,SKU-040,2024-05-15,2024-05-29,2024-05-29,410,410.0
PO-01180,SKU-040,2025-02-19,2025-03-05,2025-03-05,423,423.0
PO-00596,SKU-020,13-Aug-2025,2025-08-31,2025-08-31,350,350.0
PO-01673,SKU-056,2025-11-12,2025-11-30,2025-12-01,334,334.0
PO-02661,SKU-089,2025-04-30,2025-05-14,2025-05-16,377,377.0
PO-01415,SKU-048,2024-12-18,2025-01-05,2025-01-06,414,414.0
PO-01855,SKU-063,2024-03-06,2024-03-20,2024-03-20,541,541.0
PO-00639,SKU-022,2024-07-10,2024-07-24,2024-07-24,372,372.0
PO-01756,SKU-059,03-Sep-2025,2025-09-24,2025-09-24,308,308.0
PO-02817,SKU-095,01-31-2024,2024-02-14,2024-02-15,495,495.0
PO-01097,SKU-037,2025-04-30,2025-05-14,2025-05-16,290,290.0
PO-00210,SKU-008,2024-01-17,2024-02-04,2024-02-24,558,558.0
PO-02212,SKU-075,02-28-2024,2024-03-13,2024-03-13,415,415.0
PO-02730,SKU-091,2025-12-24,2026-01-07,,325,
PO-02242,SKU-076,2024-03-27,2024-04-17,2024-04-17,207,207.0
PO-01359,SKU-046,19/02/2025,2025-03-09,2025-03-24,576,576.0
PO-00272,SKU-010,31-Jan-2024,2024-02-18,2024-03-04,456,456.0
PO-01349,SKU-046,2024-06-26,2024-07-14,2024-07-15,503,503.0
PO-00110,SKU-004,25-Jun-2025,2025-07-13,2025-07-14,466,466.0
PO-02453,SKU-082,2025-12-17,2026-01-04,,433,
PO-00432,SKU-015,2024-11-20,2024-12-04,2024-12-04,560,560.0
PO-02881,SKU-097,17/04/2024,2024-05-05,2024-05-05,410,410.0
PO-01782,SKU-060,2025-06-04,2025-06-22,2025-06-24,379,379.0
PO-00637,SKU-022,2024-05-29,2024-06-12,2024-06-13,397,397.0
PO-00982,SKU-033,2025-09-17,2025-10-08,2025-10-08,318,318.0
PO-02632,SKU-088,18-Jun-2025,2025-07-02,2025-07-05,387,387.0
PO-00097,SKU-004,2024-07-31,2024-08-18,2024-08-20,394,394.0
PO-01143,SKU-039,2024-08-28,2024-09-15,2024-09-15,588,588.0
PO-02024,SKU-068,2025-08-13,2025-09-03,2025-09-03,267,267.0
PO-01886,SKU-064,05-08-2024,2024-05-22,2024-05-25,302,302.0
PO-00119,SKU-005,2024-02-07,2024-02-21,2024-02-21,355,355.0
PO-02484,SKU-083,2025-12-03,2025-12-24,,349,
PO-00052,SKU-002,2025-06-04,2025-06-22,2025-06-24,537,537.0
PO-00739,SKU-025,04-16-2025,2025-04-30,2025-04-30,517,517.0
PO-00628,SKU-021,2025-09-24,2025-10-08,2025-10-11,340,340.0
PO-01757,SKU-059,24-Sep-2025,2025-10-15,2025-10-15,304,304.0
PO-00006,SKU-001,2024-05-29,2024-06-16,2024-06-18,479,479.0
PO-01957,SKU-066,2025-01-29,2025-02-19,2025-02-21,389,389.0
PO-01524,SKU-052,03-27-2024,2024-04-14,2024-05-01,448,448.0
PO-02947,SKU-099,16-Oct-2024,2024-11-06,2024-11-06,301,301.0
PO-02356,SKU-079,05/11/2025,2025-11-19,2025-11-19,410,305.0
PO-01641,SKU-055,2025-11-05,2025-11-26,2025-11-28,509,509.0
PO-01890,SKU-064,2024-08-14,2024-08-28,2024-08-31,398,398.0
PO-01953,SKU-066,2024-11-13,2024-12-04,2024-12-06,250,250.0
PO-00048,SKU-002,2025-02-12,2025-03-02,2025-03-21,399,399.0
PO-00163,SKU-006,2024-12-18,2025-01-01,2025-01-01,401,401.0
PO-02640,SKU-088,2025-12-17,2025-12-31,,597,
PO-01704,SKU-057,2025-12-24,2026-01-07,,400,
PO-02732,SKU-092,2024-02-14,2024-02-28,2024-02-28,455,455.0
PO-01691,SKU-057,2025-01-29,2025-02-12,2025-02-13,416,416.0
PO-02359,SKU-079,2025-12-24,2026-01-07,,523,
PO-01777,SKU-060,2025-01-29,2025-02-16,2025-02-28,310,310.0
PO-01535,SKU-052,2025-01-08,2025-01-26,2025-02-12,454,454.0
PO-02844,SKU-095,11-12-2025,2025-11-26,2025-11-29,557,557.0
PO-02806,SKU-094,2025-04-02,2025-04-16,2025-04-16,347,347.0
PO-01206,SKU-041,2025-01-08,2025-01-29,2025-01-31,302,302.0
PO-01527,SKU-052,2024-06-19,2024-07-07,2024-07-07,421,421.0
PO-01935,SKU-065,2025-08-27,2025-09-17,2025-09-18,344,344.0
PO-00651,SKU-022,04-30-2025,2025-05-14,2025-05-14,397,397.0
PO-02136,SKU-072,26-Feb-2025,2025-03-19,2025-03-22,365,365.0
PO-02530,SKU-085,2024-12-04,2024-12-25,2024-12-29,243,243.0
PO-02540,SKU-085,13/08/2025,2025-09-03,2025-09-04,250,250.0
PO-02303,SKU-078,08-May-2024,2024-05-29,2024-06-14,340,340.0
PO-02009,SKU-068,2024-07-31,2024-08-21,2024-08-21,336,336.0
PO-02981,SKU-100,2025-01-15,2025-01-29,2025-01-30,470,470.0
PO-02575,SKU-086,11-12-2025,2025-11-30,2025-12-05,496,496.0
PO-00710,SKU-024,2025-05-07,2025-05-25,2025-05-25,635,635.0
PO-01073,SKU-036,2025-10-15,2025-10-29,2025-10-29,315,315.0
PO-02197,SKU-074,04-02-2025,2025-04-23,2025-05-18,333,333.0
PO-00187,SKU-007,26/06/2024,2024-07-10,2024-07-14,259,259.0
PO-02885,SKU-097,2024-07-24,2024-08-11,2024-08-15,437,437.0
PO-00124,SKU-005,29-May-2024,2024-06-12,2024-06-13,355,355.0
PO-01746,SKU-059,2024-12-04,2024-12-25,2024-12-25,244,244.0
PO-02045,SKU-069,11-Dec-2024,2025-01-01,2025-01-01,460,460.0
PO-02618,SKU-088,2024-07-24,2024-08-07,2024-08-08,558,558.0
PO-02522,SKU-085,2024-05-15,2024-06-05,2024-06-22,306,306.0
PO-01428,SKU-048,2025-11-26,2025-12-14,2025-12-18,309,309.0
PO-00777,SKU-026,22/10/2025,2025-11-05,2025-11-05,413,413.0
PO-00264,SKU-009,2025-08-13,2025-08-27,2025-09-01,311,311.0
PO-02852,SKU-096,2024-05-01,2024-05-15,2024-05-15,431,431.0
PO-00137,SKU-005,2025-04-09,2025-04-23,2025-04-24,384,384.0
PO-00293,SKU-010,2025-07-09,2025-07-27,2025-07-27,435,435.0
PO-01868,SKU-063,2025-02-05,2025-02-19,2025-02-19,501,501.0
PO-01420,SKU-048,2025-04-30,2025-05-18,2025-05-18,242,242.0
PO-00089,SKU-004,2024-01-24,2024-02-11,2024-02-22,557,557.0
PO-02915,SKU-098,2024-07-31,2024-08-18,2024-08-21,391,391.0
PO-02347,SKU-079,2025-04-02,2025-04-16,2025-04-16,277,277.0
PO-01781,SKU-060,07-May-2025,2025-05-25,2025-05-28,338,338.0
PO-00891,SKU-030,2025-08-06,2025-08-27,2025-08-27,412,412.0
PO-02960,SKU-099,20-Aug-2025,2025-09-10,2025-09-12,472,472.0
PO-02896,SKU-097,23/04/2025,2025-05-11,2025-05-11,508,508.0
PO-00261,SKU-009,2025-05-28,2025-06-11,2025-06-15,294,294.0
PO-01271,SKU-043,18-Jun-2025,2025-07-09,2025-07-29,382,382.0
PO-00219,SKU-008,11-Sep-2024,2024-09-29,2024-10-02,544,544.0
PO-01087,SKU-037,2024-09-11,2024-09-25,2024-09-25,311,311.0
PO-02075,SKU-070,2024-12-04,2024-12-18,2024-12-18,326,326.0
PO-00322,SKU-011,2025-07-02,2025-07-16,2025-07-16,384,384.0
PO-02721,SKU-091,21-May-2025,2025-06-04,2025-06-08,271,271.0
PO-00499,SKU-017,2025-01-15,2025-01-29,2025-01-29,469,469.0
PO-02077,SKU-070,01-08-2025,2025-01-22,2025-01-22,336,336.0
PO-02744,SKU-092,01-15-2025,2025-01-29,2025-01-29,469,469.0
PO-02133,SKU-072,2024-12-25,2025-01-15,2025-01-17,251,251.0
PO-02411,SKU-081,2025-04-09,2025-04-23,2025-04-23,352,352.0
PO-00075,SKU-003,2025-01-15,2025-01-29,2025-01-30,518,518.0
PO-00929,SKU-032,2024-02-07,2024-02-25,2024-03-10,330,330.0
PO-01860,SKU-063,2024-07-10,2024-07-24,2024-07-24,505,505.0
PO-02231,SKU-075,04/06/2025,2025-06-18,2025-06-20,455,455.0
PO-01072,SKU-036,2025-09-24,2025-10-08,2025-10-08,237,237.0
PO-02406,SKU-081,2024-12-18,2025-01-01,2025-01-01,373,373.0
PO-00812,SKU-028,03-20-2024,2024-04-10,2024-04-12,321,321.0
PO-00863,SKU-029,01/10/2025,2025-10-15,2025-10-18,480,480.0
PO-01007,SKU-034,2025-04-30,2025-05-18,2025-05-18,348,348.0
PO-00041,SKU-002,08-21-2024,2024-09-08,2024-09-11,384,384.0
PO-01546,SKU-052,10-01-2025,2025-10-19,2025-10-19,513,513.0
PO-01262,SKU-043,2024-10-16,2024-11-06,2024-11-09,391,391.0
PO-02393,SKU-081,2024-02-14,2024-02-28,2024-03-02,372,372.0
PO-00416,SKU-014,05-Nov-2025,2025-11-23,2025-11-23,380,380.0
PO-02876,SKU-096,2025-12-17,2025-12-31,,315,
PO-02542,SKU-085,2025-09-24,2025-10-15,2025-10-17,311,311.0
PO-01583,SKU-054,2024-02-07,2024-02-21,2024-02-21,320,320.0
PO-00030,SKU-001,2025-12-17,2026-01-04,,728,
PO-01818,SKU-061,2025-09-24,2025-10-12,2025-10-12,411,411.0
PO-00149,SKU-006,2024-01-10,2024-01-24,2024-01-24,462,462.0
PO-02172,SKU-073,2025-08-13,2025-08-31,2025-08-31,565,565.0
PO-00989,SKU-034,2024-02-07,2024-02-25,2024-03-12,476,476.0
PO-02271,SKU-077,2024-04-24,2024-05-08,2024-05-10,619,619.0
PO-02841,SKU-095,10/09/2025,2025-09-24,2025-09-24,526,526.0
PO-02483,SKU-083,2025-11-12,2025-12-03,2025-12-03,384,384.0
PO-01943,SKU-066,03-06-2024,2024-03-27,2024-03-27,338,317.0
PO-01939,SKU-065,2025-11-19,2025-12-10,2025-12-10,439,439.0
PO-00857,SKU-029,2025-04-30,2025-05-14,2025-05-14,459,459.0
PO-02813,SKU-094,2025-09-24,2025-10-08,2025-10-10,306,306.0
PO-00201,SKU-007,18-Jun-2025,2025-07-02,2025-07-02,364,364.0
PO-02454,SKU-082,2025-12-24,2026-01-11,,551,
PO-00983,SKU-033,2025-10-08,2025-10-29,2025-10-29,450,450.0
PO-00834,SKU-028,2025-10-08,2025-10-29,2025-10-29,498,498.0
PO-02144,SKU-072,2025-09-24,2025-10-15,2025-10-17,271,271.0
PO-00352,SKU-012,2025-06-18,2025-07-02,2025-07-02,376,376.0
PO-02933,SKU-098,2025-10-15,2025-11-02,2025-11-02,505,430.0
PO-00632,SKU-022,2024-02-07,2024-02-21,2024-02-21,352,352.0
PO-01720, SKU-058 ,29/01/2025,2025-02-16,2025-03-05,497,497.0
PO-02943,SKU-099,2024-06-26,2024-07-17,2024-07-31,511,511.0
PO-02301,SKU-078,2024-03-27,2024-04-17,2024-04-17,348,348.0
PO-01195,SKU-041,2024-03-27,2024-04-17,2024-04-19,287,287.0
PO-00568,SKU-019,2025-08-27,2025-09-14,2025-09-14,302,302.0
PO-00795,SKU-027,2025-02-05,2025-02-26,2025-02-26,437,437.0
PO-01066,SKU-036,14/05/2025,2025-05-28,2025-05-28,262,262.0
PO-02740,SKU-092,2024-10-02,2024-10-16,2024-10-17,433,433.0
PO-01823,SKU-062,31/01/2024,2024-02-21,2024-02-21,308,308.0
PO-00341,SKU-012,11-Sep-2024,2024-09-25,2024-09-27,599,599.0
PO-01909,SKU-064,2025-11-26,2025-12-10,2025-12-10,333,333.0
PO-00470,SKU-016,2025-03-05,2025-03-26,2025-03-27,320,320.0
PO-00151,SKU-006,2024-03-06,2024-03-20,2024-03-20,435,435.0
PO-01291,SKU-044,2024-09-04,2024-09-18,2024-09-20,564,564.0
PO-01470,SKU-050,2024-08-21,2024-09-04,2024-09-04,339,339.0
PO-02444,SKU-082,06-25-2025,2025-07-13,2025-07-13,420,420.0
PO-00174,SKU-006,27-Aug-2025,2025-09-10,2025-09-11,398,398.0
PO-01683,SKU-057,2024-08-07,2024-08-21,2024-08-21,367,367.0
PO-02626,SKU-088,29-Jan-2025,2025-02-12,2025-02-12,394,394.0
PO-02842,SKU-095,2025-10-01,2025-10-15,2025-10-17,463,463.0
PO-00193,SKU-007,2024-11-27,2024-12-11,2024-12-13,293,293.0
PO-00613,SKU-021,2024-09-11,2024-09-25,2024-09-27,299,299.0
PO-01657,SKU-056,2024-10-30,2024-11-17,2024-11-17,284,284.0
PO-00498,SKU-017,25-Dec-2024,2025-01-08,2025-01-11,357,357.0
PO-00706,SKU-024,2025-01-22,2025-02-09,2025-02-26,502,502.0
PO-02948,SKU-099,06-Nov-2024,2024-11-27,2024-11-27,356,356.0
PO-01807,SKU-061,2025-01-15,2025-02-02,2025-02-13,339,339.0
PO-02119,SKU-071,03/12/2025,2025-12-21,2025-12-22,409,409.0
PO-02768,SKU-093,2024-08-14,2024-09-04,2024-09-04,339,339.0
PO-02800,SKU-094,2024-10-23,2024-11-06,2024-11-08,363,363.0
PO-02073,SKU-070,2024-10-09,2024-10-23,2024-10-24,429,429.0
PO-02259,SKU-076,2025-06-04,2025-06-25,2025-07-02,344,344.0
PO-02620,SKU-088,2024-09-04,2024-09-18,2024-09-22,444,444.0
PO-00974,SKU-033,2025-02-19,2025-03-12,2025-03-13,413,413.0
PO-02002,SKU-068,2024-02-07,2024-02-28,2024-03-01,463,463.0
PO-01714, SKU-058 ,08-28-2024,2024-09-15,2024-09-20,531,531.0
PO-01678,SKU-057,2024-04-03,2024-04-17,2024-04-17,473,473.0
PO-02482,SKU-083,22-Oct-2025,2025-11-12,2025-11-12,318,318.0
PO-00016,SKU-001,2025-01-15,2025-02-02,2025-02-20,380,380.0
PO-01538,SKU-052,2025-03-19,2025-04-06,2025-04-14,413,374.0
PO-00827,SKU-028,12/03/2025,2025-04-02,2025-04-03,458,458.0
PO-00081,SKU-003,2025-06-11,2025-06-25,2025-06-25,515,515.0
PO-00754,SKU-026,2024-04-17,2024-05-01,2024-05-03,446,446.0
PO-02788,SKU-093,12-24-2025,2026-01-14,,336,
PO-01554,SKU-053,2024-05-08,2024-05-29,2024-06-13,507,507.0
PO-02939,SKU-099,2024-03-20,2024-04-10,2024-04-10,411,358.0
PO-01017,SKU-034,24/12/2025,2026-01-11,,588,
PO-01363,SKU-046,2025-05-21,2025-06-08,2025-06-10,540,497.0
PO-00457,SKU-016,2024-04-17,2024-05-08,2024-05-22,379,379.0
PO-02535,SKU-085,04-09-2025,2025-04-30,2025-05-17,343,343.0
PO-01399,SKU-047,2025-11-05,2025-11-19,2025-11-19,332,332.0
PO-00325,SKU-011,2025-09-03,2025-09-17,2025-09-17,321,272.0
PO-01738,SKU-059,05-15-2024,2024-06-05,2024-06-15,351,351.0
PO-01339,SKU-045,11-19-2025,2025-12-03,2025-12-03,489,489.0
PO-00364,SKU-013,2024-04-24,2024-05-15,2024-05-25,559,559.0
PO-00869,SKU-030,2024-02-21,2024-03-13,2024-03-14,427,427.0
PO-00382,SKU-013,23-Jul-2025,2025-08-13,2025-08-13,492,492.0
PO-02751,SKU-092,2025-07-16,2025-07-30,2025-07-30,500,500.0
PO-02829,SKU-095,2024-11-20,2024-12-04,2024-12-04,353,353.0
PO-00221,SKU-008,2024-10-30,2024-11-17,2024-11-17,559,559.0
PO-00092,SKU-004,2024-04-10,2024-04-28,2024-04-28,493,493.0
PO-02741,SKU-092,2024-10-30,2024-11-13,2024-11-14,489,489.0
PO-01796,SKU-061,2024-05-01,2024-05-19,2024-05-19,373,373.0
PO-02043,SKU-069,2024-10-23,2024-11-13,2024-11-14,412,412.0
PO-01592,SKU-054,2024-09-11,2024-09-25,2024-09-25,423,423.0
PO-02699,SKU-090,03-Dec-2025,2025-12-17,2025-12-18,508,508.0
PO-02081,SKU-070,2025-04-02,2025-04-16,2025-04-19,462,462.0
PO-02561,SKU-086,11-27-2024,2024-12-15,2024-12-18,432,432.0
PO-00663,SKU-023,2024-01-03,2024-01-24,2024-01-25,295,295.0
PO-02761,SKU-093,2024-02-14,2024-03-06,2024-03-06,391,391.0
PO-01768,SKU-060,2024-06-05,2024-06-23,2024-06-27,365,365.0
PO-02190,SKU-074,2024-10-23,2024-11-13,2024-11-13,402,402.0
PO-02008,SKU-068,07-10-2024,2024-07-31,2024-07-31,400,400.0
PO-00283,SKU-010,23/10/2024,2024-11-10,2024-11-11,419,419.0
PO-00486,SKU-017,2024-03-20,2024-04-03,2024-04-04,371,371.0
PO-02597,SKU-087,2025-05-07,2025-05-25,2025-05-27,433,433.0
PO-00597,SKU-020,2025-09-10,2025-09-28,2025-09-28,261,261.0
PO-02109,SKU-071,26/03/2025,2025-04-13,2025-04-24,291,291.0
PO-02100,SKU-071,14-Aug-2024,2024-09-01,2024-09-03,350,350.0
PO-02610,SKU-088,2024-01-17,2024-01-31,2024-02-02,518,518.0
PO-01676,SKU-057,2024-02-28,2024-03-13,2024-03-17,330,248.0
PO-01419,SKU-048,04-02-2025,2025-04-20,2025-04-20,260,260.0
PO-01403,SKU-048,07/02/2024,2024-02-25,2024-03-15,271,271.0
PO-01220,SKU-041,2025-12-24,2026-01-14,,574,
PO-00954,SKU-032,2025-11-05,2025-11-23,2025-11-23,306,306.0
PO-00877,SKU-030,08-28-2024,2024-09-18,2024-09-20,509,509.0
PO-02131,SKU-072,2024-11-06,2024-11-27,2024-11-27,348,348.0
PO-01019,SKU-035,2024-02-14,2024-03-03,2024-03-23,302,302.0
PO-00577,SKU-020,2024-04-17,2024-05-05,2024-05-05,271,271.0
PO-01609,SKU-054,2025-11-19,2025-12-03,2025-12-03,279,279.0
PO-00705,SKU-024,2024-12-25,2025-01-12,2025-01-12,509,509.0
PO-00579,SKU-020,2024-06-12,2024-06-30,2024-07-02,270,270.0
PO-02573,SKU-086,2025-10-01,2025-10-19,2025-10-19,408,408.0
PO-02019,SKU-068,2025-04-02,2025-04-23,2025-05-07,379,379.0
PO-00724,SKU-025,2024-05-01,2024-05-15,2024-05-15,311,311.0
PO-01853,SKU-063,01-17-2024,2024-01-31,2024-01-31,332,332.0
PO-02079,SKU-070,2025-02-19,2025-03-05,2025-03-09,329,329.0
PO-02256,SKU-076,2025-03-19,2025-04-09,2025-04-09,230,230.0
PO-02764,SKU-093,01/05/2024,2024-05-22,2024-05-28,508,508.0
PO-01712,SKU-058,2024-07-24,2024-08-11,2024-08-15,415,415.0
PO-02889,SKU-097,2024-11-06,2024-11-24,2024-11-24,371,371.0
PO-02285,SKU-077,12-Mar-2025,2025-03-26,2025-03-27,575,575.0
PO-00735,SKU-025,01-15-2025,2025-01-29,2025-01-29,405,405.0
PO-02238,SKU-075,2025-11-19,,2025-12-03,396,396.0
PO-00601,SKU-020,17/12/2025,2026-01-04,,358,
PO-02202,SKU-074,2025-08-06,2025-08-27,2025-08-31,296,296.0
PO-00088,SKU-003,2025-12-03,2025-12-17,2025-12-18,544,544.0
PO-00845,SKU-029,2024-07-10,2024-07-24,2024-07-25,484,484.0
PO-01699,SKU-057,2025-08-06,2025-08-20,2025-08-20,384,384.0
PO-02205,SKU-074,10-15-2025,2025-11-05,2025-11-07,318,318.0
PO-02028,SKU-068,2025-11-26,2025-12-17,2025-12-19,382,382.0
PO-01059,SKU-036,11-13-2024,2024-11-27,2024-11-30,324,324.0
PO-01668,SKU-056,02-Jul-2025,2025-07-20,2025-07-20,373,373.0
PO-02290,SKU-077,16/07/2025,2025-07-30,2025-08-03,599,461.0
PO-01267,SKU-043,2025-02-26,2025-03-19,2025-03-19,450,450.0
PO-02728,SKU-091,11-05-2025,2025-11-19,2025-11-19,301,261.0
PO-00347,SKU-012,19-Feb-2025,2025-03-05,2025-03-06,611,611.0
PO-01192,SKU-040,10/12/2025,2025-12-24,2025-12-24,423,423.0
PO-01901,SKU-064,2025-05-28,2025-06-11,2025-06-13,371,326.0
PO-01203,SKU-041,2024-11-06,2024-11-27,2024-11-28,257,257.0
PO-02476,SKU-083,11-Jun-2025,2025-07-02,2025-07-19,333,333.0
PO-01343,SKU-046,2024-01-24,2024-02-11,2024-02-23,400,400.0
PO-02524,SKU-085,2024-07-03,2024-07-24,2024-07-24,333,333.0
PO-01033,SKU-035,2025-02-05,2025-02-23,2025-03-02,313,313.0
PO-01525,SKU-052,2024-04-24,2024-05-12,2024-05-12,584,584.0
PO-01009,SKU-034,2025-06-11,2025-06-29,2025-06-29,432,432.0
PO-00817,SKU-028,2024-07-03,2024-07-24,2024-07-24,532,532.0
PO-00423,SKU-015,03/04/2024,2024-04-17,2024-04-17,645,645.0
PO-00138,SKU-005,2025-05-07,2025-05-21,2025-05-22,307,307.0
PO-02117,SKU-071,2025-10-15,2025-11-02,2025-11-03,352,352.0
PO-00912,SKU-031,2024-11-06,2024-11-20,2024-11-23,363,363.0
PO-00501,SKU-017,2025-03-12,2025-03-26,2025-03-28,406,406.0
PO-00906,SKU-031,19-Jun-2024,2024-07-03,2024-07-05,368,368.0
PO-02769,SKU-093,2024-09-04,2024-09-25,2024-09-25,362,268.0
PO-00157,SKU-006,07-24-2024,2024-08-07,2024-08-10,382,382.0
PO-01576,SKU-053,10-22-2025,2025-11-12,2025-11-13,472,341.0
PO-00084,SKU-003,27-Aug-2025,2025-09-10,2025-09-12,417,417.0
PO-00177,SKU-006,2025-10-29,2025-11-12,2025-11-12,370,370.0
PO-00765,SKU-026,2025-01-01,2025-01-15,2025-01-15,485,485.0
PO-01597,SKU-054,2025-01-08,2025-01-22,2025-01-22,325,325.0
PO-00345,SKU-012,12-25-2024,2025-01-08,2025-01-11,499,499.0
PO-00183,SKU-007,2024-03-20,2024-04-03,2024-04-03,419,419.0
PO-02236,SKU-075,01/10/2025,2025-10-15,2025-10-15,503,503.0
PO-02605,SKU-087,2025-10-22,2025-11-09,2025-11-10,432,432.0
PO-02912,SKU-098,22/05/2024,2024-06-09,2024-06-10,458,458.0
PO-00670,SKU-023,2024-07-03,2024-07-24,2024-07-24,273,273.0
PO-02479,SKU-083,2025-08-27,2025-09-17,2025-09-21,437,323.0
PO-02714,SKU-091,2024-12-11,2024-12-25,2024-12-25,388,286.0
PO-00556,SKU-019,06/11/2024,2024-11-24,2024-11-24,395,395.0
PO-01645,SKU-055,2025-12-24,2026-01-14,,930,
PO-01982,SKU-067,2024-10-02,2024-10-20,2024-10-20,312,312.0
PO-01644,SKU-055,12-17-2025,2026-01-07,,839,
PO-02394,SKU-081,2024-03-20,2024-04-03,2024-04-03,393,393.0
PO-00528,SKU-018,2025-01-01,2025-01-15,2025-01-15,430,430.0
PO-01184,SKU-040,2025-05-21,2025-06-04,2025-06-04,331,331.0
PO-00287,SKU-010,02-05-2025,2025-02-23,2025-03-10,553,553.0
PO-00288,SKU-010,2025-03-05,2025-03-23,2025-04-10,439,439.0
PO-00408,SKU-014,04-16-2025,2025-05-04,2025-05-04,392,392.0
PO-02151,SKU-073,2024-02-28,2024-03-17,2024-03-28,545,545.0
PO-02291,SKU-077,2025-08-06,2025-08-20,2025-08-20,407,407.0
PO-02634,SKU-088,2025-07-23,2025-08-06,2025-08-06,464,464.0
PO-00478,SKU-016,2025-09-24,2025-10-15,2025-10-15,384,384.0
PO-00061,SKU-003,2024-01-17,2024-01-31,2024-01-31,405,405.0
PO-00797,SKU-027,2025-03-19,2025-04-09,2025-04-09,560,560.0
PO-01212,SKU-041,2025-06-18,2025-07-09,2025-07-26,379,379.0
PO-01846,SKU-062,2025-08-20,2025-09-10,2025-09-13,255,255.0
PO-00353,SKU-012,2025-07-09,2025-07-23,2025-07-23,426,426.0
PO-01809,SKU-061,2025-03-05,2025-03-23,2025-04-04,373,373.0
PO-02546,SKU-085,12-17-2025,2026-01-07,,410,
PO-01593,SKU-054,09/10/2024,2024-10-23,2024-10-23,342,342.0
PO-02182,SKU-074,04-17-2024,2024-05-08,2024-05-29,328,328.0
PO-01697,SKU-057,2025-06-18,2025-07-02,2025-07-05,379,379.0
PO-02590,SKU-087,2024-11-06,2024-11-24,2024-11-24,485,485.0
PO-02649,SKU-089,2024-07-17,2024-07-31,2024-07-31,472,472.0
PO-02684,SKU-090,2024-12-11,2024-12-25,2024-12-26,482,482.0
PO-02780,SKU-093,2025-06-04,2025-06-25,2025-07-04,335,335.0
PO-00198,SKU-007,2025-04-09,2025-04-23,2025-04-23,266,266.0
PO-02516,SKU-084,2025-12-17,2026-01-04,,691,
PO-00961,SKU-033,10-Apr-2024,2024-05-01,2024-05-17,457,457.0
PO-00381,SKU-013,02-Jul-2025,2025-07-23,2025-07-24,501,501.0
PO-01116,SKU-038,10-02-2024,2024-10-20,2024-10-20,477,477.0
PO-02776,SKU-093,2025-02-19,2025-03-12,2025-03-14,445,445.0
PO-00878,SKU-030,09-25-2024,2024-10-16,2024-10-16,415,415.0
PO-02007,SKU-068,06-12-2024,2024-07-03,2024-07-12,452,452.0
PO-00703,SKU-024,2024-11-06,2024-11-24,2024-11-25,558,558.0
PO-02404,SKU-081,2024-10-30,2024-11-13,2024-11-13,222,222.0
PO-02225,SKU-075,2025-01-15,2025-01-29,2025-01-30,483,483.0
PO-02859,SKU-096,2024-11-13,2024-11-27,2024-11-27,336,336.0
PO-00980,SKU-033,2025-07-30,2025-08-20,2025-08-23,557,557.0
PO-00036,SKU-002,04-24-2024,2024-05-12,2024-05-12,522,522.0
PO-01421,SKU-048,05-21-2025,2025-06-08,2025-06-11,354,354.0
PO-01029,SKU-035,2024-10-30,2024-11-17,2024-11-17,457,457.0
PO-01381,SKU-047,2024-08-21,2024-09-04,2024-09-04,279,279.0
PO-02053,SKU-069,2025-06-25,2025-07-16,2025-07-24,418,418.0
PO-00329,SKU-011,03/12/2025,2025-12-17,2025-12-17,328,328.0
PO-00887,SKU-030,2025-04-23,2025-05-14,2025-05-25,412,412.0
PO-02289,SKU-077,2025-06-18,2025-07-02,2025-07-02,645,645.0
PO-00571,SKU-019,2025-11-05,2025-11-23,2025-11-24,331,331.0
PO-02135,SKU-072,2025-02-05,2025-02-26,2025-03-01,296,296.0
PO-00763,SKU-026,2024-11-13,2024-11-27,2024-11-29,593,593.0
PO-02586,SKU-087,2024-07-24,2024-08-11,2024-08-11,558,558.0
PO-01828,SKU-062,2024-05-29,2024-06-19,2024-06-26,350,350.0
PO-01410,SKU-048,2024-08-14,2024-09-01,2024-09-01,315,315.0
PO-01708,SKU-058,2024-04-17,2024-05-05,2024-05-08,542,542.0
PO-01692,SKU-057,2025-02-26,2025-03-12,2025-03-12,357,357.0
PO-01244,SKU-042,2025-08-13,2025-08-27,2025-08-29,374,374.0
PO-01099,SKU-037,18-Jun-2025,2025-07-02,2025-07-02,325,325.0
PO-01988,SKU-067,2025-03-12,2025-03-30,2025-04-09,257,257.0
PO-00634,SKU-022,27-Mar-2024,2024-04-10,2024-04-10,391,391.0
PO-00768,SKU-026,03-26-2025,2025-04-09,2025-04-09,522,522.0
PO-00135,SKU-005,2025-02-19,2025-03-05,2025-03-06,367,367.0
PO-02155,SKU-073,06-12-2024,2024-06-30,2024-07-04,546,546.0
PO-00527,SKU-018,2024-12-04,2024-12-18,2024-12-18,542,542.0
PO-00836,SKU-028,2025-11-26,2025-12-17,2025-12-17,424,424.0
PO-00606,SKU-021,03-27-2024,2024-04-10,2024-04-10,300,300.0
PO-00377,SKU-013,12-Mar-2025,2025-04-02,2025-04-03,454,454.0
PO-01207,SKU-041,05-Feb-2025,2025-02-26,2025-02-27,243,243.0
PO-00554,SKU-019,2024-09-11,2024-09-29,2024-09-29,448,448.0
PO-01404,SKU-048,2024-03-06,2024-03-24,2024-04-07,401,401.0
PO-00211,SKU-008,2024-02-14,2024-03-03,2024-03-18,572,572.0
PO-02012,SKU-068,2024-10-09,2024-10-30,2024-10-30,425,425.0
PO-00156,SKU-006,2024-07-03,2024-07-17,2024-07-20,410,410.0
PO-01638,SKU-055,2025-09-03,2025-09-24,2025-09-24,450,450.0
PO-02336,SKU-079,07-17-2024,2024-07-31,2024-07-31,432,432.0
PO-01152,SKU-039,2025-04-09,2025-04-27,2025-04-27,474,474.0
PO-00383,SKU-013,2025-08-20,2025-09-10,2025-09-12,534,534.0
PO-02770,SKU-093,2024-09-25,2024-10-16,2024-10-16,478,478.0
PO-02871,SKU-096,2025-08-27,2025-09-10,2025-09-14,442,442.0
PO-02181,SKU-074,03-27-2024,2024-04-17,2024-04-19,232,232.0
PO-00141,SKU-005,2025-07-16,2025-07-30,2025-07-30,391,391.0
PO-01623,SKU-055,2024-09-11,2024-10-02,2024-10-05,542,542.0
PO-02425,SKU-082,2024-02-21,2024-03-10,2024-03-27,345,345.0
PO-02317,SKU-078,2025-05-14,2025-06-04,2025-06-13,295,295.0
PO-01986,SKU-067,2025-01-15,2025-02-02,2025-02-21,309,309.0
PO-02888,SKU-097,2024-10-16,2024-11-03,2024-11-05,502,401.0
PO-00103,SKU-004,2025-01-08,2025-01-26,2025-02-07,547,547.0
PO-00643,SKU-022,2024-10-16,2024-10-30,2024-10-30,416,416.0
PO-00782,SKU-027,2024-03-13,2024-04-03,2024-04-03,548,548.0
PO-02274,SKU-077,2024-07-17,2024-07-31,2024-08-02,451,451.0
PO-02403,SKU-081,2024-10-09,2024-10-23,2024-10-23,355,355.0
PO-00042,SKU-002,2024-09-18,2024-10-06,2024-10-06,513,513.0
PO-00948,SKU-032,2025-06-11,2025-06-29,2025-06-29,316,316.0
PO-00317,SKU-011,2025-03-05,2025-03-19,2025-03-19,364,364.0
PO-00369,SKU-013,2024-08-28,2024-09-18,2024-09-20,442,442.0
PO-01518,SKU-051,2025-11-19,2025-12-10,2025-12-11,591,591.0
PO-01634,SKU-055,2025-05-21,2025-06-11,2025-07-01,452,452.0
PO-02051,SKU-069,2025-04-30,2025-05-21,2025-06-01,448,448.0
PO-01655,SKU-056,2024-09-11,2024-09-29,2024-09-29,409,409.0
PO-02532,SKU-085,2025-01-15,2025-02-05,2025-02-06,329,329.0
PO-00692,SKU-024,2024-02-14,2024-03-03,2024-03-22,419,419.0
PO-01964,SKU-066,2025-08-06,2025-08-27,2025-08-27,308,308.0
PO-00361,SKU-013,2024-02-07,2024-02-28,2024-02-29,615,615.0
PO-02785,SKU-093,2025-10-08,2025-10-29,2025-10-29,431,431.0
PO-00600,SKU-020,2025-11-26,2025-12-14,2025-12-16,251,251.0
PO-02918,SKU-098,2024-10-16,2024-11-03,2024-11-08,492,492.0
PO-02165,SKU-073,02-05-2025,2025-02-23,2025-03-07,437,437.0
PO-02878,SKU-097,2024-01-31,2024-02-18,2024-03-07,346,346.0
PO-02984,SKU-100,2025-03-26,2025-04-09,2025-04-11,497,497.0
PO-01847,SKU-062,2025-09-10,2025-10-01,2025-10-04,278,278.0
PO-02779,SKU-093,2025-05-14,2025-06-04,2025-06-13,461,461.0
PO-02228,SKU-075,2025-03-19,2025-04-02,2025-04-02,449,449.0
PO-00032,SKU-002,2024-01-24,2024-02-11,2024-02-25,473,473.0
PO-01775,SKU-060,2024-12-11,2024-12-29,2024-12-29,277,277.0
PO-00422,SKU-015,2024-03-06,2024-03-20,2024-03-21,545,545.0
PO-00645,SKU-022,2024-12-04,2024-12-18,2024-12-18,411,374.0
PO-02186,SKU-074,2024-07-17,2024-08-07,2024-08-07,351,351.0
PO-01471,SKU-050,2024-09-18,2024-10-02,2024-10-02,432,432.0
PO-00828,SKU-028,2025-04-09,2025-04-30,2025-05-21,573,573.0
PO-01394,SKU-047,2025-07-02,2025-07-16,2025-07-16,303,303.0
PO-01580,SKU-053,2025-12-17,2026-01-07,,813,
PO-02884,SKU-097,2024-06-26,2024-07-14,2024-07-15,477,477.0
PO-00760,SKU-026,08-21-2024,2024-09-04,2024-09-05,523,523.0
PO-00569,SKU-019,17/09/2025,2025-10-05,2025-10-07,339,339.0
PO-01389,SKU-047,2025-02-26,2025-03-12,2025-03-14,274,274.0
PO-01918,SKU-065,2024-05-29,2024-06-19,2024-06-29,382,382.0
PO-01390,SKU-047,2025-03-26,2025-04-09,2025-04-09,341,341.0
PO-01248,SKU-042,11-12-2025,2025-11-26,2025-11-26,344,344.0
PO-01728,SKU-058,03-Sep-2025,2025-09-21,2025-09-22,345,345.0
PO-00700,SKU-024,04/09/2024,2024-09-22,2024-09-23,451,451.0
PO-00707,SKU-024,2025-02-12,2025-03-02,2025-03-13,433,433.0
PO-00993,SKU-034,2024-05-29,2024-06-16,2024-06-16,419,419.0
PO-02928,SKU-098,2025-06-18,2025-07-06,2025-07-08,514,514.0
PO-02281,SKU-077,11/12/2024,2024-12-25,2024-12-26,425,425.0
PO-01548,SKU-052,2025-11-12,2025-11-30,2025-11-30,456,456.0
PO-00038,SKU-002,2024-06-12,2024-06-30,2024-07-01,535,535.0
PO-00850,SKU-029,2024-11-13,2024-11-27,2024-11-27,491,491.0
PO-02654,SKU-089,2024-11-13,2024-11-27,2024-11-27,390,390.0
PO-00196,SKU-007,19-Feb-2025,2025-03-05,2025-03-07,301,301.0
PO-01160,SKU-039,2025-10-29,2025-11-16,2025-11-19,394,394.0
PO-02707,SKU-091,2024-07-03,2024-07-17,2024-07-17,355,355.0
PO-02108,SKU-071,2025-03-05,2025-03-23,2025-03-31,357,357.0
PO-02072,SKU-070,2024-09-18,2024-10-02,2024-10-03,289,289.0
PO-02873,SKU-096,2025-10-15,2025-10-29,2025-10-30,254,213.0
PO-00169,SKU-006,2025-04-30,2025-05-14,2025-05-19,315,315.0
PO-01507,SKU-051,2025-02-05,2025-02-26,2025-02-27,429,429.0
PO-00192,SKU-007,2024-10-30,2024-11-13,2024-11-13,398,398.0
PO-00674,SKU-023,10-16-2024,2024-11-06,2024-11-06,345,345.0
PO-02689,SKU-090,2025-04-02,2025-04-16,2025-04-16,421,421.0
PO-01484,SKU-050,2025-08-20,2025-09-03,2025-09-03,328,328.0
PO-01664,SKU-056,2025-04-09,2025-04-27,2025-04-30,287,287.0
PO-02953,SKU-099,2025-02-26,2025-03-19,2025-03-19,375,375.0
PO-01826,SKU-062,2024-04-03,2024-04-24,2024-05-13,306,306.0
PO-00022,SKU-001,2025-06-18,2025-07-06,2025-07-07,-417,417.0
PO-01113,SKU-038,2024-07-17,2024-08-04,2024-08-05,621,621.0
PO-01887,SKU-064,2024-05-29,2024-06-12,2024-06-14,341,341.0
PO-00013,SKU-001,2024-11-13,2024-12-01,2024-12-04,437,437.0
PO-01319,SKU-045,2024-07-10,,2024-07-24,453,453.0
PO-02641,SKU-088,2025-12-24,2026-01-07,,725,
PO-02416,SKU-081,2025-08-27,2025-09-10,2025-09-11,309,309.0
PO-02277,SKU-077,2024-09-18,2024-10-02,2024-10-02,418,418.0
PO-00950,SKU-032,2025-07-30,2025-08-17,2025-08-17,352,352.0
PO-00892,SKU-030,27/08/2025,2025-09-17,2025-09-17,515,515.0
PO-00019,SKU-001,16-Apr-2025,2025-05-04,2025-05-05,366,366.0
PO-00458,SKU-016,15-May-2024,2024-06-05,2024-06-24,280,280.0
PO-00776,SKU-026,2025-10-01,2025-10-15,2025-10-18,561,561.0
PO-02052,SKU-069,2025-05-28,2025-06-18,2025-07-02,378,378.0
PO-00755,SKU-026,2024-05-08,2024-05-22,2024-05-28,543,543.0
PO-01502,SKU-051,2024-10-16,2024-11-06,2024-11-06,556,556.0
PO-00195,SKU-007,2025-01-22,2025-02-05,2025-02-05,395,395.0
PO-02284,SKU-077,2025-02-19,2025-03-05,2025-03-05,535,409.0
PO-02481,SKU-083,01/10/2025,2025-10-22,2025-10-22,468,468.0
PO-02227,SKU-075,2025-02-26,2025-03-12,2025-03-12,420,420.0
PO-01925,SKU-065,04/12/2024,2024-12-25,2024-12-30,518,518.0
PO-02679,SKU-090,14-Aug-2024,2024-08-28,2024-08-28,438,438.0
PO-00783,SKU-027,2024-04-10,2024-05-01,2024-05-20,566,566.0
PO-02361,SKU-080,01-31-2024,2024-02-21,2024-02-21,343,343.0
PO-01373,SKU-047,2024-02-07,2024-02-21,2024-02-21,276,276.0
PO-00542,SKU-018,2025-11-26,2025-12-10,2025-12-14,437,437.0
PO-02170,SKU-073,2025-06-11,2025-06-29,2025-07-01,445,445.0
PO-00447,SKU-015,2025-10-08,2025-10-22,2025-10-25,481,481.0
PO-01596,SKU-054,2024-12-18,2025-01-01,2025-01-02,326,326.0
PO-01340,SKU-045,2025-12-10,2025-12-24,,447,
PO-00343,SKU-012,06/11/2024,2024-11-20,2024-11-21,536,536.0
PO-02866,SKU-096,30-Apr-2025,2025-05-14,2025-05-18,293,293.0
PO-00112,SKU-004,06-Aug-2025,2025-08-24,2025-08-24,535,535.0
PO-00616,SKU-021,13/11/2024,2024-11-27,2024-11-27,233,233.0
PO-01025,SKU-035,07-10-2024,2024-07-28,2024-07-28,441,441.0
PO-00656,SKU-022,08-20-2025,2025-09-03,2025-09-03,337,337.0
PO-00772,SKU-026,2025-06-18,2025-07-02,2025-07-02,499,499.0
PO-00608,SKU-021,2024-05-08,2024-05-22,2024-05-22,208,208.0
PO-00161,SKU-006,2024-10-30,2024-11-13,2024-11-16,413,413.0
PO-01014,SKU-034,2025-10-15,2025-11-02,2025-11-02,401,401.0
PO-02436,SKU-082,11-27-2024,2024-12-15,2024-12-16,420,420.0
PO-00615,SKU-021,2024-10-23,2024-11-06,2024-11-09,322,322.0
PO-00205,SKU-007,2025-09-24,2025-10-08,2025-10-09,259,259.0
PO-02061,SKU-069,24/12/2025,2026-01-14,,412,
PO-00825,SKU-028,2025-01-29,2025-02-19,2025-02-19,335,335.0
PO-01488,SKU-050,03/12/2025,2025-12-17,2025-12-20,394,394.0
PO-00411,SKU-014,2025-06-25,2025-07-13,2025-07-13,325,325.0
PO-00793,SKU-027,2024-12-11,2025-01-01,2025-01-01,464,464.0
PO-00407,SKU-014,2025-03-05,2025-03-23,2025-04-02,435,435.0
PO-01810,SKU-061,2025-03-26,2025-04-13,2025-04-25,352,352.0
PO-02932,SKU-098,2025-09-17,2025-10-05,2025-10-07,539,539.0
PO-00133,SKU-005,01-Jan-2025,2025-01-15,2025-01-15,403,403.0
PO-02787,SKU-093,2025-11-26,2025-12-17,2025-12-19,541,541.0
PO-00866,SKU-029,2025-12-24,2026-01-07,,556,
PO-01748,SKU-059,01-22-2025,2025-02-12,2025-02-13,352,352.0
PO-02251,SKU-076,2024-11-06,2024-11-27,2024-11-30,311,311.0
PO-01732,SKU-058,2025-12-03,2025-12-21,2025-12-21,391,391.0
PO-00609,SKU-021,2024-05-29,2024-06-12,2024-06-15,352,352.0
PO-02638,SKU-088,2025-10-22,2025-11-05,2025-11-05,553,553.0
PO-01516,SKU-051,2025-10-01,2025-10-22,2025-10-23,571,571.0
PO-00402,SKU-014,2024-10-30,2024-11-17,2024-11-17,456,456.0
PO-00742,SKU-025,09/07/2025,2025-07-23,2025-07-27,335,335.0
PO-01499,SKU-051,2024-08-14,2024-09-04,2024-09-06,545,446.0
PO-00396,SKU-014,2024-05-29,2024-06-16,2024-06-16,355,355.0
PO-02821,SKU-095,2024-05-08,2024-05-22,2024-05-22,581,581.0
PO-01717,SKU-058,11-06-2024,2024-11-24,2024-11-24,485,485.0
PO-01626,SKU-055,2024-11-13,2024-12-04,2024-12-05,456,336.0
PO-02472,SKU-083,12/03/2025,2025-04-02,2025-04-02,449,409.0
PO-00654,SKU-022,2025-07-09,2025-07-23,2025-07-23,413,413.0
PO-00937,SKU-032,2024-09-11,2024-09-29,2024-09-29,352,352.0
PO-00107,SKU-004,2025-04-09,2025-04-27,2025-04-28,487,487.0
PO-01840,SKU-062,2025-03-26,2025-04-16,2025-04-18,251,251.0
PO-01849,SKU-062,2025-10-29,2025-11-19,2025-11-21,252,252.0
PO-01741,SKU-059,2024-08-14,2024-09-04,2024-09-04,386,386.0
PO-00749,SKU-025,2025-12-17,2025-12-31,,430,
PO-01000,SKU-034,2024-11-06,2024-11-24,2024-11-28,382,382.0
PO-02365,SKU-080,2024-05-08,2024-05-29,2024-06-21,453,453.0
PO-02941,SKU-099,2024-05-01,2024-05-22,2024-05-30,431,431.0
PO-02895,SKU-097,2025-03-26,2025-04-13,2025-05-04,343,343.0
PO-01710,SKU-058,2024-06-12,2024-06-30,2024-06-30,506,506.0
PO-02945,SKU-099,21-Aug-2024,2024-09-11,2024-09-11,468,468.0
PO-01498,SKU-051,2024-07-24,2024-08-14,2024-08-15,398,346.0
PO-01168,SKU-040,2024-04-24,2024-05-08,2024-05-08,353,353.0
PO-01418,SKU-048,2025-03-12,2025-03-30,2025-04-10,407,407.0
PO-01936,SKU-065,17/09/2025,2025-10-08,2025-10-10,360,360.0
PO-01806,SKU-061,2024-12-25,2025-01-12,2025-01-15,380,380.0
PO-01999,SKU-067,2025-11-12,2025-11-30,2025-12-03,302,302.0
PO-01292,SKU-044,2024-10-02,2024-10-16,2024-10-16,355,355.0
PO-00056,SKU-002,2025-09-10,2025-09-28,2025-09-28,474,474.0
PO-02438,SKU-082,2025-01-22,2025-02-09,2025-02-27,451,451.0
PO-01876,SKU-063,09-17-2025,2025-10-01,2025-10-01,466,466.0
PO-01332,SKU-045,11/06/2025,2025-06-25,2025-06-25,385,385.0
PO-00607,SKU-021,2024-04-17,2024-05-01,2024-05-03,268,268.0
PO-00594,SKU-020,2025-06-25,2025-07-13,2025-07-13,331,331.0
PO-02233,SKU-075,2025-07-23,2025-08-06,2025-08-08,523,523.0
PO-01620,SKU-055,03/07/2024,2024-07-24,2024-07-24,553,553.0
PO-02318,SKU-078,2025-06-04,2025-06-25,2025-07-10,312,312.0
PO-00586,SKU-020,12-11-2024,2024-12-29,2024-12-31,230,230.0
PO-02369,SKU-080,08-21-2024,2024-09-11,2024-09-11,508,508.0
PO-01515,SKU-051,2025-09-10,2025-10-01,2025-10-02,384,384.0
PO-00012,SKU-001,2024-10-16,2024-11-03,2024-11-03,467,467.0
PO-00337,SKU-012,2024-06-05,2024-06-19,2024-06-21,554,554.0
PO-00805,SKU-027,05-Nov-2025,2025-11-26,2025-12-01,389,389.0
PO-02861,SKU-096,2024-12-25,2025-01-08,2025-01-09,293,239.0
PO-02158,SKU-073,09-04-2024,2024-09-22,2024-09-22,364,364.0
PO-00642,SKU-022,10-02-2024,2024-10-16,2024-10-18,356,356.0
PO-02865,SKU-096,04-02-2025,2025-04-16,2025-04-16,357,357.0
PO-00664,SKU-023,31-Jan-2024,2024-02-21,2024-02-21,310,310.0
PO-02095,SKU-071,2024-04-10,2024-04-28,2024-04-28,456,456.0
PO-01561,SKU-053,2024-11-13,2024-12-04,2024-12-06,418,418.0
PO-00973,SKU-033,2025-01-22,2025-02-12,2025-02-13,499,499.0
PO-02325,SKU-078,2025-11-19,2025-12-10,2025-12-10,379,379.0
PO-02702,SKU-091,2024-02-28,2024-03-13,2024-03-15,268,268.0
PO-02487,SKU-083,24-Dec-2025,2026-01-14,,736,
PO-00810,SKU-028,2024-01-31,2024-02-21,2024-02-22,379,379.0
PO-00537,SKU-018,2025-07-30,2025-08-13,2025-08-15,439,439.0
PO-01599,SKU-054,2025-03-05,2025-03-19,2025-03-20,260,260.0
PO-02069,SKU-070,2024-07-03,2024-07-17,2024-07-19,434,434.0
PO-02463,SKU-083,2024-08-14,2024-09-04,2024-09-04,279,279.0
PO-02261,SKU-076,2025-07-30,2025-08-20,2025-08-20,229,229.0
PO-02782,SKU-093,07-16-2025,2025-08-06,2025-08-06,482,482.0
PO-01331,SKU-045,2025-05-21,2025-06-04,2025-06-05,452,452.0
PO-00964,SKU-033,06-26-2024,2024-07-17,2024-08-03,530,530.0
PO-00976,SKU-033,2025-04-02,2025-04-23,2025-05-10,460,460.0
PO-02930,SKU-098,2025-08-06,2025-08-24,2025-08-24,309,309.0
PO-02433,SKU-082,2024-09-18,2024-10-06,2024-10-06,376,376.0
PO-02249,SKU-076,2024-09-11,2024-10-02,2024-10-02,287,287.0
PO-01138,SKU-039,2024-04-17,2024-05-05,2024-05-06,505,505.0
PO-01852,SKU-062,2025-12-24,2026-01-14,,354,
PO-01233,SKU-042,2024-11-27,2024-12-11,2024-12-13,390,390.0
PO-00736,SKU-025,2025-02-05,2025-02-19,2025-02-19,390,390.0
PO-00445,SKU-015,2025-08-27,2025-09-10,2025-09-13,361,361.0
PO-00305,SKU-011,2024-05-22,2024-06-05,2024-06-05,467,467.0
PO-01743,SKU-059,25-Sep-2024,2024-10-16,2024-10-16,280,280.0
PO-01242,SKU-042,2025-06-25,2025-07-09,2025-07-10,393,318.0
PO-02070,SKU-070,2024-07-31,2024-08-14,2024-08-14,357,357.0
PO-00688,SKU-023,2025-10-08,2025-10-29,2025-10-29,300,300.0
PO-01460,SKU-049,17/12/2025,2026-01-04,,418,
PO-00111,SKU-004,2025-07-16,2025-08-03,2025-08-04,425,425.0
PO-02488,SKU-084,2024-01-24,2024-02-11,2024-03-03,407,407.0
PO-00060,SKU-002,12-24-2025,2026-01-11,,494,
PO-00618,SKU-021,2025-01-01,2025-01-15,2025-01-16,353,353.0
PO-02223,SKU-075,2024-11-27,2024-12-11,2024-12-16,364,338.0
PO-00890,SKU-030,2025-07-09,2025-07-30,2025-07-30,520,520.0
PO-01297,SKU-044,01-29-2025,2025-02-12,2025-02-16,434,434.0
PO-02115,SKU-071,2025-08-27,2025-09-14,2025-09-16,399,399.0
PO-00379,SKU-013,07/05/2025,2025-05-28,2025-06-18,562,562.0
PO-00223,SKU-008,2024-12-18,2025-01-05,2025-01-05,487,487.0
PO-00814,SKU-028,2024-05-01,2024-05-22,2024-05-31,326,326.0
PO-02846,SKU-095,2025-12-17,2025-12-31,,604,
PO-02774,SKU-093,2025-01-08,2025-01-29,2025-01-29,405,405.0
PO-00757,SKU-026,19-Jun-2024,2024-07-03,2024-07-04,401,401.0
PO-01842,SKU-062,07/05/2025,2025-05-28,2025-06-06,252,252.0
PO-00483,SKU-016,2025-12-24,2026-01-14,,611,
PO-01178,SKU-040,2024-12-25,2025-01-08,2025-01-11,444,444.0
PO-02732,SKU-092,2024-02-14,2024-02-28,2024-02-28,455,455.0
PO-00800,SKU-027,2025-06-11,2025-07-02,2025-07-22,624,624.0
PO-02696,SKU-090,01/10/2025,2025-10-15,2025-10-15,467,467.0
PO-00852,SKU-029,2025-01-01,2025-01-15,2025-01-15,553,553.0
PO-01344,SKU-046,14-Feb-2024,2024-03-03,2024-03-19,499,499.0
PO-01223,SKU-042,20/03/2024,2024-04-03,2024-04-03,472,472.0
PO-00251,SKU-009,2024-09-25,2024-10-09,2024-10-09,-353,353.0
PO-01071,SKU-036,03/09/2025,2025-09-17,2025-09-17,324,324.0
PO-01491,SKU-051,2024-02-07,2024-02-28,2024-03-02,532,532.0
PO-02537,SKU-085,28-May-2025,2025-06-18,2025-07-01,326,326.0
PO-00267,SKU-009,2025-10-22,2025-11-05,2025-11-05,295,276.0
PO-02465,SKU-083,2024-09-25,2024-10-16,2024-10-17,323,323.0
PO-02275,SKU-077,2024-08-07,2024-08-21,2024-08-21,426,426.0
PO-01065,SKU-036,2025-04-23,2025-05-07,2025-05-08,291,291.0
PO-02838,SKU-095,25-Jun-2025,2025-07-09,2025-07-13,649,649.0
PO-01100,SKU-037,16-Jul-2025,2025-07-30,2025-08-02,343,343.0
PO-02014,SKU-068,2024-11-27,2024-12-18,2024-12-20,529,529.0
PO-00493,SKU-017,2024-09-04,2024-09-18,2024-09-18,416,416.0
PO-00511,SKU-017,2025-11-19,2025-12-03,2025-12-04,554,554.0
PO-02478,SKU-083,30-Jul-2025,2025-08-20,2025-08-20,359,359.0
PO-01780,SKU-060,2025-04-16,2025-05-04,2025-05-06,242,242.0
PO-01899,SKU-064,2025-04-02,2025-04-16,2025-04-16,423,423.0
PO-01682,SKU-057,17-Jul-2024,2024-07-31,2024-08-01,300,259.0
PO-01200,SKU-041,08-21-2024,2024-09-11,2024-09-14,311,311.0
PO-02084,SKU-070,2025-06-25,2025-07-09,2025-07-11,445,445.0
PO-02547,SKU-085,2025-12-24,2026-01-14,,613,
PO-01931,SKU-065,2025-05-21,2025-06-11,2025-06-30,497,497.0
PO-01977,SKU-067,19-Jun-2024,2024-07-07,2024-07-07,300,300.0
PO-02497,SKU-084,18-Sep-2024,2024-10-06,2024-10-09,401,401.0
PO-01285,SKU-044,2024-05-01,2024-05-15,2024-05-15,409,409.0
PO-02763,SKU-093,2024-04-03,2024-04-24,2024-05-09,524,524.0
PO-01455,SKU-049,2025-09-10,2025-09-28,2025-09-29,531,531.0
PO-01190,SKU-040,2025-10-15,2025-10-29,2025-10-29,440,440.0
PO-00837,SKU-028,2025-12-24,2026-01-14,,522,
PO-02756,SKU-092,12/11/2025,2025-11-26,2025-11-26,297,219.0
PO-00298,SKU-010,11-26-2025,2025-12-14,2025-12-17,583,529.0
PO-00175,SKU-006,2025-09-17,2025-10-01,2025-10-01,321,321.0
PO-02850,SKU-096,06/03/2024,2024-03-20,2024-03-20,416,416.0
PO-02086,SKU-070,2025-08-13,2025-08-27,2025-08-31,435,435.0
PO-01486,SKU-050,2025-10-08,2025-10-22,2025-10-22,415,415.0
PO-01172,SKU-040,07-Aug-2024,2024-08-21,2024-08-22,376,376.0
PO-01786,SKU-060,2025-09-10,2025-09-28,2025-09-28,322,322.0
PO-02543,SKU-085,22/10/2025,2025-11-12,2025-11-14,432,432.0
PO-00719,SKU-024,2025-12-03,2025-12-21,2025-12-21,561,561.0
PO-00421,SKU-015,2024-02-07,2024-02-21,2024-02-21,621,621.0
PO-02771,SKU-093,10-23-2024,2024-11-13,2024-11-14,432,432.0
PO-01586,SKU-054,01/05/2024,2024-05-15,2024-05-15,260,260.0
PO-01715,SKU-058,2024-09-25,2024-10-13,2024-10-14,365,365.0
PO-00934,SKU-032,2024-06-19,2024-07-07,2024-07-08,368,368.0
PO-02563,SKU-086,2025-01-15,2025-02-02,2025-02-14,312,312.0
PO-00435,SKU-015,29-Jan-2025,2025-02-12,2025-02-12,482,482.0
PO-02178,SKU-074,2024-01-17,2024-02-07,2024-02-08,274,193.0
PO-02418,SKU-081,2025-10-08,2025-10-22,2025-10-23,339,339.0
PO-00544,SKU-018,2025-12-24,2026-01-07,,622,
PO-00384,SKU-013,17/09/2025,2025-10-08,2025-10-08,443,443.0
PO-02975,SKU-100,2024-08-21,2024-09-04,2024-09-04,446,446.0
PO-00291,SKU-010,2025-05-14,2025-06-01,2025-06-02,539,539.0
PO-02781,SKU-093,2025-06-25,2025-07-16,2025-08-02,342,342.0
PO-01788,SKU-060,2025-11-05,2025-11-23,2025-11-23,266,266.0
PO-01984,SKU-067,2024-11-27,2024-12-15,2024-12-18,388,388.0
PO-01433,SKU-049,2024-03-20,2024-04-07,2024-04-26,496,496.0
PO-02546,SKU-085,17/12/2025,2026-01-07,,410,
PO-01119,SKU-038,11-Dec-2024,2024-12-29,2024-12-29,513,513.0
PO-02340,SKU-079,2024-10-16,2024-10-30,2024-10-30,412,412.0
PO-02917,SKU-098,2024-09-18,2024-10-06,2024-10-08,421,421.0
PO-01496,SKU-051,2024-06-05,2024-06-26,2024-07-11,-508,508.0
PO-02033,SKU-069,2024-02-21,2024-03-13,2024-03-15,339,339.0
PO-01528,SKU-052,2024-07-10,2024-07-28,2024-07-28,574,574.0
PO-00907,SKU-031,2024-07-17,2024-07-31,2024-07-31,346,346.0
PO-02627,SKU-088,2025-02-19,2025-03-05,2025-03-05,592,592.0
PO-01836,SKU-062,2024-12-18,2025-01-08,2025-01-12,322,322.0
PO-00374,SKU-013,01-Jan-2025,2025-01-22,2025-01-23,398,398.0
PO-02767,SKU-093,24/07/2024,2024-08-14,2024-08-17,297,297.0
PO-02397,SKU-081,29-May-2024,2024-06-12,2024-06-12,277,277.0
PO-01718,SKU-058,2024-12-04,2024-12-22,2024-12-23,561,561.0
PO-01084,SKU-037,06-26-2024,2024-07-10,2024-07-10,319,319.0
PO-01391,SKU-047,2025-04-16,2025-04-30,2025-05-01,277,277.0
PO-02385,SKU-080,13-Aug-2025,2025-09-03,2025-09-03,454,454.0
PO-01214,SKU-041,2025-08-20,2025-09-10,2025-09-12,416,416.0
PO-00543,SKU-018,2025-12-17,2025-12-31,,423,
PO-00031,SKU-001,2025-12-24,2026-01-11,,813,
PO-01061,SKU-036,2025-01-08,2025-01-22,2025-01-26,362,362.0
PO-00918,SKU-031,2025-04-09,2025-04-23,2025-04-24,289,289.0
PO-01832,SKU-062,11-Sep-2024,2024-10-02,2024-10-02,254,254.0
PO-01822,SKU-061,2025-12-24,2026-01-11,,687,
PO-02934,SKU-098,2025-11-05,2025-11-23,2025-11-25,516,516.0
PO-01894,SKU-064,2024-11-27,2024-12-11,2024-12-14,313,313.0
PO-02650,SKU-089,2024-08-14,2024-08-28,2024-09-02,449,449.0
PO-01247,SKU-042,2025-10-15,2025-10-29,2025-11-02,442,442.0
PO-01707,SKU-058,2024-03-20,2024-04-07,2024-04-17,438,438.0
PO-00108,SKU-004,2025-04-30,2025-05-18,2025-05-18,539,539.0
PO-00380,SKU-013,2025-05-28,2025-06-18,2025-07-05,348,348.0
PO-02250,SKU-076,2024-10-09,2024-10-30,2024-10-31,355,355.0
PO-02869,SKU-096,09-Jul-2025,2025-07-23,2025-07-23,309,309.0
PO-01996,SKU-067,10/09/2025,2025-09-28,2025-09-29,212,212.0
PO-00385,SKU-013,15/10/2025,2025-11-05,2025-11-09,562,531.0
PO-02746,SKU-092,2025-03-05,2025-03-19,2025-03-19,316,316.0
PO-01791,SKU-060,2025-12-24,2026-01-11,,368,
PO-01680,SKU-057,2024-05-22,2024-06-05,2024-06-05,445,445.0
PO-02521,SKU-085,2024-04-17,2024-05-08,2024-05-20,432,432.0
PO-00883,SKU-030,2025-01-22,2025-02-12,2025-02-12,357,357.0
PO-00611,SKU-021,2024-07-17,2024-07-31,2024-08-04,365,365.0
PO-01213,SKU-041,2025-07-16,2025-08-06,2025-08-08,341,341.0
PO-01030,SKU-035,2024-11-27,2024-12-15,2024-12-17,330,330.0
PO-01670,SKU-056,2025-08-27,2025-09-14,2025-09-16,399,399.0
PO-02765,SKU-093,2024-06-05,2024-06-26,2024-07-10,417,417.0
PO-00461,SKU-016,07-24-2024,2024-08-14,2024-08-16,276,276.0
PO-00659,SKU-022,2025-10-29,2025-11-12,2025-11-12,420,420.0
PO-02592,SKU-087,2024-12-25,2025-01-12,2025-01-12,523,523.0
PO-01037,SKU-035,2025-05-21,2025-06-08,2025-06-08,373,373.0
PO-00299,SKU-010,2025-12-24,2026-01-11,,461,
PO-01974,SKU-067,2024-03-27,2024-04-14,2024-04-24,197,197.0
PO-00910,SKU-031,18/09/2024,2024-10-02,2024-10-02,404,404.0
PO-02191,SKU-074,2024-11-20,2024-12-11,2024-12-11,376,376.0
PO-02952,SKU-099,2025-02-05,2025-02-26,2025-02-27,390,390.0
PO-01406,SKU-048,2024-05-01,2024-05-19,2024-05-22,289,289.0
PO-00631,SKU-021,2025-12-10,2025-12-24,2025-12-24,303,303.0
PO-01555, SKU-053 ,2024-06-05,2024-06-26,2024-07-18,327,327.0
PO-00712,SKU-024,25/06/2025,2025-07-13,2025-07-13,359,359.0
PO-02345,SKU-079,2025-02-12,2025-02-26,2025-02-28,456,456.0
PO-02578,SKU-086,2025-12-24,2026-01-11,,535,
PO-02894,SKU-097,2025-03-05,2025-03-23,2025-04-10,323,323.0
PO-00025,SKU-001,27/08/2025,2025-09-14,2025-09-15,460,460.0
PO-01985,SKU-067,25/12/2024,2025-01-12,2025-01-15,248,248.0
PO-01335,SKU-045,2025-08-27,2025-09-10,2025-09-11,487,380.0
PO-01417,SKU-048,2025-02-12,2025-03-02,2025-03-19,308,308.0
PO-01439,SKU-049,08-21-2024,2024-09-08,2024-09-08,455,455.0
PO-00801,SKU-027,2025-07-16,2025-08-06,2025-08-07,404,404.0
PO-01803,SKU-061,2024-10-16,2024-11-03,2024-11-03,362,362.0
PO-01115,SKU-038,2024-09-11,2024-09-29,2024-09-29,496,496.0
PO-00734,SKU-025,2024-12-18,2025-01-01,2025-01-04,365,365.0
PO-02677,SKU-090,12/06/2024,2024-06-26,2024-06-26,569,569.0
PO-02379,SKU-080,26-Mar-2025,2025-04-16,2025-04-16,485,485.0
PO-02113,SKU-071,02/07/2025,2025-07-20,2025-07-20,413,413.0
PO-00309,SKU-011,28/08/2024,2024-09-11,2024-09-11,427,427.0
PO-02639,SKU-088,2025-11-19,2025-12-03,2025-12-04,535,535.0
PO-00733,SKU-025,2024-11-27,2024-12-11,2024-12-11,328,328.0
PO-02845,SKU-095,10/12/2025,2025-12-24,,454,
PO-00503,SKU-017,2025-04-30,2025-05-14,2025-05-14,448,448.0
PO-02837,SKU-095,2025-06-04,2025-06-18,2025-06-22,642,458.0
PO-00564,SKU-019,2025-05-28,2025-06-15,2025-06-16,289,289.0
PO-00368,SKU-013,07-Aug-2024,2024-08-28,2024-08-30,420,420.0
PO-00970,SKU-033,2024-11-20,2024-12-11,2024-12-12,395,293.0
PO-01854,SKU-063,2024-02-14,2024-02-28,2024-02-29,416,416.0
PO-00759,SKU-026,07-31-2024,2024-08-14,2024-08-14,496,357.0
PO-02452,SKU-082,2025-12-10,2025-12-28,,390,
PO-00879,SKU-030,2024-10-16,2024-11-06,2024-11-09,366,366.0
PO-00811,SKU-028,2024-02-21,2024-03-13,2024-03-13,443,443.0
PO-00376,SKU-013,19/02/2025,2025-03-12,2025-03-13,372,372.0
PO-01608,SKU-054,22-Oct-2025,2025-11-05,2025-11-07,351,351.0
PO-00308,SKU-011,2024-07-31,2024-08-14,2024-08-16,405,405.0
PO-01540,SKU-052,2025-04-30,2025-05-18,2025-05-18,556,556.0
PO-00614,SKU-021,2024-10-02,2024-10-16,2024-10-18,237,237.0
PO-02409,SKU-081,2025-02-26,2025-03-12,2025-03-12,248,248.0
PO-02280,SKU-077,2024-11-20,2024-12-04,2024-12-04,450,450.0
PO-00446,SKU-015,2025-09-17,2025-10-01,2025-10-04,441,441.0
PO-01027,SKU-035,2024-08-28,2024-09-15,2024-09-15,409,409.0
PO-02180,SKU-074,2024-02-28,2024-03-20,2024-03-21,417,417.0
PO-00653,SKU-022,2025-06-18,2025-07-02,2025-07-02,466,466.0
PO-01794,SKU-061,2024-03-27,2024-04-14,2024-05-02,397,345.0
PO-02886,SKU-097,2024-08-21,2024-09-08,2024-09-08,413,413.0
PO-02305,SKU-078,2024-07-03,2024-07-24,2024-07-24,291,291.0
PO-02880,SKU-097,2024-03-20,2024-04-07,2024-04-16,367,367.0
PO-01933,SKU-065,2025-07-16,2025-08-06,2025-08-06,436,436.0
PO-02300,SKU-078,2024-02-28,2024-03-20,2024-03-22,332,332.0
PO-02068,SKU-070,2024-06-12,2024-06-26,2024-06-26,406,406.0
PO-00899,SKU-030,24-Dec-2025,2026-01-14,,867,
PO-00791,SKU-027,06-Nov-2024,2024-11-27,2024-11-27,301,301.0
PO-01330,SKU-045,2025-04-23,2025-05-07,2025-05-07,595,595.0
PO-00434,SKU-015,2025-01-08,2025-01-22,2025-01-22,396,396.0
PO-00880,SKU-030,2024-11-06,2024-11-27,2024-11-29,416,416.0
PO-00129,SKU-005,2024-09-25,2024-10-09,2024-10-09,281,281.0
PO-01469,SKU-050,2024-07-24,2024-08-07,2024-08-07,403,403.0
PO-00086,SKU-003,2025-10-08,2025-10-22,2025-10-22,439,439.0
PO-02713,SKU-091,2024-11-13,2024-11-27,2024-12-01,404,404.0
PO-02405,SKU-081,20/11/2024,2024-12-04,2024-12-04,322,322.0
PO-02922,SKU-098,15/01/2025,2025-02-02,2025-02-13,377,377.0
PO-02142,SKU-072,2025-08-13,2025-09-03,2025-09-03,331,331.0
PO-02279,SKU-077,2024-10-30,2024-11-13,2024-11-14,394,394.0
PO-02047,SKU-069,2025-01-29,2025-02-19,2025-02-23,267,267.0
PO-01382,SKU-047,11/09/2024,2024-09-25,2024-09-27,304,304.0
PO-01569,SKU-053,2025-05-14,2025-06-04,2025-06-18,477,477.0
PO-01769,SKU-060,2024-07-03,2024-07-21,2024-07-21,343,343.0
PO-00730,SKU-025,2024-09-25,2024-10-09,2024-10-09,436,436.0
PO-02670,SKU-089,10-Dec-2025,2025-12-24,2025-12-24,485,485.0
PO-00023,SKU-001,2025-07-09,2025-07-27,2025-07-27,464,464.0
PO-02904,SKU-097,2025-11-19,2025-12-07,2025-12-08,432,432.0
PO-00924,SKU-031,2025-09-03,2025-09-17,2025-09-19,316,316.0
PO-00865,SKU-029,2025-11-26,2025-12-10,2025-12-10,550,550.0
PO-00257,SKU-009,19-Feb-2025,2025-03-05,2025-03-07,277,277.0
PO-01224,SKU-042,17-Apr-2024,2024-05-01,2024-05-01,393,393.0
PO-01778,SKU-060,2025-02-19,2025-03-09,2025-03-24,320,320.0
PO-01505,SKU-051,2024-12-25,2025-01-15,2025-01-15,462,462.0
PO-02664,SKU-089,09-Jul-2025,2025-07-23,2025-07-25,386,386.0
PO-00164,SKU-006,15/01/2025,2025-01-29,2025-01-29,436,436.0
PO-01202,SKU-041,09/10/2024,2024-10-30,2024-10-31,382,382.0
PO-00717,SKU-024,2025-10-15,2025-11-02,2025-11-02,534,534.0
PO-02577,SKU-086,2025-12-17,2026-01-04,,451,
PO-02625,SKU-088,2025-01-08,2025-01-22,2025-01-22,469,469.0
PO-01978,SKU-067,07-10-2024,2024-07-28,2024-07-29,245,245.0
PO-02923,SKU-098,2025-02-05,2025-02-23,2025-03-10,506,506.0
PO-01508,SKU-051,26/02/2025,2025-03-19,2025-03-19,374,323.0
PO-01705,SKU-058,2024-01-31,2024-02-18,2024-02-29,463,463.0
PO-02129,SKU-072,2024-09-25,2024-10-16,2024-10-16,293,293.0
PO-00339,SKU-012,24/07/2024,2024-08-07,2024-08-07,451,451.0
PO-02690,SKU-090,2025-04-23,2025-05-07,2025-05-08,505,505.0
PO-01122,SKU-038,2025-02-26,2025-03-16,2025-04-03,512,512.0
PO-01166,SKU-040,13-Mar-2024,2024-03-27,2024-03-27,361,361.0
PO-01342,SKU-045,2025-12-24,2026-01-07,,596,
PO-00249,SKU-009,14/08/2024,2024-08-28,2024-08-28,285,285.0
PO-00246,SKU-009,2024-06-05,2024-06-19,2024-06-22,276,276.0
PO-00752,SKU-026,2024-02-21,2024-03-06,2024-03-06,504,504.0
PO-01574,SKU-053,2025-09-10,2025-10-01,2025-10-01,335,335.0
PO-01361,SKU-046,2025-04-09,2025-04-27,2025-04-29,546,546.0
PO-00750,SKU-025,2025-12-24,2026-01-07,,494,
PO-01975,SKU-067,2024-04-17,2024-05-05,2024-05-05,383,383.0
PO-01965,SKU-066,2025-09-03,2025-09-24,2025-09-24,256,256.0
PO-00487,SKU-017,04-17-2024,2024-05-01,2024-05-03,524,524.0
PO-01874,SKU-063,07-30-2025,2025-08-13,2025-08-13,579,579.0
PO-02568,SKU-086,2025-05-21,2025-06-08,2025-06-08,334,334.0
PO-00046,SKU-002,12-25-2024,2025-01-12,2025-01-17,466,466.0
PO-02116,SKU-071,2025-09-17,2025-10-05,2025-10-05,291,291.0
PO-00429,SKU-015,08-28-2024,2024-09-11,2024-09-15,555,555.0
PO-02692,SKU-090,2025-06-18,2025-07-02,2025-07-03,531,531.0
PO-00489,SKU-017,2024-06-05,2024-06-19,2024-06-19,445,445.0
PO-01098,SKU-037,2025-05-28,2025-06-11,2025-06-12,366,366.0
PO-02870,SKU-096,2025-07-30,2025-08-13,2025-08-13,369,369.0
PO-00180,SKU-006,2025-12-24,2026-01-07,,476,
PO-00854,SKU-029,2025-02-12,2025-02-26,2025-02-28,479,479.0
PO-00153,SKU-006,2024-05-01,2024-05-15,2024-05-16,338,338.0
PO-00963,SKU-033,2024-05-29,2024-06-19,2024-07-11,516,516.0
PO-02048,SKU-069,2025-02-19,2025-03-12,2025-03-12,332,332.0
PO-01450,SKU-049,2025-04-30,2025-05-18,2025-05-18,450,450.0
PO-01325,SKU-045,2024-12-18,2025-01-01,2025-01-01,584,584.0
PO-02927,SKU-098,2025-05-21,2025-06-08,2025-06-08,430,430.0
PO-01558,SKU-053,2024-08-28,2024-09-18,2024-09-19,421,421.0
PO-01947,SKU-066,2024-06-12,2024-07-03,2024-07-21,257,257.0
PO-02132,SKU-072,04/12/2024,2024-12-25,2024-12-25,323,323.0
PO-01079,SKU-037,28/02/2024,2024-03-13,2024-03-16,306,306.0
PO-01441,SKU-049,2024-10-09,2024-10-27,2024-10-28,408,408.0
PO-02935,SKU-098,2025-11-26,2025-12-14,2025-12-14,521,476.0
PO-02891,SKU-097,2024-12-18,2025-01-05,2025-01-07,330,330.0
PO-00273,SKU-010,2024-02-28,2024-03-17,2024-03-29,493,493.0
PO-01941,SKU-065,24-Dec-2025,2026-01-14,,536,
PO-01557,SKU-053,2024-07-31,2024-08-21,2024-08-22,458,458.0
PO-02089,SKU-070,2025-11-12,2025-11-26,2025-11-27,411,411.0
PO-02681,SKU-090,2024-09-25,2024-10-09,2024-10-09,473,473.0
PO-00504,SKU-017,2025-05-28,2025-06-11,2025-06-13,443,443.0
PO-02439,SKU-082,02-19-2025,2025-03-09,2025-03-20,498,498.0
PO-02183,SKU-074,2024-05-08,2024-05-29,2024-06-11,233,233.0
PO-01338,SKU-045,10-29-2025,2025-11-12,2025-11-15,429,429.0
PO-01250,SKU-042,2025-12-24,2026-01-07,,305,
PO-00672,SKU-023,2024-08-28,2024-09-18,2024-09-18,356,356.0
PO-02206,SKU-074,12-Nov-2025,2025-12-03,2025-12-05,410,410.0
PO-01371,SKU-046,2025-12-03,2025-12-21,2025-12-22,418,418.0
PO-00718,SKU-024,2025-11-12,2025-11-30,2025-11-30,442,442.0
PO-02341,SKU-079,2024-11-06,2024-11-20,2024-11-20,298,298.0
PO-02001,SKU-068,2024-01-10,2024-01-31,2024-01-31,533,533.0
PO-02926,SKU-098,23-Apr-2025,2025-05-11,2025-05-11,412,412.0
PO-01239,SKU-042,23/04/2025,2025-05-07,2025-05-09,369,369.0
PO-02378,SKU-080,2025-03-05,2025-03-26,2025-03-28,408,408.0
PO-00179,SKU-006,2025-12-17,2025-12-31,,467,
PO-00077,SKU-003,05-Mar-2025,2025-03-19,2025-03-23,454,454.0
PO-01226,SKU-042,2024-05-29,2024-06-12,2024-06-14,284,284.0
PO-00465,SKU-016,2024-10-30,2024-11-20,2024-11-20,247,247.0
PO-02507,SKU-084,2025-05-21,2025-06-08,2025-06-12,437,437.0
PO-01848,SKU-062,2025-10-01,2025-10-22,2025-10-23,296,296.0
PO-01260,SKU-043,2024-09-11,2024-10-02,2024-10-02,359,266.0
PO-02389,SKU-080,11-26-2025,2025-12-17,2025-12-17,528,528.0
PO-02337,SKU-079,14/08/2024,2024-08-28,2024-08-28,348,348.0
PO-02168,SKU-073,04-16-2025,2025-05-04,2025-05-05,469,469.0
PO-02210,SKU-075,17/01/2024,2024-01-31,2024-01-31,402,402.0
PO-00441,SKU-015,2025-06-04,2025-06-18,2025-06-24,414,414.0
PO-01698,SKU-057,09-Jul-2025,2025-07-23,2025-07-27,510,510.0
PO-01215,SKU-041,24/09/2025,2025-10-15,2025-10-17,351,323.0
PO-00256,SKU-009,2025-01-29,2025-02-12,2025-02-14,295,295.0
PO-02956,SKU-099,2025-05-07,2025-05-28,2025-06-16,333,333.0
PO-02949,SKU-099,2024-11-27,2024-12-18,2024-12-19,376,376.0
PO-00547,SKU-019,03-20-2024,2024-04-07,2024-04-24,338,338.0
PO-02390,SKU-080,17-Dec-2025,2026-01-07,,382,
PO-02760,SKU-093,2024-01-24,2024-02-14,2024-02-14,405,405.0
PO-01549,SKU-052,03/12/2025,2025-12-21,2025-12-21,-483,483.0
PO-02830,SKU-095,2024-12-11,2024-12-25,2024-12-29,614,614.0
PO-01008,SKU-034,2025-05-21,2025-06-08,2025-06-11,336,336.0
PO-01654,SKU-056,14/08/2024,2024-09-01,2024-09-01,418,418.0
PO-02745,SKU-092,2025-02-12,2025-02-26,2025-02-26,397,397.0
PO-01281,SKU-044,2024-01-24,2024-02-07,2024-02-11,535,535.0
PO-00401,SKU-014,2024-10-02,2024-10-20,2024-10-20,340,340.0
PO-02512,SKU-084,01/10/2025,2025-10-19,2025-10-19,545,545.0
PO-02264,SKU-076,15-Oct-2025,2025-11-05,2025-11-05,368,368.0
PO-01530,SKU-052,09-04-2024,2024-09-22,2024-09-23,605,605.0
PO-01164,SKU-039,2025-12-24,2026-01-11,,684,
PO-00399,SKU-014,07-Aug-2024,2024-08-25,2024-08-25,327,327.0
PO-02128,SKU-072,2024-09-04,2024-09-25,2024-09-26,278,278.0
PO-01006,SKU-034,2025-03-26,2025-04-13,2025-05-02,532,532.0
PO-02882,SKU-097,2024-05-08,2024-05-26,2024-05-27,325,325.0
PO-00930,SKU-032,2024-03-06,2024-03-24,2024-04-08,352,332.0
PO-01501,SKU-051,2024-09-25,2024-10-16,2024-10-16,391,391.0
PO-02254,SKU-076,22-Jan-2025,2025-02-12,2025-02-14,328,328.0
PO-01257,SKU-043,03/07/2024,2024-07-24,2024-07-24,488,488.0
PO-02331,SKU-079,06/03/2024,2024-03-20,2024-03-20,514,514.0
PO-00397,SKU-014,2024-06-26,2024-07-14,2024-07-15,342,342.0
PO-02091,SKU-070,2025-12-24,2026-01-07,,359,
PO-01194,SKU-041,02-28-2024,2024-03-20,2024-03-20,351,351.0
PO-02582,SKU-087,2024-04-10,2024-04-28,2024-04-28,488,488.0
PO-02811,SKU-094,2025-08-06,2025-08-20,2025-08-20,227,227.0
PO-02124,SKU-072,2024-05-22,2024-06-12,2024-06-24,291,291.0
PO-02440,SKU-082,26-Mar-2025,2025-04-13,2025-04-27,310,310.0
PO-01533,SKU-052,2024-11-13,2024-12-01,2024-12-01,553,553.0
PO-01600,SKU-054,03-26-2025,2025-04-09,2025-04-10,359,359.0
PO-01571,SKU-053,2025-07-09,2025-07-30,2025-08-01,400,400.0
PO-02270,SKU-077,2024-03-27,2024-04-10,2024-04-10,567,567.0
PO-00559,SKU-019,29-Jan-2025,2025-02-16,2025-02-27,323,323.0
PO-00952,SKU-032,2025-09-17,2025-10-05,2025-10-05,351,351.0
PO-01552,SKU-053,2024-03-13,2024-04-03,2024-04-03,345,345.0
PO-00277,SKU-010,2024-05-22,2024-06-09,2024-06-09,422,422.0
PO-01052,SKU-036,2024-06-05,2024-06-19,2024-06-21,283,283.0
PO-01130,SKU-038,24/09/2025,2025-10-12,2025-10-13,413,413.0
PO-00182,SKU-007,02-21-2024,2024-03-06,2024-03-10,376,376.0
PO-02836,SKU-095,2025-04-30,2025-05-14,2025-05-14,596,596.0
PO-01252,SKU-043,2024-02-28,2024-03-20,2024-03-21,380,380.0
PO-01430,SKU-048,2025-12-24,2026-01-11,,486,
PO-00926,SKU-031,2025-10-22,2025-11-05,2025-11-08,385,385.0
PO-01665,SKU-056,04-30-2025,2025-05-18,2025-05-21,348,348.0
PO-00204,SKU-007,2025-09-03,2025-09-17,2025-09-17,329,329.0
PO-00413,SKU-014,2025-08-06,2025-08-24,2025-08-24,344,344.0
PO-01035,SKU-035,03-26-2025,2025-04-13,2025-04-29,338,338.0
PO-01375,SKU-047,2024-03-27,2024-04-10,2024-04-11,341,341.0
PO-02890,SKU-097,27/11/2024,2024-12-15,2024-12-15,314,314.0
PO-02828,SKU-095,2024-10-30,2024-11-13,2024-11-13,539,539.0
PO-00687,SKU-023,10-Sep-2025,2025-10-01,2025-10-02,363,363.0
PO-02902,SKU-097,2025-10-01,2025-10-19,2025-10-19,469,469.0
PO-01287,SKU-044,2024-06-12,2024-06-26,2024-06-26,377,377.0
PO-00818,SKU-028,08-07-2024,2024-08-28,2024-08-29,445,445.0
PO-00005,SKU-001,2024-05-01,2024-05-19,2024-05-21,520,520.0
PO-00936,SKU-032,2024-08-14,2024-09-01,2024-09-01,450,450.0
PO-01476,SKU-050,2025-01-29,2025-02-12,2025-02-13,360,360.0
PO-00114,SKU-004,24-Sep-2025,2025-10-12,2025-10-12,514,514.0
PO-00843,SKU-029,2024-05-22,2024-06-05,2024-06-05,460,460.0
PO-01208,SKU-041,26-Feb-2025,2025-03-19,2025-03-19,320,297.0
PO-00831,SKU-028,2025-07-16,2025-08-06,2025-08-07,437,437.0
PO-01241,SKU-042,06-04-2025,2025-06-18,2025-06-18,377,377.0
PO-00900,SKU-031,2024-01-31,2024-02-14,2024-02-14,379,379.0
PO-02607,SKU-087,2025-12-10,2025-12-28,,472,
PO-02120,SKU-072,07-Feb-2024,2024-02-28,2024-02-28,323,323.0
PO-01881,SKU-064,2024-01-17,2024-01-31,2024-01-31,284,284.0
PO-02071,SKU-070,21/08/2024,2024-09-04,2024-09-04,448,448.0
PO-02591,SKU-087,12-04-2024,2024-12-22,2024-12-25,396,396.0
PO-01053,SKU-036,03-Jul-2024,2024-07-17,2024-07-17,324,324.0
PO-00986,SKU-033,2025-12-17,2026-01-07,,475,
PO-00208,SKU-007,12-03-2025,2025-12-17,2025-12-17,379,379.0
PO-01032,SKU-035,2025-01-08,2025-01-26,2025-02-19,297,297.0
PO-00727,SKU-025,2024-07-03,2024-07-17,2024-07-17,347,347.0
PO-02501,SKU-084,18/12/2024,2025-01-05,2025-01-08,493,361.0
PO-00444,SKU-015,2025-08-06,2025-08-20,2025-08-20,465,465.0
PO-01754,SKU-059,2025-07-09,2025-07-30,2025-08-01,288,288.0
PO-00128,SKU-005,2024-08-28,2024-09-11,2024-09-13,371,371.0
PO-01275,SKU-043,2025-10-01,2025-10-22,2025-10-22,470,470.0
PO-01993,SKU-067,2025-07-09,2025-07-27,2025-07-28,288,288.0
PO-00001,SKU-001,2024-01-24,2024-02-11,2024-02-20,562,562.0
PO-01165,SKU-040,2024-02-14,2024-02-28,2024-02-28,450,450.0
PO-00535,SKU-018,11-Jun-2025,2025-06-25,2025-06-25,523,523.0
PO-01173,SKU-040,2024-08-28,2024-09-11,2024-09-11,406,406.0
PO-00909,SKU-031,2024-08-28,2024-09-11,2024-09-14,278,278.0
PO-01336,SKU-045,2025-09-17,2025-10-01,2025-10-01,479,479.0
PO-01716,SKU-058,2024-10-16,2024-11-03,2024-11-03,458,458.0
PO-00658,SKU-022,2025-10-01,2025-10-15,2025-10-15,423,423.0
PO-01294,SKU-044,11-20-2024,2024-12-04,2024-12-04,593,593.0
PO-01337,SKU-045,2025-10-08,2025-10-22,2025-10-24,398,398.0
PO-02442,SKU-082,07/05/2025,2025-05-25,2025-05-25,280,280.0
PO-00946,SKU-032,23/04/2025,2025-05-11,2025-05-12,337,337.0
PO-02025,SKU-068,2025-09-03,2025-09-24,2025-09-28,474,474.0
PO-00620,SKU-021,2025-02-26,2025-03-12,2025-03-12,297,297.0
PO-00515,SKU-018,14/02/2024,2024-02-28,2024-02-28,572,572.0
PO-02209,SKU-074,12-24-2025,2026-01-14,,511,
PO-01290,SKU-044,14-Aug-2024,2024-08-28,2024-08-29,410,410.0
PO-00903,SKU-031,04-10-2024,2024-04-24,2024-04-24,307,307.0
PO-00853,SKU-029,2025-01-22,2025-02-05,2025-02-07,409,409.0
PO-02749,SKU-092,2025-05-21,2025-06-04,2025-06-05,440,440.0
PO-02252,SKU-076,2024-12-04,2024-12-25,2024-12-27,300,300.0
PO-01726,SKU-058,07-16-2025,2025-08-03,2025-08-04,470,470.0
PO-01570,SKU-053,2025-06-18,2025-07-09,2025-07-17,490,490.0
PO-01983,SKU-067,06-Nov-2024,2024-11-24,2024-11-24,272,272.0
PO-01147,SKU-039,2024-12-04,2024-12-22,2024-12-22,526,526.0
PO-02234,SKU-075,20-Aug-2025,2025-09-03,2025-09-04,383,383.0
PO-00826,SKU-028,2025-02-19,2025-03-12,2025-03-12,385,385.0
PO-01031,SKU-035,2024-12-18,2025-01-05,2025-01-05,412,412.0
PO-01579,SKU-053,12-10-2025,2025-12-31,,710,
PO-01080,SKU-037,2024-03-27,2024-04-10,2024-04-10,350,350.0
PO-00185,SKU-007,2024-05-15,2024-05-29,2024-05-30,365,365.0
PO-00947,SKU-032,2025-05-21,2025-06-08,2025-06-08,266,266.0
PO-01142,SKU-039,31/07/2024,2024-08-18,2024-08-20,559,559.0
PO-02601,SKU-087,2025-07-30,2025-08-17,2025-08-20,384,384.0
PO-00977,SKU-033,2025-04-30,2025-05-21,2025-06-05,420,420.0
PO-00657,SKU-022,10-Sep-2025,2025-09-24,2025-09-24,362,362.0
PO-01372,SKU-046,24-Dec-2025,2026-01-11,,369,
PO-02517,SKU-084,2025-12-24,2026-01-11,,685,
PO-00744,SKU-025,2025-08-20,2025-09-03,2025-09-03,360,360.0
PO-01386,SKU-047,2024-12-11,2024-12-25,2024-12-27,295,295.0
PO-01621,SKU-055,31/07/2024,2024-08-21,2024-08-24,500,500.0
PO-02455,SKU-083,2024-01-10,2024-01-31,2024-02-01,421,421.0
PO-01667,SKU-056,2025-06-11,2025-06-29,2025-07-02,375,375.0
PO-00436,SKU-015,2025-02-19,2025-03-05,2025-03-08,377,377.0
PO-00191,SKU-007,2024-10-09,2024-10-23,2024-10-25,278,278.0
PO-02214,SKU-075,04-10-2024,2024-04-24,2024-04-25,444,444.0
PO-01324,SKU-045,2024-11-20,2024-12-04,2024-12-07,631,631.0
PO-00781,SKU-027,2024-02-14,2024-03-06,2024-03-06,459,459.0
PO-02860,SKU-096,2024-12-04,2024-12-18,2024-12-19,309,309.0
PO-02797,SKU-094,2024-08-14,2024-08-28,2024-08-31,363,363.0
PO-01118,SKU-038,2024-11-13,2024-12-01,2024-12-04,588,588.0
PO-01121,SKU-038,2025-02-05,2025-02-23,2025-03-15,569,569.0
PO-00595,SKU-020,2025-07-23,,2025-08-12,270,270.0
PO-00833,SKU-028,2025-09-10,2025-10-01,2025-10-04,474,474.0
PO-00496,SKU-017,13-Nov-2024,2024-11-27,2024-11-28,373,373.0
PO-00708,SKU-024,2025-03-05,2025-03-23,2025-04-13,539,539.0
PO-01916,SKU-065,2024-04-03,2024-04-24,2024-05-09,469,469.0
PO-02663,SKU-089,2025-06-04,2025-06-18,2025-06-19,496,496.0
PO-00462,SKU-016,2024-08-14,2024-09-04,2024-09-05,360,360.0
PO-02148,SKU-072,2025-12-17,2026-01-07,,396,
PO-00094,SKU-004,29-May-2024,2024-06-16,2024-06-16,357,357.0
PO-00464,SKU-016,2024-10-02,2024-10-23,2024-10-24,441,441.0
PO-01541,SKU-052,2025-05-28,2025-06-15,2025-06-15,517,517.0
PO-02718,SKU-091,2025-03-12,2025-03-26,2025-03-26,379,379.0
PO-02623,SKU-088,20-Nov-2024,2024-12-04,2024-12-04,572,498.0
PO-01601,SKU-054,04-23-2025,2025-05-07,2025-05-07,264,264.0
PO-00053,SKU-002,02/07/2025,2025-07-20,2025-07-22,458,458.0
PO-00034,SKU-002,03-13-2024,2024-03-31,2024-04-13,387,387.0
PO-01622,SKU-055,21/08/2024,2024-09-11,2024-09-15,421,421.0
PO-00460,SKU-016,03-Jul-2024,2024-07-24,2024-07-24,286,286.0
PO-01081,SKU-037,2024-04-17,2024-05-01,2024-05-02,338,338.0
PO-02719,SKU-091,04-02-2025,2025-04-16,2025-04-21,382,382.0
PO-01114,SKU-038,2024-08-14,2024-09-01,2024-09-03,574,574.0
PO-01523,SKU-052,03-06-2024,2024-03-24,2024-04-12,452,452.0
PO-01067,SKU-036,2025-06-04,2025-06-18,2025-06-20,235,235.0
PO-01679,SKU-057,01/05/2024,2024-05-15,2024-05-17,386,386.0
PO-02352,SKU-079,06/08/2025,2025-08-20,2025-08-20,394,394.0
PO-02812,SKU-094,27/08/2025,2025-09-10,2025-09-10,328,328.0
PO-00215,SKU-008,2024-06-05,2024-06-23,2024-06-24,442,442.0
PO-02961,SKU-099,09-17-2025,2025-10-08,2025-10-13,349,349.0
PO-00623,SKU-021,2025-05-14,2025-05-28,2025-06-01,237,237.0
PO-00357,SKU-012,2025-10-15,2025-10-29,2025-10-31,569,569.0
PO-01437,SKU-049,2024-06-26,2024-07-14,2024-07-14,493,493.0
PO-02644,SKU-089,2024-03-13,2024-03-27,2024-03-27,476,476.0
PO-02742,SKU-092,2024-11-27,2024-12-11,2024-12-11,307,307.0
PO-02169,SKU-073,2025-05-21,2025-06-08,2025-06-08,523,523.0
PO-00563,SKU-019,07-May-2025,2025-05-25,2025-05-25,297,297.0
PO-00217,SKU-008,2024-07-24,2024-08-11,2024-08-11,576,576.0
PO-02082,SKU-070,04-30-2025,2025-05-14,2025-05-14,300,300.0
PO-01318,SKU-045,2024-06-19,2024-07-03,2024-07-03,487,487.0
PO-00588,SKU-020,2025-01-22,2025-02-09,2025-03-01,298,298.0
PO-00844,SKU-029,2024-06-12,2024-06-26,2024-06-29,539,539.0
PO-00770,SKU-026,05-07-2025,2025-05-21,2025-05-21,538,538.0
PO-00816,SKU-028,2024-06-12,2024-07-03,2024-07-19,355,355.0
PO-02727,SKU-091,15-Oct-2025,2025-10-29,2025-11-01,457,457.0
PO-01163,SKU-039,2025-12-17,2026-01-04,,578,
PO-01547,SKU-052,2025-10-22,2025-11-09,2025-11-09,460,460.0
PO-01457,SKU-049,2025-10-29,2025-11-16,2025-11-16,434,434.0
PO-02835,SKU-095,2025-04-09,2025-04-23,2025-04-23,504,504.0
PO-01477,SKU-050,2025-02-19,2025-03-05,2025-03-05,291,291.0
PO-01193,SKU-041,2024-01-31,2024-02-21,2024-02-22,329,329.0
PO-01333,SKU-045,2025-07-02,2025-07-16,2025-07-18,518,518.0
PO-01286,SKU-044,2024-05-22,2024-06-05,2024-06-05,516,516.0
PO-01951,SKU-066,2024-09-18,2024-10-09,2024-10-09,328,328.0
PO-02903,SKU-097,10-29-2025,2025-11-16,2025-11-16,348,348.0
PO-00328,SKU-011,2025-11-12,2025-11-26,2025-11-29,493,493.0
PO-01630,SKU-055,02-12-2025,2025-03-05,2025-03-08,543,543.0
PO-02328,SKU-078,2025-12-24,2026-01-14,,544,
PO-02060,SKU-069,2025-11-26,2025-12-17,2025-12-20,449,449.0
PO-00224,SKU-008,15/01/2025,2025-02-02,2025-02-19,524,524.0
PO-02216,SKU-075,05/06/2024,2024-06-19,2024-06-21,471,471.0
PO-02909,SKU-098,2024-03-06,2024-03-24,2024-04-05,378,378.0
PO-00117,SKU-004,12-03-2025,2025-12-21,2025-12-22,395,395.0
PO-01434,SKU-049,2024-04-17,2024-05-05,2024-05-05,340,271.0
PO-01217,SKU-041,2025-11-19,2025-12-10,2025-12-10,281,281.0
PO-02431,SKU-082,2024-07-31,2024-08-18,2024-08-18,374,374.0
PO-00289,SKU-010,03-26-2025,2025-04-13,2025-05-07,443,443.0
PO-00917,SKU-031,2025-03-12,2025-03-26,2025-03-26,313,313.0
PO-02244,SKU-076,15/05/2024,2024-06-05,2024-06-23,231,231.0
PO-00232,SKU-008,13-Aug-2025,2025-08-31,2025-08-31,395,395.0
PO-00796,SKU-027,2025-02-26,2025-03-19,2025-03-21,409,409.0
PO-00404,SKU-014,12-25-2024,2025-01-12,2025-01-14,351,351.0
PO-01157,SKU-039,2025-08-13,2025-08-31,2025-08-31,450,450.0
PO-00896,SKU-030,2025-12-03,2025-12-24,,429,
PO-02485,SKU-083,2025-12-10,2025-12-31,,408,
PO-01182,SKU-040,2025-04-02,2025-04-16,2025-04-16,495,495.0
PO-00889,SKU-030,2025-06-18,2025-07-09,2025-07-26,350,324.0
PO-01454,SKU-049,13-Aug-2025,2025-08-31,2025-09-02,478,478.0
PO-00920,SKU-031,2025-05-21,2025-06-04,2025-06-08,401,401.0
PO-01824,SKU-062,02-21-2024,2024-03-13,2024-03-15,252,252.0
PO-00581,SKU-020,2024-07-31,2024-08-18,2024-08-18,341,341.0
PO-01877,SKU-063,2025-10-08,2025-10-22,2025-10-23,473,345.0
PO-00243,SKU-009,27/03/2024,2024-04-10,2024-04-10,291,291.0
PO-01246,SKU-042,2025-09-17,2025-10-01,2025-10-02,324,324.0
PO-00080,SKU-003,21/05/2025,2025-06-04,2025-06-05,396,396.0
PO-00359,SKU-012,2025-12-10,2025-12-24,2025-12-24,547,509.0
PO-01145,SKU-039,2024-10-16,2024-11-03,2024-11-04,429,429.0
PO-01764,SKU-060,2024-03-20,2024-04-07,2024-04-17,228,228.0
PO-01384,SKU-047,2024-10-23,2024-11-06,2024-11-06,272,272.0
PO-01310,SKU-044,17/12/2025,2025-12-31,,397,
PO-01405,SKU-048,2024-04-03,2024-04-21,2024-04-24,345,345.0
PO-01719,SKU-058,2025-01-01,2025-01-19,2025-02-05,548,488.0
PO-02260,SKU-076,2025-07-09,2025-07-30,2025-07-30,288,288.0
PO-00723,SKU-025,2024-04-10,2024-04-24,2024-04-24,433,433.0
PO-00350,SKU-012,07-May-2025,2025-05-21,2025-05-21,537,446.0
PO-02804,SKU-094,02-12-2025,2025-02-26,2025-03-01,329,329.0
PO-01422,SKU-048,2025-06-18,2025-07-06,2025-07-06,310,310.0
PO-00955,SKU-032,26/11/2025,2025-12-14,2025-12-14,299,299.0
PO-01736,SKU-059,2024-03-27,2024-04-17,2024-04-18,358,358.0
PO-01681,SKU-057,2024-06-19,2024-07-03,2024-07-03,406,406.0
PO-00301,SKU-011,21-Feb-2024,2024-03-06,2024-03-06,378,378.0
PO-02833,SKU-095,2025-02-12,2025-02-26,2025-02-26,491,491.0
PO-00932,SKU-032,24/04/2024,2024-05-12,2024-05-13,344,344.0
PO-00437,SKU-015,12-Mar-2025,2025-03-26,2025-03-26,349,349.0
PO-00220,SKU-008,10-09-2024,2024-10-27,2024-10-31,434,434.0
PO-02036,SKU-069,05-08-2024,2024-05-29,2024-06-17,425,425.0
PO-02571,SKU-086,2025-07-30,2025-08-17,2025-08-18,405,405.0
PO-00716,SKU-024,2025-09-24,2025-10-12,2025-10-15,547,547.0
PO-01912,SKU-065,2024-01-03,2024-01-24,2024-01-24,454,454.0
PO-02299,SKU-078,2024-02-07,2024-02-28,2024-03-02,372,372.0
PO-00673,SKU-023,2024-09-25,2024-10-16,2024-10-16,290,290.0
PO-00856,SKU-029,2025-04-02,2025-04-16,2025-04-16,515,515.0
PO-00155,SKU-006,12-Jun-2024,2024-06-26,2024-06-26,-414,414.0
PO-01451,SKU-049,2025-05-28,2025-06-15,2025-06-15,487,487.0
PO-01656,SKU-056,2024-10-09,2024-10-27,2024-10-27,322,322.0
PO-01463,SKU-050,06-Mar-2024,2024-03-20,2024-03-22,412,412.0
PO-01305,SKU-044,2025-08-13,2025-08-27,2025-08-27,620,620.0
PO-01487,SKU-050,11-12-2025,2025-11-26,2025-11-26,341,341.0
PO-02697,SKU-090,22/10/2025,2025-11-05,2025-11-05,418,418.0
PO-00241,SKU-009,2024-02-07,2024-02-21,2024-02-21,336,336.0
PO-01792,SKU-061,31-Jan-2024,2024-02-18,2024-03-07,372,372.0
PO-00893,SKU-030,24-Sep-2025,2025-10-15,2025-10-18,532,532.0
PO-00093,SKU-004,08-May-2024,2024-05-26,2024-05-26,493,493.0
PO-02970,SKU-100,2024-04-10,2024-04-24,2024-04-24,538,538.0
PO-02351,SKU-079,2025-07-09,2025-07-23,2025-07-23,505,505.0
PO-00566,SKU-019,09-Jul-2025,2025-07-27,2025-07-30,357,357.0
PO-02863,SKU-096,2025-02-12,2025-02-26,2025-02-26,266,266.0
PO-00123,SKU-005,2024-05-08,2024-05-22,2024-05-24,278,278.0
PO-00491,SKU-017,2024-07-24,2024-08-07,2024-08-08,331,331.0
PO-01443,SKU-049,2024-11-20,2024-12-08,2024-12-08,324,324.0
PO-00572,SKU-019,11-26-2025,2025-12-14,2025-12-14,444,444.0
PO-00582,SKU-020,08-28-2024,2024-09-15,2024-09-16,304,304.0
PO-00387,SKU-013,03/12/2025,2025-12-24,,510,
PO-02548,SKU-086,01-17-2024,2024-02-04,2024-02-21,357,357.0
PO-00512,SKU-017,2025-12-17,2025-12-31,,382,
PO-02235,SKU-075,2025-09-10,2025-09-24,2025-09-26,431,431.0
PO-00475,SKU-016,09-Jul-2025,2025-07-30,2025-08-01,261,261.0
PO-00430,SKU-015,25-Sep-2024,2024-10-09,2024-10-09,577,577.0
PO-02107,SKU-071,2025-01-29,2025-02-16,2025-02-28,431,431.0
PO-02166,SKU-073,2025-02-26,2025-03-16,2025-04-03,426,426.0
PO-00506,SKU-017,2025-07-23,2025-08-06,2025-08-06,538,538.0
PO-00331,SKU-012,2024-01-10,2024-01-24,2024-01-26,524,524.0
PO-02646,SKU-089,2024-05-08,2024-05-22,2024-05-22,428,428.0
PO-01268,SKU-043,2025-03-26,2025-04-16,2025-04-16,402,402.0
PO-01618,SKU-055,15/05/2024,2024-06-05,2024-06-14,588,588.0
PO-02184,SKU-074,2024-06-05,2024-06-26,2024-07-10,305,305.0
PO-01534,SKU-052,2024-12-11,2024-12-29,2024-12-29,534,534.0
PO-00753,SKU-026,2024-03-20,2024-04-03,2024-04-08,603,603.0
PO-00520,SKU-018,2024-06-26,2024-07-10,2024-07-10,442,442.0
PO-01276,SKU-043,2025-10-22,2025-11-12,2025-11-14,425,425.0
PO-00668,SKU-023,2024-05-08,2024-05-29,2024-06-16,356,356.0
PO-00323,SKU-011,2025-07-23,2025-08-06,2025-08-11,372,372.0
PO-00799,SKU-027,2025-05-14,2025-06-04,2025-06-24,463,463.0
PO-01204,SKU-041,2024-11-27,2024-12-18,2024-12-18,266,266.0
PO-02319,SKU-078,2025-06-25,2025-07-16,2025-08-08,265,265.0
PO-02900,SKU-097,13/08/2025,2025-08-31,2025-08-31,422,422.0
PO-01619,SKU-055,2024-06-12,2024-07-03,2024-07-13,613,613.0
PO-01651,SKU-056,2024-05-29,2024-06-16,2024-06-16,395,395.0
PO-00882,SKU-030,2024-12-18,2025-01-08,2025-01-11,560,560.0
PO-00173,SKU-006,2025-07-30,2025-08-13,2025-08-13,515,515.0
PO-02611,SKU-088,2024-02-07,2024-02-21,2024-02-23,460,460.0
PO-01108,SKU-038,2024-02-28,2024-03-17,2024-04-02,541,541.0
PO-02407,SKU-081,01-15-2025,2025-01-29,2025-01-29,312,312.0
PO-01479,SKU-050,2025-04-09,2025-04-23,2025-04-25,316,316.0
PO-02929,SKU-098,16/07/2025,2025-08-03,2025-08-03,478,478.0
PO-02598,SKU-087,2025-05-28,2025-06-15,2025-06-17,418,418.0
PO-00186,SKU-007,2024-06-05,2024-06-19,2024-06-20,367,367.0
PO-01767,SKU-060,2024-05-15,2024-06-02,2024-06-02,219,219.0
PO-01871,SKU-063,2025-04-30,2025-05-14,2025-05-16,497,497.0
PO-01536,SKU-052,2025-01-29,2025-02-16,2025-02-27,397,397.0
PO-02554,SKU-086,2024-06-12,2024-06-30,2024-06-30,351,351.0
PO-02803,SKU-094,2025-01-22,2025-02-05,2025-02-06,333,333.0
PO-00102,SKU-004,11/12/2024,2024-12-29,2024-12-29,474,474.0
PO-01317,SKU-045,2024-05-29,2024-06-12,2024-06-16,418,418.0
PO-00798,SKU-027,2025-04-16,2025-05-07,2025-05-18,525,525.0
PO-01048,SKU-036,02-14-2024,2024-02-28,2024-02-28,355,355.0
PO-02344,SKU-079,2025-01-22,2025-02-05,2025-02-08,343,343.0
PO-00774,SKU-026,13/08/2025,2025-08-27,2025-08-27,532,532.0
PO-00473,SKU-016,2025-05-21,2025-06-11,2025-06-18,332,332.0
PO-01900,SKU-064,2025-04-30,2025-05-14,2025-05-15,321,321.0
PO-01057,SKU-036,2024-10-02,2024-10-16,2024-10-16,223,223.0
PO-02294,SKU-077,2025-10-15,2025-10-29,2025-10-29,464,464.0
PO-00011,SKU-001,2024-09-18,2024-10-06,2024-10-07,624,624.0
PO-01649,SKU-056,2024-04-10,2024-04-28,2024-05-01,318,318.0
PO-02278,SKU-077,09/10/2024,2024-10-23,2024-10-23,506,506.0
PO-02122,SKU-072,2024-04-03,2024-04-24,2024-05-04,289,289.0
PO-00684,SKU-023,2025-06-25,2025-07-16,2025-07-30,219,219.0
PO-02964,SKU-099,19/11/2025,2025-12-10,2025-12-11,524,524.0
PO-02230,SKU-075,2025-05-14,2025-05-28,2025-05-28,423,423.0
PO-00690,SKU-023,03/12/2025,2025-12-24,2025-12-24,353,353.0
PO-00923,SKU-031,30-Jul-2025,2025-08-13,2025-08-14,388,388.0
PO-01689,SKU-057,2024-12-11,2024-12-25,2024-12-27,348,348.0
PO-01003,SKU-034,01-15-2025,2025-02-02,2025-02-12,519,519.0
PO-00835,SKU-028,2025-11-05,2025-11-26,2025-11-27,375,375.0
PO-00239,SKU-008,2025-12-24,2026-01-11,,765,
PO-00439,SKU-015,23-Apr-2025,2025-05-07,2025-05-07,480,480.0
PO-00650,SKU-022,2025-04-09,2025-04-23,2025-04-24,362,362.0
PO-01812,SKU-061,2025-05-07,2025-05-25,2025-05-25,427,427.0
PO-00443,SKU-015,2025-07-16,2025-07-30,2025-08-02,398,398.0
PO-02887,SKU-097,2024-09-18,2024-10-06,2024-10-06,447,447.0
PO-00225,SKU-008,02-12-2025,2025-03-02,2025-03-21,585,585.0
PO-02552,SKU-086,2024-05-01,2024-05-19,2024-05-19,379,379.0
PO-00790,SKU-027,16-Oct-2024,2024-11-06,2024-11-06,440,440.0
PO-02910,SKU-098,2024-03-27,2024-04-14,2024-05-04,410,410.0
PO-01042,SKU-035,10/09/2025,2025-09-28,2025-09-29,350,350.0
PO-01153,SKU-039,2025-05-07,2025-05-25,2025-05-28,650,650.0
PO-00378,SKU-013,04-09-2025,2025-04-30,2025-05-10,468,468.0
PO-02921,SKU-098,2024-12-25,2025-01-12,2025-01-14,507,425.0
PO-01783,SKU-060,02-Jul-2025,2025-07-20,2025-07-20,250,220.0
PO-00454,SKU-016,2024-02-14,2024-03-06,2024-03-06,275,275.0
PO-00848,SKU-029,2024-09-25,2024-10-09,2024-10-13,442,442.0
PO-01805,SKU-061,04-Dec-2024,2024-12-22,2024-12-25,444,444.0
PO-02020,SKU-068,30/04/2025,2025-05-21,2025-06-03,439,439.0
PO-01411,SKU-048,2024-09-11,2024-09-29,2024-10-02,378,298.0
PO-00769,SKU-026,2025-04-16,2025-04-30,2025-04-30,365,365.0
PO-02503,SKU-084,2025-02-05,2025-02-23,2025-03-09,542,542.0
PO-01132,SKU-038,05/11/2025,2025-11-23,2025-11-25,450,450.0
PO-00344,SKU-012,2024-11-27,2024-12-11,2024-12-11,439,439.0
PO-00120,SKU-005,28-Feb-2024,2024-03-13,2024-03-13,353,353.0
PO-01101,SKU-037,2025-08-13,2025-08-27,2025-08-28,377,377.0
PO-01400,SKU-047,2025-12-03,2025-12-17,2025-12-17,240,240.0
PO-00701,SKU-024,25/09/2024,2024-10-13,2024-10-13,505,505.0
PO-02030,SKU-068,2025-12-24,2026-01-14,,482,
PO-02822,SKU-095,2024-06-05,2024-06-19,2024-06-19,553,553.0
PO-02372,SKU-080,30/10/2024,2024-11-20,2024-11-24,480,374.0
PO-02799,SKU-094,2024-10-02,2024-10-16,2024-10-17,333,333.0
PO-02343,SKU-079,2025-01-01,2025-01-15,2025-01-16,389,389.0
PO-00851,SKU-029,2024-12-11,2024-12-25,2024-12-26,414,414.0
PO-01171,SKU-040,07-10-2024,2024-07-24,2024-07-26,414,414.0
PO-02584,SKU-087,2024-05-22,2024-06-09,2024-06-09,557,557.0
PO-00649,SKU-022,2025-03-12,2025-03-26,2025-03-26,447,447.0
PO-00935,SKU-032,2024-07-17,2024-08-04,2024-08-05,312,312.0
PO-00064,SKU-003,27-Mar-2024,2024-04-10,2024-04-10,396,396.0
PO-00045,SKU-002,2024-11-27,2024-12-15,2024-12-16,574,574.0
PO-01134,SKU-038,2025-12-24,2026-01-11,,376,
PO-02957,SKU-099,2025-05-28,2025-06-18,2025-06-29,480,480.0
PO-01136,SKU-039,2024-02-21,2024-03-10,2024-03-21,419,419.0
PO-01309,SKU-044,11-19-2025,2025-12-03,2025-12-03,558,558.0
PO-01258,SKU-043,2024-07-31,2024-08-21,2024-08-23,390,390.0
PO-01370,SKU-046,2025-11-12,2025-11-30,2025-11-30,410,410.0
PO-02500,SKU-084,2024-11-27,2024-12-15,2024-12-16,414,414.0
PO-01603,SKU-054,2025-06-11,2025-06-25,2025-06-26,392,392.0
PO-01219,SKU-041,2025-12-17,2026-01-07,,434,
PO-01913,SKU-065,2024-01-31,2024-02-21,2024-02-23,358,358.0
PO-01427,SKU-048,2025-10-29,2025-11-16,2025-11-17,320,320.0
PO-02237,SKU-075,29-Oct-2025,2025-11-12,2025-11-12,334,334.0
PO-02147,SKU-072,2025-12-10,2025-12-31,,244,
PO-01464,SKU-050,2024-04-03,2024-04-17,2024-04-20,299,299.0
PO-01564,SKU-053,2025-01-08,2025-01-29,2025-01-29,388,388.0
PO-01352,SKU-046,2024-09-04,2024-09-22,2024-09-22,601,601.0
PO-02704,SKU-091,17-Apr-2024,,2024-05-01,297,297.0
PO-00729,SKU-025,2024-08-28,2024-09-11,2024-09-11,411,411.0
PO-02908,SKU-098,14-Feb-2024,2024-03-03,2024-03-10,324,324.0
PO-01448,SKU-049,03-19-2025,2025-04-06,2025-04-20,365,365.0
PO-02134,SKU-072,2025-01-15,2025-02-05,2025-02-08,269,269.0
PO-02572,SKU-086,2025-08-27,2025-09-14,2025-09-14,401,401.0
PO-02974,SKU-100,2024-07-24,2024-08-07,2024-08-10,541,541.0
PO-02758,SKU-092,17-Dec-2025,2025-12-31,,405,
PO-02443,SKU-082,05-28-2025,2025-06-15,2025-06-16,430,430.0
PO-00612,SKU-021,14/08/2024,2024-08-28,2024-08-28,298,298.0
PO-00630,SKU-021,2025-11-19,2025-12-03,2025-12-03,410,382.0
PO-01278,SKU-043,10-Dec-2025,2025-12-31,,385,
PO-01111,SKU-038,2024-05-22,2024-06-09,2024-06-11,455,455.0
PO-01302,SKU-044,2025-05-28,2025-06-11,2025-06-11,470,470.0
PO-00758,SKU-026,10/07/2024,2024-07-24,2024-07-24,532,532.0
PO-02339,SKU-079,2024-09-25,2024-10-09,2024-10-09,386,386.0
PO-01151,SKU-039,12-Mar-2025,2025-03-30,2025-04-18,517,517.0
PO-00505,SKU-017,06-25-2025,2025-07-09,2025-07-09,505,505.0
PO-02645,SKU-089,04-10-2024,2024-04-24,2024-04-24,539,539.0
PO-00067,SKU-003,2024-06-26,2024-07-10,2024-07-10,540,540.0
PO-00523,SKU-018,09-04-2024,2024-09-18,2024-09-18,438,438.0
PO-02966,SKU-099,2025-12-24,2026-01-14,,470,
PO-02757,SKU-092,2025-11-26,2025-12-10,2025-12-10,382,382.0
PO-02958,SKU-099,2025-06-25,2025-07-16,2025-07-25,429,429.0
PO-01424,SKU-048,2025-08-13,2025-08-31,2025-09-02,346,346.0
PO-01843,SKU-062,2025-06-04,2025-06-25,2025-07-02,314,314.0
PO-02579,SKU-087,01-10-2024,2024-01-28,2024-02-10,435,435.0
PO-01284,SKU-044,2024-04-10,2024-04-24,2024-04-25,372,372.0
PO-01021,SKU-035,2024-04-10,2024-04-28,2024-04-28,339,339.0
PO-02972,SKU-100,2024-06-05,2024-06-19,2024-06-19,623,623.0
PO-00162,SKU-006,2024-11-20,2024-12-04,2024-12-04,431,431.0
PO-01253,SKU-043,2024-03-20,2024-04-10,2024-04-11,335,335.0
PO-02541,SKU-085,2025-09-03,2025-09-24,2025-09-24,254,254.0
PO-02026,SKU-068,2025-10-01,2025-10-22,2025-10-23,485,485.0
PO-02636,SKU-088,2025-09-10,2025-09-24,2025-09-24,493,421.0
PO-01967,SKU-066,2025-10-15,2025-11-05,2025-11-06,231,231.0
PO-01589,SKU-054,07-03-2024,2024-07-17,2024-07-17,269,269.0
PO-00942,SKU-032,01-08-2025,2025-01-26,2025-02-05,369,369.0
PO-02622,SKU-088,2024-10-23,2024-11-06,2024-11-06,691,691.0
PO-01235,SKU-042,2025-01-15,2025-01-29,2025-01-31,362,362.0
PO-00330,SKU-011,12-24-2025,2026-01-07,,506,
PO-00125,SKU-005,2024-06-19,2024-07-03,2024-07-06,279,279.0
PO-01254,SKU-043,2024-04-10,2024-05-01,2024-05-10,438,438.0
PO-00725,SKU-025,05-22-2024,2024-06-05,2024-06-05,366,366.0
PO-02766,SKU-093,2024-06-26,2024-07-17,2024-07-26,409,409.0
PO-02195,SKU-074,2025-02-19,2025-03-12,2025-03-15,286,286.0
PO-02218,SKU-075,07-24-2024,2024-08-07,2024-08-07,424,424.0
PO-02659,SKU-089,03-12-2025,2025-03-26,2025-03-29,365,365.0
PO-02916,SKU-098,21-Aug-2024,2024-09-08,2024-09-10,602,602.0
PO-02675,SKU-090,2024-04-17,2024-05-01,2024-05-03,509,509.0
PO-02350,SKU-079,2025-06-11,2025-06-25,2025-06-26,511,511.0
PO-00589,SKU-020,2025-02-19,2025-03-09,2025-03-28,320,320.0
PO-02293,SKU-077,17-Sep-2025,2025-10-01,2025-10-01,609,609.0
PO-01040,SKU-035,2025-07-23,2025-08-10,2025-08-12,308,215.0
PO-00775,SKU-026,03-Sep-2025,2025-09-17,2025-09-19,502,502.0
PO-01401,SKU-047,2025-12-24,2026-01-07,,329,
PO-00627,SKU-021,2025-08-27,2025-09-10,2025-09-11,287,287.0
PO-00342,SKU-012,2024-10-09,2024-10-23,2024-10-24,531,531.0
PO-01425,SKU-048,2025-09-03,2025-09-21,2025-09-24,353,353.0
PO-02747,SKU-092,26-Mar-2025,2025-04-09,2025-04-09,564,564.0
PO-02213,SKU-075,2024-03-20,2024-04-03,2024-04-03,466,466.0
PO-02297,SKU-077,2025-12-24,2026-01-07,,346,
PO-02354,SKU-079,2025-09-24,2025-10-08,2025-10-08,372,372.0
PO-02864,SKU-096,2025-03-05,2025-03-19,2025-03-19,395,395.0
PO-02199,SKU-074,2025-05-28,2025-06-18,2025-06-24,311,311.0
PO-01388,SKU-047,05-Feb-2025,2025-02-19,2025-02-20,359,359.0
PO-00453,SKU-016,2024-01-24,2024-02-14,2024-02-14,287,287.0
PO-00911,SKU-031,2024-10-16,2024-10-30,2024-10-30,228,228.0
PO-02931,SKU-098,2025-08-27,2025-09-14,2025-09-14,377,377.0
PO-00762,SKU-026,2024-10-09,2024-10-23,2024-10-23,619,619.0
PO-01820,SKU-061,2025-11-19,2025-12-07,2025-12-09,500,500.0
PO-01162,SKU-039,2025-12-10,2025-12-28,,355,
PO-02643,SKU-089,2024-02-21,2024-03-06,2024-03-07,356,356.0
PO-02064,SKU-070,06/03/2024,2024-03-20,2024-03-20,370,370.0
PO-02137,SKU-072,2025-03-26,2025-04-16,2025-04-17,369,369.0
PO-01522,SKU-052,2024-02-07,2024-02-25,2024-03-04,572,533.0
PO-01934,SKU-065,2025-08-06,2025-08-27,2025-08-27,360,360.0
PO-01889,SKU-064,2024-07-17,2024-07-31,2024-08-03,411,411.0
PO-02738,SKU-092,2024-07-31,2024-08-14,2024-08-14,414,414.0
PO-01300,SKU-044,2025-04-16,2025-04-30,2025-04-30,464,464.0
PO-02594,SKU-087,2025-02-12,2025-03-02,2025-03-21,458,458.0
PO-02415,SKU-081,2025-07-23,2025-08-06,2025-08-06,358,358.0
PO-00549,SKU-019,2024-05-15,2024-06-02,2024-06-02,355,355.0
PO-01126,SKU-038,2025-06-25,2025-07-13,2025-07-16,431,431.0
PO-00516,SKU-018,13-Mar-2024,2024-03-27,2024-03-28,501,501.0
PO-00099,SKU-004,2024-09-18,2024-10-06,2024-10-07,573,573.0
PO-02529,SKU-085,13/11/2024,2024-12-04,2024-12-04,400,369.0
PO-00922,SKU-031,2025-07-09,2025-07-23,2025-07-23,363,363.0
PO-00365,SKU-013,2024-05-22,2024-06-12,2024-06-29,476,476.0
PO-00513,SKU-017,2025-12-24,2026-01-07,,585,
PO-01106,SKU-037,2025-12-24,2026-01-07,,263,
PO-02268,SKU-077,02-07-2024,2024-02-21,2024-02-23,570,570.0
PO-00109,SKU-004,2025-05-28,2025-06-15,2025-06-16,444,444.0
PO-02049,SKU-069,2025-03-12,2025-04-02,2025-04-02,458,378.0
PO-02334,SKU-079,29/05/2024,2024-06-12,2024-06-12,371,371.0
PO-01446,SKU-049,05-Feb-2025,2025-02-23,2025-03-11,323,323.0
PO-01050,SKU-036,03-Apr-2024,2024-04-17,2024-04-19,329,329.0
PO-01521,SKU-052,01-10-2024,2024-01-28,2024-02-19,496,496.0
PO-01243,SKU-042,2025-07-16,2025-07-30,2025-07-30,302,302.0
PO-01870,SKU-063,2025-04-02,2025-04-16,2025-04-18,576,576.0
PO-02823,SKU-095,2024-06-26,2024-07-10,2024-07-10,518,518.0
PO-01312,SKU-045,2024-01-17,2024-01-31,2024-01-31,528,528.0
PO-01892,SKU-064,2024-10-02,2024-10-16,2024-10-22,388,388.0
PO-00567,SKU-019,2025-07-30,2025-08-17,2025-08-20,418,418.0
PO-00021,SKU-001,2025-05-28,2025-06-15,2025-06-19,531,415.0
PO-02570,SKU-086,2025-07-09,2025-07-27,2025-07-28,390,390.0
PO-00372,SKU-013,2024-11-13,2024-12-04,2024-12-04,490,490.0
PO-02669,SKU-089,12-Nov-2025,2025-11-26,2025-11-26,479,479.0
PO-01385,SKU-047,2024-11-13,2024-11-27,2024-11-28,293,293.0
PO-00303,SKU-011,04-03-2024,2024-04-17,2024-04-19,373,373.0
PO-00819,SKU-028,2024-09-04,2024-09-25,2024-09-25,561,561.0
PO-02313,SKU-078,2025-01-22,2025-02-12,2025-02-14,276,276.0
PO-02323,SKU-078,2025-10-01,2025-10-22,2025-10-22,249,249.0
PO-01396,SKU-047,2025-08-20,2025-09-03,2025-09-07,342,342.0
PO-02874,SKU-096,2025-11-05,2025-11-19,2025-11-21,303,303.0
PO-02103,SKU-071,2024-10-30,2024-11-17,2024-11-17,345,345.0
PO-02499,SKU-084,06/11/2024,2024-11-24,2024-11-25,396,396.0
PO-01293,SKU-044,10-23-2024,2024-11-06,2024-11-06,611,611.0
PO-01585,SKU-054,03-Apr-2024,2024-04-17,2024-04-21,342,342.0
PO-01773,SKU-060,2024-10-16,2024-11-03,2024-11-06,381,381.0
PO-01652,SKU-056,26-Jun-2024,2024-07-14,2024-07-17,304,304.0
PO-00841,SKU-029,2024-04-10,2024-04-24,2024-04-24,528,408.0
PO-01724,SKU-058,2025-05-21,2025-06-08,2025-06-08,523,523.0
PO-00371,SKU-013,2024-10-23,2024-11-13,2024-11-13,325,325.0
PO-00629,SKU-021,22/10/2025,2025-11-05,2025-11-05,290,290.0
PO-02676,SKU-090,15-May-2024,2024-05-29,2024-06-01,546,546.0
PO-00943,SKU-032,2025-02-05,2025-02-23,2025-03-04,279,279.0
PO-02824,SKU-095,2024-07-31,2024-08-14,2024-08-14,470,470.0
PO-01175,SKU-040,2024-10-23,2024-11-06,2024-11-06,453,453.0
PO-01873,SKU-063,2025-06-25,2025-07-09,2025-07-11,564,564.0
PO-01784,SKU-060,2025-07-23,2025-08-10,2025-08-11,400,400.0
PO-01813,SKU-061,05-28-2025,2025-06-15,2025-06-18,336,336.0
PO-02658,SKU-089,2025-02-19,2025-03-05,2025-03-05,416,416.0
PO-02855,SKU-096,24/07/2024,2024-08-07,2024-08-10,359,359.0
PO-01346,SKU-046,2024-04-10,2024-04-28,2024-04-29,542,542.0
PO-02402,SKU-081,2024-09-18,2024-10-02,2024-10-02,263,263.0
PO-00312,SKU-011,2024-10-30,2024-11-13,2024-11-13,431,431.0
PO-02239,SKU-075,2025-12-10,2025-12-24,2025-12-24,419,419.0
PO-01504,SKU-051,2024-12-04,2024-12-25,2024-12-25,393,393.0
PO-00604,SKU-021,2024-02-14,2024-02-28,2024-02-28,251,251.0
PO-02621,SKU-088,25/09/2024,2024-10-09,2024-10-09,566,566.0
PO-00726,SKU-025,06-12-2024,2024-06-26,2024-06-26,330,330.0
PO-02140,SKU-072,04-Jun-2025,2025-06-25,2025-07-20,362,362.0
PO-02296,SKU-077,03-Dec-2025,2025-12-17,2025-12-17,503,503.0
PO-01687,SKU-057,2024-10-30,2024-11-13,2024-11-13,321,321.0
PO-01590,SKU-054,2024-07-24,2024-08-07,2024-08-07,250,250.0
PO-01298,SKU-044,2025-02-19,2025-03-05,2025-03-05,552,552.0
PO-02599,SKU-087,2025-06-25,2025-07-13,2025-07-16,464,464.0
PO-00074,SKU-003,2024-12-18,2025-01-01,2025-01-01,620,620.0
PO-00541,SKU-018,2025-11-05,2025-11-19,2025-11-19,589,589.0
PO-01961,SKU-066,21-May-2025,2025-06-11,2025-07-01,307,307.0
PO-02809,SKU-094,18/06/2025,2025-07-02,2025-07-02,395,395.0
PO-00785,SKU-027,2024-05-29,2024-06-19,2024-06-25,483,483.0
PO-00199,SKU-007,2025-04-30,2025-05-14,2025-05-14,353,353.0
PO-00209,SKU-007,24-Dec-2025,2026-01-07,,283,
PO-00070,SKU-003,09-11-2024,2024-09-25,2024-09-27,510,410.0
PO-02911,SKU-098,2024-04-17,2024-05-05,2024-05-05,562,562.0
PO-00756,SKU-026,2024-05-29,2024-06-12,2024-06-14,385,385.0
PO-00479,SKU-016,22/10/2025,2025-11-12,2025-11-12,424,424.0
PO-02327,SKU-078,2025-12-17,2026-01-07,,497,
PO-00497,SKU-017,04/12/2024,2024-12-18,2024-12-19,421,421.0
PO-02581,SKU-087,2024-02-28,2024-03-17,2024-04-03,569,569.0
PO-01980,SKU-067,2024-08-21,2024-09-08,2024-09-11,285,285.0
PO-01355,SKU-046,2024-11-27,2024-12-15,2024-12-15,562,562.0
PO-00990,SKU-034,2024-03-13,2024-03-31,2024-04-08,435,435.0
PO-01201,SKU-041,2024-09-11,2024-10-02,2024-10-02,359,359.0
PO-01012,SKU-034,08-27-2025,2025-09-14,2025-09-15,424,424.0
PO-00269,SKU-009,12-03-2025,2025-12-17,2025-12-17,319,319.0
PO-01816,SKU-061,2025-08-06,2025-08-24,2025-08-24,540,540.0
PO-01910,SKU-064,2025-12-17,2025-12-31,,351,
PO-01327,SKU-045,2025-02-05,2025-02-19,2025-02-23,569,569.0
PO-00116,SKU-004,05-Nov-2025,2025-11-23,2025-11-25,501,501.0
PO-01334,SKU-045,07-30-2025,2025-08-13,2025-08-16,632,632.0
PO-00172,SKU-006,2025-07-09,2025-07-23,2025-07-23,438,438.0
PO-00003,SKU-001,13/03/2024,2024-03-31,2024-04-16,331,331.0
PO-01456,SKU-049,2025-10-08,2025-10-26,2025-10-29,361,361.0
PO-01959,SKU-066,2025-04-02,2025-04-23,2025-04-30,375,375.0
PO-01062,SKU-036,2025-02-05,2025-02-19,2025-02-20,308,308.0
PO-02913,SKU-098,2024-06-12,2024-06-30,2024-07-02,334,334.0
PO-00118,SKU-004,2025-12-24,2026-01-11,,484,
PO-00669,SKU-023,2024-06-05,2024-06-26,2024-07-06,339,339.0
PO-00868,SKU-030,2024-01-31,2024-02-21,2024-02-21,491,491.0
PO-02583,SKU-087,01/05/2024,2024-05-19,2024-05-19,357,357.0
PO-00440,SKU-015,2025-05-14,2025-05-28,2025-05-30,554,437.0
PO-00641,SKU-022,2024-09-04,2024-09-18,2024-09-18,452,452.0
PO-00233,SKU-008,2025-09-10,2025-09-28,2025-09-28,453,453.0
PO-00278,SKU-010,2024-06-19,2024-07-07,2024-07-08,392,392.0
PO-02171,SKU-073,2025-07-09,2025-07-27,2025-07-30,620,620.0
PO-00059,SKU-002,2025-11-26,2025-12-14,2025-12-14,499,499.0
PO-00438,SKU-015,2025-04-02,2025-04-16,2025-04-16,505,505.0
PO-00558,SKU-019,01/01/2025,2025-01-19,2025-02-05,386,386.0
PO-01357,SKU-046,2025-01-08,2025-01-26,2025-02-09,435,307.0
PO-01039,SKU-035,2025-07-02,2025-07-20,2025-07-20,318,288.0
PO-01503,SKU-051,13/11/2024,2024-12-04,2024-12-04,480,480.0
PO-00975,SKU-033,2025-03-12,2025-04-02,2025-04-02,354,354.0
PO-01058,SKU-036,2024-10-23,2024-11-06,2024-11-07,290,290.0
PO-00695,SKU-024,2024-05-01,2024-05-19,2024-05-20,438,438.0
PO-00525,SKU-018,16/10/2024,2024-10-30,2024-10-30,429,429.0
PO-01103,SKU-037,2025-10-08,2025-10-22,2025-10-25,304,304.0
PO-02232,SKU-075,06-25-2025,2025-07-09,2025-07-09,420,420.0
PO-00995,SKU-034,2024-07-10,2024-07-28,2024-07-28,318,318.0
PO-02593,SKU-087,2025-01-22,2025-02-09,2025-02-24,389,389.0
PO-02946,SKU-099,2024-09-18,2024-10-09,2024-10-12,488,488.0
PO-00551,SKU-019,2024-07-03,2024-07-21,2024-07-24,334,334.0
PO-00072,SKU-003,30/10/2024,2024-11-13,2024-11-14,500,500.0
PO-00683,SKU-023,2025-06-04,2025-06-25,2025-07-12,305,305.0
PO-00428,SKU-015,2024-08-07,2024-08-21,2024-08-21,382,382.0
PO-00524,SKU-018,09-25-2024,2024-10-09,2024-10-09,439,439.0
PO-01459,SKU-049,2025-12-10,2025-12-28,,304,
PO-01779,SKU-060,19-Mar-2025,2025-04-06,2025-04-11,351,351.0
PO-01762,SKU-060,01-31-2024,2024-02-18,2024-03-03,381,381.0
PO-00509,SKU-017,2025-10-08,2025-10-22,2025-10-22,310,237.0
PO-01604,SKU-054,2025-07-09,2025-07-23,2025-07-25,382,382.0
PO-02163,SKU-073,12-25-2024,2025-01-12,2025-01-14,379,379.0
PO-01790,SKU-060,12-17-2025,2026-01-04,,304,
PO-02954,SKU-099,2025-03-19,2025-04-09,2025-04-09,354,354.0
PO-02815,SKU-094,12-Nov-2025,2025-11-26,2025-11-26,302,302.0
PO-02796,SKU-094,2024-07-24,2024-08-07,2024-08-07,249,249.0
PO-01354,SKU-046,23/10/2024,2024-11-10,2024-11-10,554,554.0
PO-02018,SKU-068,12-Mar-2025,2025-04-02,2025-04-02,392,392.0
PO-02309,SKU-078,09/10/2024,2024-10-30,2024-10-30,286,286.0
PO-02121,SKU-072,2024-03-06,2024-03-27,2024-03-28,355,355.0
PO-00748,SKU-025,2025-11-19,2025-12-03,2025-12-03,402,402.0
PO-01221,SKU-042,31-Jan-2024,2024-02-14,2024-02-16,440,440.0
PO-00881,SKU-030,27-Nov-2024,2024-12-18,2024-12-18,408,408.0
PO-00319,SKU-011,2025-04-23,2025-05-07,2025-05-07,476,476.0
PO-02185,SKU-074,2024-06-26,2024-07-17,2024-08-08,285,285.0
PO-02494,SKU-084,2024-07-10,2024-07-28,2024-07-29,464,351.0
PO-01351,SKU-046,07/08/2024,2024-08-25,2024-08-25,471,471.0
PO-02715,SKU-091,2024-12-25,2025-01-08,2025-01-08,283,240.0
PO-00265,SKU-009,2025-09-03,2025-09-17,2025-09-18,348,348.0
PO-02971,SKU-100,2024-05-08,2024-05-22,2024-05-22,563,563.0
PO-02017,SKU-068,2025-02-12,2025-03-05,2025-03-05,395,395.0
PO-02432,SKU-082,2024-08-28,2024-09-15,2024-09-19,411,411.0
PO-01615,SKU-055,2024-03-06,2024-03-27,2024-03-28,484,484.0
PO-01989,SKU-067,02/04/2025,2025-04-20,2025-04-20,321,321.0
PO-01379,SKU-047,2024-06-26,2024-07-10,2024-07-13,242,242.0
PO-00682,SKU-023,07-May-2025,2025-05-28,2025-06-09,307,307.0
PO-01063,SKU-036,02-26-2025,2025-03-12,2025-03-13,345,345.0
PO-02050,SKU-069,2025-04-02,2025-04-23,2025-05-09,429,429.0
PO-00875,SKU-030,07-17-2024,2024-08-07,2024-08-07,370,370.0
PO-02994,SKU-100,2025-11-12,2025-11-26,2025-11-26,476,476.0
PO-02298,SKU-078,10/01/2024,2024-01-31,2024-01-31,325,325.0
PO-01237,SKU-042,2025-03-05,2025-03-19,2025-03-21,377,377.0
PO-01155,SKU-039,2025-06-25,2025-07-13,2025-07-13,502,502.0
PO-00590,SKU-020,19/03/2025,2025-04-06,2025-04-24,317,317.0
PO-00106,SKU-004,2025-03-19,2025-04-06,2025-04-22,409,409.0
PO-00044,SKU-002,2024-10-30,2024-11-17,2024-11-17,459,459.0
PO-01256,SKU-043,2024-05-29,2024-06-19,2024-06-29,499,499.0
PO-02489,SKU-084,2024-02-14,2024-03-03,2024-03-16,405,405.0
PO-00354,SKU-012,2025-07-30,2025-08-13,2025-08-13,558,558.0
PO-00262,SKU-009,06-18-2025,2025-07-02,2025-07-06,262,262.0
PO-02527,SKU-085,2024-09-18,2024-10-09,2024-10-09,344,344.0
PO-01367,SKU-046,2025-08-27,2025-09-14,2025-09-14,460,460.0
PO-00778,SKU-026,2025-11-12,2025-11-26,2025-11-27,480,480.0
PO-01472,SKU-050,2024-10-16,2024-10-30,2024-10-30,280,280.0
PO-00292,SKU-010,2025-06-11,2025-06-29,2025-06-29,517,517.0
PO-01973,SKU-067,28/02/2024,2024-03-17,2024-04-07,275,275.0
PO-01299,SKU-044,2025-03-19,2025-04-02,2025-04-02,625,625.0
PO-00393,SKU-014,06/03/2024,2024-03-24,2024-04-09,348,348.0
PO-01123,SKU-038,2025-04-09,2025-04-27,2025-04-30,486,486.0
PO-02044,SKU-069,13-Nov-2024,2024-12-04,2024-12-05,396,396.0
PO-02314,SKU-078,2025-02-12,2025-03-05,2025-03-05,425,425.0
PO-00532,SKU-018,2025-04-02,2025-04-16,2025-04-19,507,507.0
PO-00671,SKU-023,2024-07-31,2024-08-21,2024-08-21,321,321.0
PO-02511,SKU-084,03/09/2025,2025-09-21,2025-09-21,478,478.0
PO-01397,SKU-047,2025-09-17,2025-10-01,2025-10-01,313,313.0
PO-01944,SKU-066,2024-04-03,2024-04-24,2024-05-14,268,268.0
PO-00122,SKU-005,17-Apr-2024,2024-05-01,2024-05-01,334,334.0
PO-01646,SKU-056,2024-02-07,2024-02-25,2024-03-10,266,266.0
PO-02506,SKU-084,30/04/2025,2025-05-18,2025-05-21,443,443.0
PO-00226,SKU-008,2025-03-12,2025-03-30,2025-04-09,444,444.0
PO-01141,SKU-039,2024-07-03,2024-07-21,2024-07-21,673,673.0
PO-00216,SKU-008,06-26-2024,2024-07-14,2024-07-14,488,488.0
PO-02461,SKU-083,2024-07-03,2024-07-24,2024-07-24,328,328.0
PO-00593,SKU-020,2025-06-04,2025-06-22,2025-06-22,279,279.0
PO-02983,SKU-100,2025-03-05,2025-03-19,2025-03-21,530,447.0
PO-02832,SKU-095,29-Jan-2025,2025-02-12,2025-02-14,493,398.0
PO-02678,SKU-090,17/07/2024,2024-07-31,2024-07-31,586,586.0
PO-02446,SKU-082,2025-08-06,2025-08-24,2025-08-26,318,318.0
PO-01976,SKU-067,2024-05-22,2024-06-09,2024-06-12,352,352.0
PO-00972,SKU-033,2025-01-01,2025-01-22,2025-01-23,352,352.0
PO-00082,SKU-003,2025-07-09,2025-07-23,2025-07-23,513,513.0
PO-02423,SKU-082,2024-01-10,2024-01-28,2024-02-11,358,295.0
PO-01701,SKU-057,2025-09-24,2025-10-08,2025-10-10,489,489.0
PO-01211,SKU-041,2025-05-14,2025-06-04,2025-06-17,423,423.0
PO-02688,SKU-090,2025-03-12,2025-03-26,2025-04-03,425,425.0
PO-00332,SKU-012,2024-02-07,2024-02-21,2024-02-21,551,551.0
PO-00702,SKU-024,2024-10-16,2024-11-03,2024-11-04,407,407.0
PO-02810,SKU-094,2025-07-16,2025-07-30,2025-07-30,332,332.0
PO-01727,SKU-058,2025-08-13,2025-08-31,2025-09-03,451,451.0
PO-00304,SKU-011,04-24-2024,2024-05-08,2024-05-09,358,358.0
PO-01095,SKU-037,2025-03-12,2025-03-26,2025-03-28,361,361.0
PO-00425,SKU-015,2024-05-22,2024-06-05,2024-06-08,471,471.0
PO-00546,SKU-019,2024-02-21,2024-03-10,2024-03-30,468,468.0
PO-02189,SKU-074,2024-10-02,2024-10-23,2024-10-26,255,255.0
PO-01858,SKU-063,2024-05-22,2024-06-05,2024-06-06,447,447.0
PO-02105,SKU-071,2024-12-11,2024-12-29,2024-12-30,446,446.0
PO-00709,SKU-024,2025-04-02,2025-04-20,2025-04-20,626,626.0
PO-02366,SKU-080,2024-05-29,2024-06-19,2024-07-07,450,374.0
PO-02104,SKU-071,20/11/2024,2024-12-08,2024-12-08,243,243.0
PO-00230,SKU-008,2025-06-25,2025-07-13,2025-07-17,551,551.0
PO-00258,SKU-009,2025-03-12,2025-03-26,2025-03-27,341,341.0
PO-01482,SKU-050,2025-07-02,2025-07-16,2025-07-17,400,400.0
PO-01036,SKU-035,2025-04-23,2025-05-11,2025-05-14,350,350.0
PO-02074,SKU-070,06/11/2024,2024-11-20,2024-11-22,483,483.0
PO-00455,SKU-016,03-06-2024,2024-03-27,2024-03-27,291,266.0
PO-01251,SKU-043,2024-01-31,2024-02-21,2024-02-21,438,438.0
PO-01602,SKU-054,2025-05-14,2025-05-28,2025-05-30,310,310.0
PO-00944,SKU-032,2025-02-26,2025-03-16,2025-04-03,410,410.0
PO-00584,SKU-020,16-Oct-2024,2024-11-03,2024-11-05,321,321.0
PO-01093,SKU-037,2025-01-22,2025-02-05,2025-02-07,341,341.0
PO-00529,SKU-018,22-Jan-2025,2025-02-05,2025-02-06,456,456.0
PO-01044,SKU-035,2025-10-29,2025-11-16,2025-11-18,383,383.0
PO-02217,SKU-075,2024-07-03,2024-07-17,2024-07-19,449,449.0
PO-01744,SKU-059,2024-10-16,2024-11-06,2024-11-08,358,358.0
PO-01742,SKU-059,04-Sep-2024,2024-09-25,2024-09-26,270,270.0
PO-02752,SKU-092,2025-08-13,2025-08-27,2025-08-28,430,430.0
PO-02296,SKU-077,12-03-2025,2025-12-17,2025-12-17,503,503.0
PO-00134,SKU-005,29-Jan-2025,2025-02-12,2025-02-13,276,276.0
PO-00802,SKU-027,13/08/2025,2025-09-03,2025-09-03,607,607.0
PO-01966,SKU-066,2025-09-24,2025-10-15,2025-10-15,244,244.0
PO-01159,SKU-039,2025-10-01,2025-10-19,2025-10-19,682,682.0
PO-02938,SKU-099,2024-02-28,2024-03-20,2024-03-20,361,361.0
PO-02992,SKU-100,2025-09-24,2025-10-08,2025-10-08,455,455.0
PO-02847,SKU-095,2025-12-24,2026-01-07,,665,
PO-01584,SKU-054,2024-03-06,2024-03-20,2024-03-21,376,376.0
PO-00518,SKU-018,2024-05-08,2024-05-22,2024-05-23,590,590.0
PO-01695,SKU-057,04-30-2025,2025-05-14,2025-05-18,466,466.0
PO-01802,SKU-061,18/09/2024,2024-10-06,2024-10-06,526,526.0
PO-01827,SKU-062,2024-05-01,2024-05-22,2024-06-01,249,249.0
PO-01841,SKU-062,2025-04-16,2025-05-07,2025-05-24,243,243.0
PO-01688,SKU-057,2024-11-20,2024-12-04,2024-12-05,302,302.0
PO-01174,SKU-040,2024-09-25,2024-10-09,2024-10-12,422,422.0
PO-00316,SKU-011,2025-02-12,2025-02-26,2025-02-27,389,389.0
PO-00605,SKU-021,2024-03-06,2024-03-20,2024-03-20,244,244.0
PO-02657,SKU-089,2025-01-29,2025-02-12,2025-02-16,468,468.0
PO-01793,SKU-061,21/02/2024,2024-03-10,2024-03-28,472,472.0
PO-01537,SKU-052,2025-02-19,2025-03-09,2025-03-20,579,579.0
PO-02668,SKU-089,2025-10-15,2025-10-29,2025-10-29,488,488.0
PO-02383,SKU-080,2025-06-18,2025-07-09,2025-07-30,456,456.0
PO-02023,SKU-068,23-Jul-2025,2025-08-13,2025-08-17,382,382.0
PO-00409,SKU-014,2025-05-14,2025-06-01,2025-06-02,340,340.0
PO-02559,SKU-086,2024-10-09,2024-10-27,2024-10-27,516,516.0
PO-00158,SKU-006,2024-08-14,2024-08-28,2024-08-28,419,419.0
PO-02509,SKU-084,2025-07-16,2025-08-03,2025-08-03,358,358.0
PO-01345,SKU-046,2024-03-13,2024-03-31,2024-04-14,566,566.0
PO-00495,SKU-017,2024-10-23,2024-11-06,2024-11-07,392,392.0
PO-00028,SKU-001,2025-11-12,2025-11-30,2025-12-02,435,435.0
PO-01753,SKU-059,2025-06-11,2025-07-02,2025-07-19,358,358.0
PO-00431,SKU-015,2024-10-23,2024-11-06,2024-11-09,519,519.0
PO-01643,SKU-055,10/12/2025,2025-12-31,,691,
PO-00104,SKU-004,2025-01-29,2025-02-16,2025-03-07,359,359.0
PO-02159,SKU-073,2024-09-25,2024-10-13,2024-10-15,408,408.0
PO-01263,SKU-043,2024-11-06,2024-11-27,2024-11-30,450,450.0
PO-00197,SKU-007,2025-03-19,2025-04-02,2025-04-02,335,335.0
PO-01047,SKU-035,2025-12-24,2026-01-11,,429,
PO-00786,SKU-027,2024-06-26,2024-07-17,2024-08-02,499,499.0
PO-01368,SKU-046,2025-09-24,2025-10-12,2025-10-12,561,561.0
PO-02386,SKU-080,2025-09-10,2025-10-01,2025-10-01,413,413.0
PO-00242,SKU-009,2024-03-06,2024-03-20,2024-03-20,342,342.0
PO-00188,SKU-007,17-Jul-2024,2024-07-31,2024-08-03,388,388.0
PO-01475,SKU-050,2025-01-01,2025-01-15,2025-01-15,455,455.0
PO-01051,SKU-036,2024-05-08,2024-05-22,2024-05-23,388,388.0
PO-00743,SKU-025,2025-07-30,2025-08-13,2025-08-15,413,413.0
PO-00967,SKU-033,2024-09-25,2024-10-16,2024-10-16,378,378.0
PO-00295,SKU-010,2025-08-20,2025-09-07,2025-09-10,594,594.0
PO-02408,SKU-081,02-05-2025,2025-02-19,2025-02-20,255,255.0
PO-02750,SKU-092,2025-06-18,2025-07-02,2025-07-03,466,466.0
PO-01795,SKU-061,04-10-2024,2024-04-28,2024-04-30,338,338.0
PO-00761,SKU-026,2024-09-11,2024-09-25,2024-09-26,486,458.0
PO-02099,SKU-071,24-Jul-2024,2024-08-11,2024-08-15,341,341.0
PO-01225,SKU-042,08/05/2024,2024-05-22,2024-05-23,379,379.0
PO-00978,SKU-033,2025-05-28,2025-06-18,2025-07-05,545,545.0
PO-02508,SKU-084,2025-06-18,2025-07-06,2025-07-06,497,497.0
PO-02211,SKU-075,2024-02-07,2024-02-21,2024-02-21,372,298.0
PO-01109,SKU-038,2024-03-27,2024-04-14,2024-04-29,557,557.0
PO-02114,SKU-071,2025-07-30,2025-08-17,2025-08-23,363,363.0
PO-01725,SKU-058,2025-06-18,2025-07-06,2025-07-09,525,525.0
PO-00300,SKU-011,2024-01-24,2024-02-07,2024-02-07,432,432.0
PO-02558,SKU-086,2024-09-18,2024-10-06,2024-10-11,402,402.0
PO-00517,SKU-018,10/04/2024,2024-04-24,2024-04-27,613,613.0
PO-00647,SKU-022,2025-01-22,2025-02-05,2025-02-05,282,282.0
PO-00222,SKU-008,2024-11-20,2024-12-08,2024-12-08,463,463.0
PO-00366,SKU-013,2024-06-19,2024-07-10,2024-07-18,545,545.0
PO-00469,SKU-016,2025-02-12,2025-03-05,2025-03-05,333,333.0
PO-01429,SKU-048,17/12/2025,2026-01-04,,347,
PO-00159,SKU-006,11-Sep-2024,2024-09-25,2024-09-25,464,464.0
PO-00054,SKU-002,2025-07-23,2025-08-10,2025-08-11,443,443.0
PO-01898,SKU-064,03-12-2025,2025-03-26,2025-03-26,274,274.0
PO-01922,SKU-065,2024-09-11,2024-10-02,2024-10-04,498,498.0
PO-02536,SKU-085,2025-04-30,2025-05-21,2025-06-06,287,287.0
PO-01408,SKU-048,2024-06-19,2024-07-07,2024-07-07,326,326.0
PO-02662,SKU-089,21-May-2025,2025-06-04,2025-06-05,350,288.0
PO-00764,SKU-026,2024-12-11,2024-12-25,2024-12-25,401,401.0
PO-02990,SKU-100,06-Aug-2025,2025-08-20,2025-08-24,355,355.0
PO-00463,SKU-016,2024-09-11,2024-10-02,2024-10-02,307,246.0
PO-02240,SKU-076,2024-02-07,2024-02-28,2024-03-01,283,283.0
PO-00213,SKU-008,04-17-2024,2024-05-05,2024-05-06,457,457.0
PO-01613,SKU-055,2024-01-10,2024-01-31,2024-01-31,593,593.0
PO-01490,SKU-051,2024-01-10,2024-01-31,2024-01-31,445,445.0
PO-02574,SKU-086,2025-10-22,2025-11-09,2025-11-12,296,296.0
PO-02652,SKU-089,2024-10-02,2024-10-16,2024-10-20,392,392.0
PO-01659,SKU-056,11/12/2024,2024-12-29,2024-12-29,413,413.0
PO-02101,SKU-071,11/09/2024,2024-09-29,2024-09-29,481,481.0
PO-02905,SKU-097,12-17-2025,2026-01-04,,433,
PO-00779,SKU-026,03-Dec-2025,2025-12-17,2025-12-17,512,512.0
PO-00389,SKU-013,2025-12-17,2026-01-07,,719,
PO-02066,SKU-070,2024-04-17,2024-05-01,2024-05-02,496,496.0
PO-01481,SKU-050,2025-06-04,2025-06-18,2025-06-18,373,373.0
PO-02807,SKU-094,30/04/2025,2025-05-14,2025-05-17,384,384.0
PO-02469,SKU-083,2024-12-25,2025-01-15,2025-01-15,367,367.0
PO-00400,SKU-014,2024-09-04,2024-09-22,2024-09-22,405,405.0
PO-00500,SKU-017,2025-02-12,2025-02-26,2025-02-26,456,456.0
PO-01129,SKU-038,2025-09-03,2025-09-21,2025-09-22,504,504.0
PO-01675,SKU-057,01-31-2024,2024-02-14,2024-02-14,543,543.0
PO-00326,SKU-011,2025-09-17,2025-10-01,2025-10-03,432,432.0
PO-02323,SKU-078,2025-10-01,2025-10-22,2025-10-22,249,249.0
PO-00090,SKU-004,14-Feb-2024,2024-03-03,2024-03-12,347,347.0
PO-01026,SKU-035,07-Aug-2024,2024-08-25,2024-08-26,304,304.0
PO-01110,SKU-038,2024-04-24,2024-05-12,2024-05-12,544,544.0
PO-01447,SKU-049,19/02/2025,2025-03-09,2025-03-21,377,377.0
PO-00166,SKU-006,02-26-2025,2025-03-12,2025-03-12,470,470.0
PO-01240,SKU-042,14-May-2025,2025-05-28,2025-05-28,300,269.0
PO-00244,SKU-009,2024-04-24,2024-05-08,2024-05-09,361,361.0
PO-01739,SKU-059,19/06/2024,2024-07-10,2024-07-18,403,403.0
PO-02374,SKU-080,2024-12-11,2025-01-01,2025-01-02,456,456.0
PO-01069,SKU-036,07-16-2025,2025-07-30,2025-07-31,313,313.0
PO-00598,SKU-020,10-01-2025,2025-10-19,2025-10-19,244,244.0
PO-02357,SKU-079,2025-11-26,2025-12-10,2025-12-13,397,397.0
PO-00985,SKU-033,2025-11-26,2025-12-17,2025-12-20,456,456.0
PO-00406,SKU-014,2025-02-12,2025-03-02,2025-03-25,319,319.0
PO-02533,SKU-085,2025-02-12,2025-03-05,2025-03-08,342,342.0
PO-00320,SKU-011,2025-05-21,2025-06-04,2025-06-04,478,478.0
PO-02519,SKU-085,28/02/2024,2024-03-20,2024-03-20,220,220.0
PO-02642,SKU-089,2024-01-31,2024-02-14,2024-02-16,406,406.0
PO-01112,SKU-038,19-Jun-2024,2024-07-07,2024-07-07,561,561.0
PO-01930,SKU-065,2025-04-23,2025-05-14,2025-05-19,445,445.0
PO-00490,SKU-017,07-03-2024,2024-07-17,2024-07-17,413,413.0
PO-02924,SKU-098,2025-03-05,2025-03-23,2025-04-03,388,388.0
PO-00388,SKU-013,10/12/2025,2025-12-31,,661,
PO-01829,SKU-062,2024-06-26,2024-07-17,2024-07-23,324,324.0
PO-02724,SKU-091,07-23-2025,2025-08-06,2025-08-10,341,341.0
PO-01231,SKU-042,2024-10-02,2024-10-16,2024-10-18,512,512.0
PO-01637,SKU-055,2025-08-06,2025-08-27,2025-08-28,548,548.0
PO-01879,SKU-063,11-19-2025,2025-12-03,2025-12-06,425,425.0
PO-02224,SKU-075,2024-12-18,2025-01-01,2025-01-04,538,538.0
PO-02986,SKU-100,2025-05-07,2025-05-21,2025-05-24,483,483.0
PO-00807,SKU-027,2025-12-17,2026-01-07,,358,
PO-00991,SKU-034,2024-04-03,2024-04-21,2024-04-21,495,495.0
PO-01611,SKU-054,2025-12-17,2025-12-31,,349,
PO-00279,SKU-010,2024-07-10,2024-07-28,2024-07-28,555,555.0
PO-00821,SKU-028,10-23-2024,2024-11-13,2024-11-14,344,344.0
PO-02849,SKU-096,02-07-2024,2024-02-21,2024-02-21,375,375.0
PO-02609,SKU-087,24-Dec-2025,2026-01-11,,735,
PO-02962,SKU-099,2025-10-08,2025-10-29,2025-10-29,261,261.0
PO-00398,SKU-014,2024-07-17,2024-08-04,2024-08-06,308,308.0
PO-02867, SKU-096 ,2025-05-21,2025-06-04,2025-06-05,411,411.0
PO-00862,SKU-029,2025-09-03,2025-09-17,2025-09-17,619,619.0
PO-01272,SKU-043,09/07/2025,2025-07-30,2025-07-30,576,464.0
PO-00813,SKU-028,10-Apr-2024,2024-05-01,2024-05-10,372,372.0
PO-01627,SKU-055,04/12/2024,2024-12-25,2024-12-25,585,585.0
PO-00667,SKU-023,2024-04-03,2024-04-24,2024-05-02,335,335.0
PO-01264,SKU-043,2024-12-11,2025-01-01,2025-01-03,379,379.0
PO-01755,SKU-059,06/08/2025,2025-08-27,2025-08-28,424,424.0
PO-01181,SKU-040,2025-03-12,2025-03-26,2025-03-27,339,339.0
PO-00635,SKU-022,2024-04-17,2024-05-01,2024-05-05,325,299.0
PO-00928,SKU-031,2025-12-10,2025-12-24,2025-12-24,324,324.0
PO-02315,SKU-078,2025-03-12,2025-04-02,2025-04-06,321,321.0
PO-00646,SKU-022,01-01-2025,2025-01-15,2025-01-15,452,452.0
PO-01506,SKU-051,2025-01-15,2025-02-05,2025-02-06,470,470.0
PO-02102,SKU-071,2024-10-09,2024-10-27,2024-10-27,356,356.0
PO-00284,SKU-010,2024-11-20,2024-12-08,2024-12-08,432,432.0
PO-02447,SKU-082,27/08/2025,2025-09-14,2025-09-14,389,389.0
PO-00711,SKU-024,2025-06-04,2025-06-22,2025-06-24,495,495.0
PO-01706,SKU-058,02-28-2024,2024-03-17,2024-03-27,390,363.0
PO-00427,SKU-015,2024-07-10,2024-07-24,2024-07-24,502,502.0
PO-02619,SKU-088,14-Aug-2024,2024-08-28,2024-08-31,533,384.0
PO-01393,SKU-047,2025-06-04,2025-06-18,2025-06-18,332,332.0
PO-02427,SKU-082,2024-04-17,2024-05-05,2024-05-06,487,487.0
PO-00540,SKU-018,08/10/2025,2025-10-22,2025-10-23,421,421.0
PO-01857,SKU-063,2024-05-01,2024-05-15,2024-05-16,460,460.0
PO-01468,SKU-050,03/07/2024,2024-07-17,2024-07-18,333,333.0
PO-02306,SKU-078,2024-07-24,2024-08-14,2024-08-14,390,390.0
PO-00096,SKU-004,2024-07-10,2024-07-28,2024-07-30,485,485.0
PO-01245,SKU-042,09-03-2025,2025-09-17,2025-09-19,340,242.0
PO-02698,SKU-090,12-Nov-2025,2025-11-26,2025-11-26,420,420.0
PO-02016,SKU-068,2025-01-15,2025-02-05,2025-02-05,482,482.0
PO-01598,SKU-054,05-Feb-2025,2025-02-19,2025-02-19,381,381.0
PO-01684,SKU-057,2024-08-28,2024-09-11,2024-09-11,380,380.0
PO-00531,SKU-018,2025-03-12,2025-03-26,2025-03-28,459,459.0
PO-01653,SKU-056,2024-07-17,2024-08-04,2024-08-05,397,397.0
PO-02700,SKU-091,2024-01-17,2024-01-31,2024-01-31,333,333.0
PO-02451,SKU-082,2025-11-19,2025-12-07,2025-12-09,493,493.0
PO-01323,SKU-045,2024-10-23,2024-11-06,2024-11-06,505,436.0
PO-01917,SKU-065,2024-05-01,2024-05-22,2024-05-29,466,466.0
PO-00433,SKU-015,12-18-2024,2025-01-01,2025-01-01,493,493.0
PO-00997,SKU-034,2024-08-21,2024-09-08,2024-09-09,543,543.0
PO-00971,SKU-033,2024-12-04,2024-12-25,2024-12-26,425,425.0
PO-00740,SKU-025,2025-05-14,2025-05-28,2025-05-28,526,526.0
PO-02725,SKU-091,2025-08-20,2025-09-03,2025-09-03,428,428.0
PO-00874,SKU-030,2024-06-19,2024-07-10,2024-07-31,503,503.0
PO-01979,SKU-067,2024-07-31,2024-08-18,2024-08-20,237,237.0
PO-01905,SKU-064,08-27-2025,2025-09-10,2025-09-12,272,272.0
PO-01070,SKU-036,2025-08-13,2025-08-27,2025-08-27,306,306.0
PO-01733,SKU-058,2025-12-24,2026-01-11,,430,
PO-02637,SKU-088,2025-10-01,2025-10-15,2025-10-15,442,442.0
PO-01797,SKU-061,2024-05-22,2024-06-09,2024-06-09,-432,432.0
PO-01494,SKU-051,24/04/2024,2024-05-15,2024-05-29,453,392.0
PO-01713,SKU-058,08-07-2024,2024-08-25,2024-08-25,397,397.0
PO-00561,SKU-019,2025-03-19,2025-04-06,2025-04-19,359,359.0
PO-00395,SKU-014,05-01-2024,2024-05-19,2024-05-19,435,435.0
PO-00675,SKU-023,13-Nov-2024,2024-12-04,2024-12-04,347,347.0
PO-02783,SKU-093,2025-08-20,2025-09-10,2025-09-10,422,422.0
PO-00142,SKU-005,2025-08-06,2025-08-20,2025-08-20,365,365.0
PO-00313,SKU-011,2024-11-27,2024-12-11,2024-12-12,374,374.0
PO-02968,SKU-100,2024-02-21,2024-03-06,2024-03-13,412,412.0
PO-00655,SKU-022,30-Jul-2025,2025-08-13,2025-08-13,322,322.0
PO-01998,SKU-067,2025-10-22,2025-11-09,2025-11-12,250,250.0
PO-02630,SKU-088,2025-05-07,2025-05-21,2025-05-25,505,505.0
PO-02973,SKU-100,2024-07-03,2024-07-17,2024-07-20,425,425.0
PO-01277,SKU-043,2025-11-19,2025-12-10,2025-12-11,368,368.0
PO-02201,SKU-074,16-Jul-2025,2025-08-06,2025-08-06,234,234.0
PO-00871,SKU-030,10-Apr-2024,2024-05-01,2024-05-17,380,380.0
PO-00296,SKU-010,2025-09-24,2025-10-12,2025-10-16,572,572.0
PO-01710,SKU-058,2024-06-12,2024-06-30,2024-06-30,506,506.0
PO-02914,SKU-098,03/07/2024,2024-07-21,2024-07-24,535,535.0
PO-00545,SKU-019,24-Jan-2024,2024-02-11,2024-02-20,409,409.0
PO-02434,SKU-082,16-Oct-2024,2024-11-03,2024-11-04,348,348.0
PO-01845,SKU-062,23/07/2025,2025-08-13,2025-08-16,281,281.0
PO-02311,SKU-078,2024-11-27,2024-12-18,2024-12-18,408,408.0
PO-02063,SKU-070,2024-02-14,2024-02-28,2024-02-28,313,253.0
PO-01929,SKU-065,2025-03-26,2025-04-16,2025-04-17,513,513.0
PO-00824,SKU-028,2025-01-08,2025-01-29,2025-01-29,399,399.0
PO-02310,SKU-078,2024-10-30,2024-11-20,2024-11-22,336,336.0
PO-02969,SKU-100,2024-03-13,2024-03-27,2024-03-27,517,517.0
PO-01125,SKU-038,2025-05-28,2025-06-15,2025-06-19,591,591.0
PO-02510,SKU-084,2025-08-06,2025-08-24,2025-08-24,457,457.0
PO-02273,SKU-077,2024-06-19,2024-07-03,2024-07-04,599,599.0
PO-02528,SKU-085,2024-10-16,2024-11-06,2024-11-08,390,390.0
PO-02312,SKU-078,12-25-2024,2025-01-15,2025-01-15,425,425.0
PO-02400,SKU-081,31-Jul-2024,2024-08-14,2024-08-15,365,365.0
PO-01210,SKU-041,2025-04-16,2025-05-07,2025-05-25,322,322.0
PO-01094,SKU-037,2025-02-19,2025-03-05,2025-03-05,303,303.0
PO-01799,SKU-061,10-Jul-2024,2024-07-28,2024-07-28,466,466.0
PO-01686,SKU-057,2024-10-09,2024-10-23,2024-10-27,375,375.0
PO-00552,SKU-019,2024-07-24,2024-08-11,2024-08-11,396,396.0
PO-01817,SKU-061,2025-09-03,2025-09-21,2025-09-23,415,415.0
PO-00178,SKU-006,2025-11-26,2025-12-10,2025-12-11,414,414.0
PO-00855,SKU-029,2025-03-12,2025-03-26,2025-03-30,395,395.0
PO-01495,SKU-051,2024-05-15,2024-06-05,2024-06-13,501,501.0
PO-02731,SKU-092,2024-01-24,2024-02-07,2024-02-07,425,425.0
PO-00071,SKU-003,02-Oct-2024,2024-10-16,2024-10-16,530,530.0
PO-01694,SKU-057,2025-04-09,2025-04-23,2025-04-27,388,388.0
PO-02322,SKU-078,2025-09-10,2025-10-01,2025-10-01,410,314.0
PO-02772,SKU-093,2024-11-13,2024-12-04,2024-12-04,498,498.0
PO-01023,SKU-035,2024-05-22,2024-06-09,2024-06-11,295,295.0
PO-01542,SKU-052,2025-06-25,2025-07-13,2025-07-13,455,455.0
PO-00603,SKU-021,2024-01-24,2024-02-07,2024-02-07,329,329.0
PO-02919,SKU-098,2024-11-06,2024-11-24,2024-11-25,540,540.0
PO-00285,SKU-010,2024-12-18,2025-01-05,2025-01-07,533,533.0
PO-00956,SKU-032,2025-12-24,2026-01-11,,457,
PO-00987,SKU-033,2025-12-24,2026-01-14,,536,
PO-02288,SKU-077,2025-05-21,2025-06-04,2025-06-04,552,552.0
PO-02682,SKU-090,2024-10-23,2024-11-06,2024-11-08,606,606.0
PO-01301,SKU-044,2025-05-07,2025-05-21,2025-05-21,459,459.0
PO-01423,SKU-048,2025-07-16,2025-08-03,2025-08-06,389,389.0
PO-00901,SKU-031,2024-02-21,2024-03-06,2024-03-08,356,356.0
PO-00334,SKU-012,2024-04-03,2024-04-17,2024-04-17,585,585.0
PO-00442,SKU-015,02-Jul-2025,2025-07-16,2025-07-16,543,409.0
PO-02127,SKU-072,2024-08-07,2024-08-28,2024-08-28,406,406.0
PO-02248,SKU-076,2024-08-14,2024-09-04,2024-09-09,338,338.0
PO-00521,SKU-018,2024-07-17,2024-07-31,2024-08-02,527,527.0
PO-01105,SKU-037,03/12/2025,2025-12-17,2025-12-17,268,268.0
PO-02792,SKU-094,2024-04-17,2024-05-01,2024-05-01,303,303.0
PO-01825,SKU-062,2024-03-13,2024-04-03,2024-04-05,227,227.0
PO-00066,SKU-003,29-May-2024,2024-06-12,2024-06-14,562,562.0
PO-01055,SKU-036,21/08/2024,2024-09-04,2024-09-04,270,270.0
PO-00652,SKU-022,2025-05-21,2025-06-04,2025-06-10,430,430.0
PO-01878,SKU-063,10-22-2025,2025-11-05,2025-11-05,479,479.0
PO-02154,SKU-073,2024-05-22,2024-06-09,2024-06-14,345,345.0
PO-00745,SKU-025,2025-09-10,2025-09-24,2025-09-25,491,491.0
PO-01526,SKU-052,2024-05-22,2024-06-09,2024-06-11,560,560.0
PO-02754,SKU-092,01/10/2025,2025-10-15,2025-10-18,352,352.0
PO-02245,SKU-076,2024-06-05,2024-06-26,2024-07-01,281,281.0
PO-00047,SKU-002,15-Jan-2025,2025-02-02,2025-02-20,461,461.0
PO-02818,SKU-095,2024-02-28,2024-03-13,2024-03-15,633,633.0
PO-00062,SKU-003,07-Feb-2024,2024-02-21,2024-02-21,418,418.0
PO-01034,SKU-035,26/02/2025,2025-03-16,2025-04-05,402,402.0
PO-01955,SKU-066,2024-12-25,2025-01-15,2025-01-15,226,226.0
PO-02473,SKU-083,2025-04-02,2025-04-23,2025-05-06,348,348.0
PO-02883,SKU-097,2024-05-29,2024-06-16,2024-06-16,326,326.0
PO-02857,SKU-096,18-Sep-2024,2024-10-02,2024-10-04,397,397.0
PO-01140,SKU-039,05-Jun-2024,2024-06-23,2024-06-24,456,456.0
PO-00203,SKU-007,2025-08-13,2025-08-27,2025-08-28,315,315.0
PO-02220,SKU-075,2024-09-11,2024-09-25,2024-09-25,527,527.0
PO-00809,SKU-028,2024-01-10,2024-01-31,2024-02-01,388,388.0
PO-02464,SKU-083,2024-09-04,2024-09-25,2024-09-25,303,303.0
PO-01776,SKU-060,2025-01-01,2025-01-19,2025-01-26,343,343.0
PO-02153,SKU-073,04-24-2024,2024-05-12,2024-05-12,444,444.0
PO-01970,SKU-066,2025-12-17,2026-01-07,,380,
PO-00876,SKU-030,2024-08-07,2024-08-28,2024-08-28,407,407.0
PO-01587,SKU-054,22/05/2024,2024-06-05,2024-06-05,292,292.0
PO-00029,SKU-001,10/12/2025,2025-12-28,,497,
PO-00773,SKU-026,16-Jul-2025,2025-07-30,2025-08-01,476,476.0
PO-00994,SKU-034,2024-06-19,2024-07-07,2024-07-07,427,403.0
PO-00127,SKU-005,07/08/2024,2024-08-21,2024-08-26,359,359.0
PO-01991,SKU-067,2025-05-28,2025-06-15,2025-06-15,286,286.0
PO-01885,SKU-064,2024-04-17,2024-05-01,2024-05-03,316,316.0
PO-01711,SKU-058,2024-07-03,2024-07-21,2024-07-21,321,321.0
PO-00417,SKU-014,2025-12-03,2025-12-21,,364,
PO-00200,SKU-007,28-May-2025,2025-06-11,2025-06-11,359,359.0
PO-02113,SKU-071,02/07/2025,2025-07-20,2025-07-20,413,413.0
PO-01218,SKU-041,2025-12-10,2025-12-31,,230,
PO-01550,SKU-053,24-Jan-2024,2024-02-14,2024-02-17,362,362.0
PO-01186,SKU-040,2025-07-09,2025-07-23,2025-07-23,496,496.0
PO-02287,SKU-077,2025-04-30,2025-05-14,2025-05-15,437,437.0
PO-02733,SKU-092,03-13-2024,2024-03-27,2024-03-27,435,435.0
PO-00240,SKU-009,2024-01-17,2024-01-31,2024-02-01,384,384.0
PO-01952,SKU-066,2024-10-16,2024-11-06,2024-11-08,275,275.0
PO-00858,SKU-029,2025-05-21,2025-06-04,2025-06-04,498,498.0
PO-01188,SKU-040,2025-08-27,2025-09-10,2025-09-10,452,452.0
PO-01465,SKU-050,2024-04-24,2024-05-08,2024-05-08,360,360.0
PO-01228,SKU-042,17-Jul-2024,2024-07-31,2024-07-31,387,387.0
PO-00260,SKU-009,2025-05-07,2025-05-21,2025-05-21,307,307.0
PO-01948,SKU-066,03/07/2024,2024-07-24,2024-07-27,253,253.0
PO-02808,SKU-094,2025-05-21,2025-06-04,2025-06-06,309,309.0
PO-01844,SKU-062,2025-06-25,2025-07-16,2025-08-08,236,236.0
PO-02055,SKU-069,2025-08-13,2025-09-03,2025-09-03,302,302.0
PO-01987,SKU-067,2025-02-12,2025-03-02,2025-03-19,329,329.0
PO-02963,SKU-099,2025-10-29,2025-11-19,2025-11-19,365,365.0
PO-01632,SKU-055,2025-04-02,2025-04-23,2025-05-10,663,663.0
PO-01607,SKU-054,2025-09-24,2025-10-08,2025-10-10,370,370.0
PO-00391,SKU-014,24-Jan-2024,2024-02-11,2024-02-22,248,248.0
PO-00548,SKU-019,24/04/2024,2024-05-12,2024-05-12,417,396.0
PO-00508,SKU-017,10-Sep-2025,2025-09-24,2025-09-24,418,418.0
PO-02848,SKU-096,17/01/2024,2024-01-31,2024-02-02,274,274.0
PO-00238,SKU-008,2025-12-17,2026-01-04,,603,
PO-00526,SKU-018,06-Nov-2024,2024-11-20,2024-11-20,510,510.0
PO-00467,SKU-016,12-18-2024,2025-01-08,2025-01-08,325,325.0
PO-02853,SKU-096,29-May-2024,2024-06-12,2024-06-14,354,318.0
PO-02029,SKU-068,2025-12-17,2026-01-07,,407,
PO-02587,SKU-087,2024-08-21,2024-09-08,2024-09-09,537,537.0
PO-00095,SKU-004,2024-06-19,2024-07-07,2024-07-09,464,464.0
PO-00648,SKU-022,2025-02-12,2025-02-26,2025-02-28,532,532.0
PO-02399,SKU-081,2024-07-10,2024-07-24,2024-07-24,247,247.0
PO-00925,SKU-031,2025-09-24,2025-10-08,2025-10-08,314,314.0
PO-01616,SKU-055,2024-03-27,2024-04-17,2024-04-21,410,410.0
PO-02651,SKU-089,2024-09-11,2024-09-25,2024-09-26,394,394.0
PO-00202,SKU-007,2025-07-16,2025-07-30,2025-07-31,367,367.0
PO-02565,SKU-086,05-Mar-2025,2025-03-23,2025-04-10,384,384.0
PO-00079,SKU-003,2025-04-30,2025-05-14,2025-05-16,476,476.0
PO-02204,SKU-074,2025-09-17,2025-10-08,2025-10-10,400,400.0
PO-01606,SKU-054,27-Aug-2025,2025-09-10,2025-09-11,325,325.0
PO-02538,SKU-085,2025-06-25,2025-07-16,2025-07-27,354,354.0
PO-02545,SKU-085,2025-12-10,2025-12-31,,335,
PO-01387,SKU-047,01-08-2025,2025-01-22,2025-01-26,293,293.0
PO-02790,SKU-094,2024-02-14,2024-02-28,2024-02-28,376,376.0
PO-00231,SKU-008,2025-07-23,2025-08-10,2025-08-10,540,540.0
PO-01851,SKU-062,12-17-2025,2026-01-07,,337,
PO-02097,SKU-071,2024-06-05,2024-06-23,2024-06-26,289,289.0
PO-00494,SKU-017,02/10/2024,2024-10-16,2024-10-21,420,344.0
PO-02628,SKU-088,2025-03-19,2025-04-02,2025-04-03,446,446.0
PO-01863,SKU-063,2024-09-25,2024-10-09,2024-10-12,467,467.0
PO-02194,SKU-074,2025-01-29,2025-02-19,2025-02-19,244,244.0
PO-01467,SKU-050,2024-06-05,2024-06-19,2024-06-21,368,368.0
PO-01068,SKU-036,2025-06-25,2025-07-09,2025-07-13,248,248.0
PO-01088,SKU-037,10-02-2024,2024-10-16,2024-10-21,293,293.0
PO-02308,SKU-078,09-11-2024,2024-10-02,2024-10-02,383,383.0
PO-00885,SKU-030,2025-03-05,2025-03-26,2025-03-26,461,461.0
PO-00459,SKU-016,2024-06-05,2024-06-26,2024-07-10,380,380.0
PO-02412,SKU-081,2025-05-07,2025-05-21,2025-05-22,366,366.0
PO-02161,SKU-073,06-Nov-2024,2024-11-24,2024-11-27,482,482.0
PO-02617,SKU-088,2024-06-26,2024-07-10,2024-07-10,529,529.0
PO-00018,SKU-001,12-Mar-2025,2025-03-30,2025-04-13,609,609.0
PO-02735,SKU-092,2024-05-08,2024-05-22,2024-05-25,489,489.0
PO-02156,SKU-073,2024-07-10,2024-07-28,2024-07-28,432,432.0
PO-00002,SKU-001,2024-02-21,2024-03-10,2024-03-22,477,477.0
PO-02775,SKU-093,2025-01-29,2025-02-19,2025-02-19,473,473.0
PO-01895,SKU-064,12-25-2024,2025-01-08,2025-01-09,309,309.0
PO-01577,SKU-053,05/11/2025,2025-11-26,2025-11-26,479,479.0
PO-02819,SKU-095,2024-03-27,2024-04-10,2024-04-15,501,438.0
PO-02422,SKU-081,24-Dec-2025,2026-01-07,,393,
PO-02062,SKU-070,2024-01-17,2024-01-31,2024-02-01,434,434.0
PO-00784,SKU-027,2024-05-08,2024-05-29,2024-06-09,375,375.0
PO-00592,SKU-020,2025-05-14,2025-06-01,2025-06-02,199,199.0
PO-01730,SKU-058,2025-10-15,2025-11-02,2025-11-02,425,425.0
PO-02057,SKU-069,09-24-2025,2025-10-15,2025-10-15,387,387.0
PO-02039,SKU-069,2024-07-24,2024-08-14,2024-08-15,381,381.0
PO-01259,SKU-043,2024-08-21,2024-09-11,2024-09-14,378,378.0
PO-02695,SKU-090,2025-09-03,2025-09-17,2025-09-17,450,450.0
PO-01624,SKU-055,2024-10-02,2024-10-23,2024-10-24,473,473.0
PO-01341,SKU-045,12-17-2025,2025-12-31,,571,
PO-00804,SKU-027,10-15-2025,2025-11-05,2025-11-05,478,478.0
PO-01981,SKU-067,2024-09-11,2024-09-29,2024-10-02,233,233.0
PO-01543,SKU-052,07-23-2025,2025-08-10,2025-08-12,484,484.0
PO-01279,SKU-043,17/12/2025,2026-01-07,,558,
PO-02723,SKU-091,02-Jul-2025,2025-07-16,2025-07-16,315,315.0
PO-00307,SKU-011,2024-07-03,,2024-07-18,497,497.0
PO-01834,SKU-062,2024-10-30,2024-11-20,2024-11-21,286,286.0
PO-02375,SKU-080,2025-01-01,2025-01-22,2025-01-22,438,438.0
PO-02377,SKU-080,2025-02-12,2025-03-05,2025-03-05,514,395.0
PO-01273,SKU-043,2025-08-06,2025-08-27,2025-08-27,445,445.0
PO-01669,SKU-056,2025-07-30,2025-08-17,2025-08-18,418,418.0
PO-01314,SKU-045,2024-03-20,2024-04-03,2024-04-06,429,429.0
PO-00576,SKU-020,2024-03-27,2024-04-14,2024-04-30,330,330.0
PO-01086,SKU-037,14/08/2024,2024-08-28,2024-08-29,401,401.0
PO-01737,SKU-059,2024-04-24,2024-05-15,2024-06-05,301,301.0
PO-00471,SKU-016,26/03/2025,2025-04-16,2025-04-19,302,302.0
PO-02011,SKU-068,11/09/2024,2024-10-02,2024-10-06,479,479.0
PO-01409,SKU-048,2024-07-17,2024-08-04,2024-08-04,463,463.0
PO-02513,SKU-084,29-Oct-2025,2025-11-16,2025-11-16,479,479.0
PO-02329,SKU-079,2024-01-17,2024-01-31,2024-02-01,331,331.0
PO-02795,SKU-094,2024-07-03,2024-07-17,2024-07-17,246,246.0
PO-00931,SKU-032,2024-03-27,2024-04-14,2024-04-27,365,365.0
PO-02784,SKU-093,2025-09-17,2025-10-08,2025-10-08,418,418.0
PO-01671,SKU-056,2025-09-24,2025-10-12,2025-10-13,380,270.0
PO-02094,SKU-071,2024-03-13,2024-03-31,2024-04-16,376,376.0
PO-02826,SKU-095,11-Sep-2024,2024-09-25,2024-09-25,438,438.0
PO-02362,SKU-080,2024-02-21,2024-03-13,2024-03-14,504,504.0
PO-00822,SKU-028,2024-11-13,2024-12-04,2024-12-06,490,490.0
PO-02531,SKU-085,2024-12-25,2025-01-15,2025-01-16,332,332.0
PO-00227,SKU-008,2025-04-16,2025-05-04,2025-05-04,674,674.0
PO-01532,SKU-052,2024-10-23,2024-11-10,2024-11-10,393,393.0
PO-02304,SKU-078,2024-05-29,2024-06-19,2024-07-07,360,360.0
PO-01539,SKU-052,2025-04-02,2025-04-20,2025-04-25,505,505.0
PO-02360,SKU-080,2024-01-10,2024-01-31,2024-02-01,557,557.0
PO-02633,SKU-088,2025-07-09,2025-07-23,2025-07-23,462,462.0
PO-02157,SKU-073,2024-08-07,2024-08-25,2024-08-25,433,433.0
PO-01144,SKU-039,09-25-2024,2024-10-13,2024-10-13,551,551.0
PO-00148,SKU-005,2025-12-24,2026-01-07,,443,
PO-01374,SKU-047,2024-02-28,2024-03-13,2024-03-13,303,303.0
PO-01191,SKU-040,12-Nov-2025,2025-11-26,2025-11-28,513,513.0
PO-00998,SKU-034,2024-09-18,2024-10-06,2024-10-07,348,348.0
PO-01187,SKU-040,2025-08-06,2025-08-20,2025-08-21,372,372.0
PO-00181,SKU-007,2024-01-31,2024-02-14,2024-02-14,337,237.0
PO-02980,SKU-100,2024-12-18,2025-01-01,2025-01-03,572,572.0
PO-02112,SKU-071,2025-06-04,2025-06-22,2025-06-23,407,407.0
PO-00720,SKU-024,2025-12-24,2026-01-11,,497,
PO-01453,SKU-049,2025-07-23,2025-08-10,2025-08-12,378,318.0
PO-01432,SKU-049,2024-02-21,2024-03-10,2024-03-17,405,405.0
PO-00333,SKU-012,06-Mar-2024,2024-03-20,2024-03-20,-604,604.0
PO-01462,SKU-050,2024-02-07,2024-02-21,2024-02-21,432,432.0
PO-01365,SKU-046,16/07/2025,2025-08-03,2025-08-03,470,470.0
PO-00636,SKU-022,08/05/2024,2024-05-22,2024-05-25,363,363.0
PO-01907,SKU-064,2025-10-08,2025-10-22,2025-10-22,254,254.0
PO-00346,SKU-012,2025-01-22,2025-02-05,2025-02-07,496,496.0
PO-02286,SKU-077,2025-04-09,2025-04-23,2025-04-25,490,490.0
PO-02691,SKU-090,21-May-2025,2025-06-04,2025-06-07,561,561.0
PO-02316,SKU-078,2025-04-09,2025-04-30,2025-05-17,441,441.0
PO-02648,SKU-089,2024-06-19,2024-07-03,2024-07-03,480,480.0
PO-00677,SKU-023,2025-01-08,2025-01-29,2025-01-29,371,371.0
PO-02474,SKU-083,04-23-2025,2025-05-14,2025-05-25,394,394.0
PO-02496,SKU-084,2024-08-21,2024-09-08,2024-09-08,490,490.0
PO-02814,SKU-094,2025-10-15,2025-10-29,2025-10-31,319,319.0
PO-01904,SKU-064,2025-07-30,2025-08-13,2025-08-14,391,391.0
PO-02460,SKU-083,06-05-2024,2024-06-26,2024-07-15,371,371.0
PO-00969,SKU-033,2024-10-30,2024-11-20,2024-11-20,356,356.0
PO-02555,SKU-086,2024-07-03,2024-07-21,2024-07-21,495,495.0
PO-01024,SKU-035,2024-06-12,2024-06-30,2024-06-30,359,359.0
PO-01903,SKU-064,2025-07-09,2025-07-23,2025-07-24,366,366.0
PO-02145,SKU-072,2025-10-15,2025-11-05,2025-11-05,327,327.0
PO-02868,SKU-096,2025-06-18,2025-07-02,2025-07-04,319,319.0
PO-01884,SKU-064,2024-03-27,2024-04-10,2024-04-10,323,323.0
PO-01146,SKU-039,2024-11-13,2024-12-01,2024-12-04,503,503.0
PO-00206,SKU-007,2025-10-15,2025-10-29,2025-10-29,306,306.0
PO-01582,SKU-054,01-10-2024,2024-01-24,2024-01-26,300,300.0
PO-02010,SKU-068,21-Aug-2024,2024-09-11,2024-09-11,374,374.0
PO-01238,SKU-042,2025-04-02,2025-04-16,2025-04-18,373,373.0
PO-02624,SKU-088,2024-12-11,2024-12-25,2024-12-25,551,551.0
PO-02200,SKU-074,18-Jun-2025,2025-07-09,2025-07-21,372,372.0
PO-00009,SKU-001,2024-07-31,2024-08-18,2024-08-18,367,367.0
PO-00338,SKU-012,03/07/2024,2024-07-17,2024-07-18,463,463.0
PO-00679,SKU-023,2025-02-26,2025-03-19,2025-03-21,231,231.0
PO-01512,SKU-051,2025-06-18,2025-07-09,2025-07-18,498,498.0
PO-00766,SKU-026,2025-01-29,2025-02-12,2025-02-12,616,616.0
PO-01740,SKU-059,2024-07-17,2024-08-07,2024-08-09,296,296.0
PO-02875,SKU-096,2025-11-26,2025-12-10,2025-12-12,263,263.0
PO-01990,SKU-067,2025-04-30,2025-05-18,2025-05-19,363,363.0
PO-00481,SKU-016,2025-12-10,2025-12-31,,345,
PO-02424,SKU-082,2024-01-31,2024-02-18,2024-03-08,346,346.0
PO-02428,SKU-082,2024-05-15,2024-06-02,2024-06-04,507,507.0
PO-00294,SKU-010,2025-07-30,2025-08-17,2025-08-21,364,364.0
PO-00737,SKU-025,2025-02-26,2025-03-12,2025-03-13,300,300.0
PO-01353,SKU-046,2024-10-02,2024-10-20,2024-10-20,564,433.0
PO-00921,SKU-031,2025-06-18,2025-07-02,2025-07-03,304,304.0
PO-02936,SKU-098,2025-12-24,2026-01-11,,487,
PO-00154,SKU-006,2024-05-22,2024-06-05,2024-06-05,514,393.0
PO-01038,SKU-035,2025-06-11,2025-06-29,2025-06-29,427,427.0
PO-01770,SKU-060,2024-07-31,2024-08-18,2024-08-20,241,241.0
PO-02353,SKU-079,2025-08-27,2025-09-10,2025-09-11,459,459.0
PO-01402,SKU-048,2024-01-17,2024-02-04,2024-02-25,285,285.0
PO-01647,SKU-056,2024-02-28,2024-03-17,2024-03-26,326,326.0
PO-02349,SKU-079,14-May-2025,2025-05-28,2025-05-28,513,513.0
PO-01514,SKU-051,2025-08-13,2025-09-03,2025-09-03,536,536.0
PO-01567,SKU-053,2025-03-26,2025-04-16,2025-04-17,566,566.0
PO-00565,SKU-019,2025-06-18,2025-07-06,2025-07-06,332,332.0
PO-02355,SKU-079,2025-10-22,2025-11-05,2025-11-06,384,384.0
PO-01875,SKU-063,27/08/2025,2025-09-10,2025-09-10,414,414.0
PO-02363,SKU-080,20/03/2024,2024-04-10,2024-04-13,463,463.0
PO-01407,SKU-048,2024-05-22,2024-06-09,2024-06-09,350,350.0
PO-02207,SKU-074,2025-12-10,2025-12-31,,376,
PO-02004,SKU-068,2024-03-27,2024-04-17,2024-04-21,283,283.0
PO-02862,SKU-096,15-Jan-2025,2025-01-29,2025-02-03,419,419.0
PO-02470,SKU-083,2025-01-15,2025-02-05,2025-02-05,400,400.0
PO-00340,SKU-012,14/08/2024,2024-08-28,2024-08-30,552,552.0
PO-00014,SKU-001,12-04-2024,2024-12-22,2024-12-22,318,318.0
PO-02059,SKU-069,2025-11-05,2025-11-26,2025-11-28,345,345.0
PO-01565,SKU-053,2025-01-29,2025-02-19,2025-02-19,442,442.0
PO-01888,SKU-064,2024-06-19,2024-07-03,2024-07-04,307,307.0
PO-01897,SKU-064,2025-02-12,2025-02-26,2025-02-27,352,352.0
PO-00349,SKU-012,2025-04-09,2025-04-23,2025-04-24,548,548.0
PO-02710,SKU-091,2024-09-04,2024-09-18,2024-09-18,299,299.0
PO-01436,SKU-049,2024-05-29,2024-06-16,2024-06-17,453,453.0
PO-00033,SKU-002,2024-02-14,2024-03-03,2024-03-18,506,506.0
PO-02893,SKU-097,2025-02-05,2025-02-23,2025-03-14,397,397.0
PO-00024,SKU-001,06/08/2025,2025-08-24,2025-08-24,399,399.0
PO-02056,SKU-069,2025-09-03,2025-09-24,2025-09-25,389,389.0
PO-00367,SKU-013,17-Jul-2024,2024-08-07,2024-08-07,398,398.0
PO-01721,SKU-058,2025-02-26,2025-03-16,2025-03-29,517,517.0
PO-01752,SKU-059,2025-05-14,2025-06-04,2025-06-19,392,392.0
PO-01054,SKU-036,31-Jul-2024,2024-08-14,2024-08-18,342,309.0
PO-01102,SKU-037,2025-09-10,2025-09-24,2025-09-25,358,358.0
PO-01838,SKU-062,2025-02-12,2025-03-05,2025-03-05,294,215.0
PO-00560,SKU-019,19-Feb-2025,2025-03-09,2025-03-23,417,417.0
PO-01139,SKU-039,15-May-2024,2024-06-02,2024-06-03,494,494.0
PO-00073,SKU-003,2024-11-20,2024-12-04,2024-12-04,423,423.0
PO-02550,SKU-086,2024-03-06,2024-03-24,2024-04-01,538,538.0
PO-02717,SKU-091,2025-02-12,2025-02-26,2025-02-26,378,378.0
PO-02090,SKU-070,2025-12-03,2025-12-17,2025-12-17,406,406.0
PO-00363,SKU-013,2024-04-03,2024-04-24,2024-05-12,335,335.0
PO-01960,SKU-066,2025-04-30,2025-05-21,2025-06-09,265,248.0
PO-02602,SKU-087,20/08/2025,2025-09-07,2025-09-07,382,382.0
PO-00136,SKU-005,19/03/2025,2025-04-02,2025-04-02,302,302.0
PO-00660,SKU-022,2025-11-19,2025-12-03,2025-12-07,357,357.0
PO-01672,SKU-056,2025-10-15,2025-11-02,2025-11-04,415,415.0
PO-02364,SKU-080,2024-04-10,2024-05-01,2024-05-20,430,430.0
PO-00189,SKU-007,2024-08-14,2024-08-28,2024-08-28,312,312.0
PO-02430,SKU-082,2024-07-10,2024-07-28,2024-07-28,342,342.0
PO-02466,SKU-083,2024-10-16,2024-11-06,2024-11-06,323,323.0
PO-01131,SKU-038,2025-10-15,2025-11-02,2025-11-02,422,422.0
PO-02549,SKU-086,07-Feb-2024,2024-02-25,2024-03-08,386,386.0
PO-00450,SKU-015,03-Dec-2025,2025-12-17,2025-12-19,426,426.0
PO-00806,SKU-027,2025-11-26,2025-12-17,2025-12-19,336,336.0
PO-01076,SKU-036,12-24-2025,2026-01-07,,281,
PO-01124,SKU-038,2025-05-07,2025-05-25,2025-05-28,472,472.0
PO-02266,SKU-076,2025-12-03,2025-12-24,2025-12-24,234,234.0
PO-02977,SKU-100,2024-10-16,2024-10-30,2024-10-30,553,553.0
PO-02152,SKU-073,2024-03-27,2024-04-14,2024-04-28,473,473.0
PO-02015,SKU-068,2024-12-25,2025-01-15,2025-01-19,339,339.0
PO-02653,SKU-089,2024-10-23,2024-11-06,2024-11-11,376,376.0
PO-02872,SKU-096,2025-09-24,2025-10-08,2025-10-09,319,319.0
PO-02851,SKU-096,04-03-2024,2024-04-17,2024-04-17,288,288.0
PO-00419,SKU-014,2025-12-17,2026-01-04,,612,
PO-00840,SKU-029,13/03/2024,2024-03-27,2024-03-29,581,581.0
PO-02348,SKU-079,2025-04-23,2025-05-07,2025-05-07,342,342.0
PO-01814,SKU-061,06-18-2025,2025-07-06,2025-07-06,531,531.0
PO-00219,SKU-008,2024-09-11,2024-09-29,2024-10-02,544,544.0
PO-00968,SKU-033,2024-10-09,2024-10-30,2024-10-31,330,330.0
PO-01321,SKU-045,2024-08-28,2024-09-11,2024-09-16,494,494.0
PO-00184,SKU-007,2024-04-17,2024-05-01,2024-05-02,288,288.0
PO-00386,SKU-013,2025-11-12,2025-12-03,2025-12-04,527,402.0
PO-02569,SKU-086,2025-06-11,2025-06-29,2025-07-02,390,390.0
PO-00916,SKU-031,2025-02-19,2025-03-05,2025-03-09,310,310.0
PO-00533,SKU-018,2025-04-23,2025-05-07,2025-05-10,412,412.0
PO-00676,SKU-023,2024-12-11,2025-01-01,2025-01-02,333,333.0
PO-00348,SKU-012,2025-03-19,2025-04-02,2025-04-04,407,407.0
PO-02222,SKU-075,2024-10-30,2024-11-13,2024-11-17,415,415.0
PO-01156,SKU-039,2025-07-23,2025-08-10,2025-08-10,538,538.0
PO-01492,SKU-051,2024-02-28,2024-03-20,2024-03-21,623,623.0
PO-00484,SKU-017,2024-01-31,2024-02-14,2024-02-14,407,407.0
PO-01927,SKU-065,2025-01-29,2025-02-19,2025-02-20,493,493.0
PO-01249,SKU-042,03-Dec-2025,2025-12-17,2025-12-18,324,324.0
PO-00721,SKU-025,2024-02-07,2024-02-21,2024-02-21,487,487.0
PO-00410,SKU-014,2025-06-04,2025-06-22,2025-06-22,227,227.0
PO-01517,SKU-051,2025-10-29,2025-11-19,2025-11-22,428,428.0
PO-00259,SKU-009,2025-04-09,2025-04-23,2025-04-23,383,383.0
PO-00534,SKU-018,2025-05-14,2025-05-28,2025-05-28,534,534.0
PO-02854,SKU-096,2024-06-26,2024-07-10,2024-07-11,424,424.0
PO-02525,SKU-085,2024-08-07,2024-08-28,2024-08-31,254,197.0
PO-01774,SKU-060,13-Nov-2024,2024-12-01,2024-12-04,319,319.0
PO-00253,SKU-009,11-13-2024,2024-11-27,2024-11-27,391,391.0
PO-02712,SKU-091,10-16-2024,2024-10-30,2024-10-30,363,363.0
PO-00888,SKU-030,2025-05-21,2025-06-11,2025-06-22,542,542.0
PO-00839,SKU-029,2024-02-14,2024-02-28,2024-02-28,515,515.0
PO-02777,SKU-093,19/03/2025,2025-04-09,2025-04-09,421,421.0
PO-02753,SKU-092,2025-09-10,2025-09-24,2025-09-26,440,440.0
PO-00861,SKU-029,2025-08-06,2025-08-20,2025-08-24,448,448.0
PO-01545,SKU-052,2025-09-03,2025-09-21,2025-09-21,535,535.0
PO-02457,SKU-083,2024-03-06,2024-03-27,2024-03-27,492,492.0
PO-01376,SKU-047,2024-04-24,2024-05-08,2024-05-09,211,211.0
PO-00418,SKU-014,2025-12-10,2025-12-28,,482,
PO-02794,SKU-094,2024-06-05,2024-06-19,2024-06-19,317,317.0
PO-01296,SKU-044,2025-01-08,2025-01-22,2025-01-22,416,416.0
PO-00574,SKU-020,31-Jan-2024,2024-02-18,2024-03-10,340,247.0
PO-01043,SKU-035,01/10/2025,2025-10-19,2025-10-20,408,408.0
PO-00276,SKU-010,01/05/2024,2024-05-19,2024-05-19,443,443.0
PO-00626,SKU-021,30-Jul-2025,2025-08-13,2025-08-17,349,349.0
PO-01750,SKU-059,2025-03-26,2025-04-16,2025-04-18,453,453.0
PO-02759,SKU-092,2025-12-24,2026-01-07,,457,
PO-00715,SKU-024,27-Aug-2025,2025-09-14,2025-09-14,577,577.0
PO-02042,SKU-069,02/10/2024,2024-10-23,2024-10-24,412,412.0
PO-01497,SKU-051,2024-07-03,2024-07-24,2024-07-24,483,483.0
PO-00999,SKU-034,2024-10-09,2024-10-27,2024-10-27,411,411.0
PO-00602,SKU-020,2025-12-24,2026-01-11,,440,
PO-02789,SKU-094,2024-01-24,2024-02-07,2024-02-08,329,329.0
PO-00583,SKU-020,2024-09-18,2024-10-06,2024-10-06,326,326.0
PO-00696,SKU-024,2024-05-22,2024-06-09,2024-06-12,614,614.0
PO-00139,SKU-005,2025-05-28,2025-06-11,2025-06-13,337,337.0
PO-01120,SKU-038,08/01/2025,2025-01-26,2025-02-10,589,589.0
PO-02058,SKU-069,2025-10-15,2025-11-05,2025-11-08,345,345.0
PO-00212,SKU-008,2024-03-20,2024-04-07,2024-04-22,556,556.0
PO-00362,SKU-013,2024-03-06,2024-03-27,2024-03-29,469,469.0
PO-02358,SKU-079,2025-12-17,2025-12-31,,306,
PO-00302,SKU-011,2024-03-13,2024-03-27,2024-03-28,455,455.0
PO-01940,SKU-065,17-Dec-2025,2026-01-07,,537,
PO-00355,SKU-012,08-27-2025,2025-09-10,2025-09-10,533,533.0
PO-00697,SKU-024,2024-06-19,2024-07-07,2024-07-08,435,435.0
PO-00846,SKU-029,2024-08-07,2024-08-21,2024-08-21,558,558.0
PO-01614,SKU-055,2024-02-07,2024-02-28,2024-02-28,615,615.0
PO-01833,SKU-062,02/10/2024,2024-10-23,2024-10-23,285,285.0
PO-01837,SKU-062,15-Jan-2025,2025-02-05,2025-02-08,349,349.0
PO-00370,SKU-013,25-Sep-2024,2024-10-16,2024-10-16,590,590.0
PO-01921,SKU-065,2024-08-14,2024-09-04,2024-09-04,476,476.0
PO-02674,SKU-090,2024-03-27,2024-04-10,2024-04-11,448,448.0
PO-02267,SKU-076,12-24-2025,2026-01-14,,310,
PO-01078,SKU-037,2024-02-07,2024-02-21,2024-02-21,385,385.0
PO-02450,SKU-082,2025-10-29,2025-11-16,2025-11-16,359,359.0
PO-00049,SKU-002,05/03/2025,2025-03-23,2025-04-10,466,466.0
PO-02475,SKU-083,05-21-2025,2025-06-11,2025-06-21,357,357.0
PO-00949,SKU-032,2025-07-02,2025-07-20,2025-07-21,400,400.0
PO-02701,SKU-091,02-07-2024,2024-02-21,2024-02-23,391,391.0
PO-01015,SKU-034,2025-11-12,2025-11-30,2025-12-01,520,520.0
PO-02683,SKU-090,11-20-2024,2024-12-04,2024-12-09,352,352.0
PO-02203,SKU-074,2025-08-27,2025-09-17,2025-09-17,349,307.0
PO-00820,SKU-028,02/10/2024,2024-10-23,2024-10-23,312,312.0
PO-02656,SKU-089,2025-01-01,2025-01-15,2025-01-15,515,515.0
PO-01179,SKU-040,2025-01-22,2025-02-05,2025-02-06,402,402.0
PO-00008,SKU-001,07-17-2024,2024-08-04,2024-08-06,380,380.0
PO-02493,SKU-084,2024-06-19,2024-07-07,2024-07-07,382,382.0
PO-02560,SKU-086,2024-11-06,2024-11-24,2024-11-24,349,349.0
PO-02901,SKU-097,2025-09-10,2025-09-28,2025-09-29,333,333.0
PO-01493,SKU-051,2024-03-27,2024-04-17,2024-04-17,559,559.0
PO-02187, SKU-074 ,21/08/2024,2024-09-11,2024-09-14,371,371.0
PO-02067,SKU-070,05-15-2024,2024-05-29,2024-05-29,428,428.0
PO-02802,SKU-094,2024-12-25,2025-01-08,2025-01-08,348,348.0
PO-00324,SKU-011,2025-08-13,2025-08-27,2025-08-27,437,437.0
PO-00083,SKU-003,06-Aug-2025,2025-08-20,2025-08-20,433,433.0
PO-02791,SKU-094,2024-03-20,2024-04-03,2024-04-04,396,396.0
PO-02456,SKU-083,2024-02-07,2024-02-28,2024-02-28,422,422.0
PO-00356,SKU-012,09-24-2025,2025-10-08,2025-10-08,463,463.0
PO-00830,SKU-028,2025-06-18,2025-07-09,2025-07-22,490,490.0
PO-00693,SKU-024,2024-03-06,2024-03-24,2024-04-07,552,552.0
PO-00514,SKU-018,2024-01-24,2024-02-07,2024-02-07,483,483.0
PO-02557,SKU-086,2024-08-28,2024-09-15,2024-09-15,336,336.0
PO-00624,SKU-021,2025-06-04,2025-06-18,2025-06-18,356,356.0
PO-01358,SKU-046,2025-01-22,2025-02-09,2025-02-22,493,493.0
PO-00867,SKU-030,2024-01-10,2024-01-31,2024-02-01,463,463.0
PO-00472,SKU-016,23/04/2025,2025-05-14,2025-05-26,379,379.0
PO-00625,SKU-021,02-Jul-2025,2025-07-16,2025-07-16,348,348.0
PO-01064,SKU-036,2025-03-26,2025-04-09,2025-04-11,364,364.0
PO-01445,SKU-049,2025-01-08,2025-01-26,2025-02-04,480,480.0
PO-00662,SKU-022,24/12/2025,2026-01-07,,635,
PO-02739,SKU-092,2024-09-04,2024-09-18,2024-09-19,515,515.0
PO-02589,SKU-087,2024-10-09,2024-10-27,2024-10-27,519,519.0
PO-02920,SKU-098,12-04-2024,2024-12-22,2024-12-26,485,485.0
PO-00250,SKU-009,2024-09-04,2024-09-18,2024-09-18,286,286.0
PO-01005,SKU-034,2025-03-05,2025-03-23,2025-04-11,398,398.0
PO-01759,SKU-059,2025-11-12,2025-12-03,2025-12-04,293,293.0
PO-02708,SKU-091,2024-07-24,2024-08-07,2024-08-07,278,278.0
PO-02667,SKU-089,2025-09-17,2025-10-01,2025-10-03,492,492.0
PO-02167,SKU-073,2025-03-26,2025-04-13,2025-05-03,344,344.0
PO-01766,SKU-060,2024-04-24,2024-05-12,2024-05-12,284,284.0
PO-01575,SKU-053,2025-10-01,2025-10-22,2025-10-22,378,378.0
PO-00510,SKU-017,2025-10-29,2025-11-12,2025-11-14,406,406.0
PO-02773,SKU-093,2024-12-11,2025-01-01,2025-01-03,355,355.0
PO-01880,SKU-063,2025-12-10,2025-12-24,2025-12-24,456,456.0
PO-02514,SKU-084,2025-11-19,2025-12-07,2025-12-07,308,308.0
PO-02906,SKU-097,2025-12-24,2026-01-11,,433,
PO-00237,SKU-008,2025-12-10,2025-12-28,,465,
PO-02175,SKU-073,2025-11-05,2025-11-23,2025-11-26,370,370.0
PO-02471,SKU-083,2025-02-12,2025-03-05,2025-03-07,472,472.0
PO-02395,SKU-081,2024-04-17,2024-05-01,2024-05-04,319,319.0
PO-02441,SKU-082,16/04/2025,2025-05-04,2025-05-05,353,353.0
PO-02269,SKU-077,2024-02-28,2024-03-13,2024-03-13,497,497.0
PO-01315,SKU-045,2024-04-10,2024-04-24,2024-04-24,468,468.0
PO-00767,SKU-026,02-26-2025,2025-03-12,2025-03-12,593,593.0
PO-00914,SKU-031,2025-01-01,2025-01-15,2025-01-16,408,408.0
PO-00115,SKU-004,2025-10-15,2025-11-02,2025-11-02,354,354.0
PO-00373,SKU-013,2024-12-04,2024-12-25,2024-12-25,432,432.0
PO-01308,SKU-044,2025-10-29,2025-11-12,2025-11-14,464,464.0
PO-02606,SKU-087,2025-11-19,2025-12-07,2025-12-08,489,489.0
PO-00248,SKU-009,2024-07-24,2024-08-07,2024-08-07,334,334.0
PO-01992,SKU-067,2025-06-18,2025-07-06,2025-07-09,266,266.0
PO-02324,SKU-078,2025-10-22,2025-11-12,2025-11-15,488,488.0
PO-00310,SKU-011,2024-09-18,2024-10-02,2024-10-02,352,352.0
PO-02076,SKU-070,2024-12-25,2025-01-08,2025-01-11,273,193.0
PO-02208,SKU-074,17/12/2025,2026-01-07,,368,
PO-01438,SKU-049,2024-07-24,2024-08-11,2024-08-14,450,450.0
PO-01866,SKU-063,2024-12-11,2024-12-25,2024-12-27,500,500.0
PO-00741,SKU-025,06-11-2025,2025-06-25,2025-06-25,465,465.0
PO-02491,SKU-084,2024-04-17,2024-05-05,2024-05-07,474,474.0
PO-02729,SKU-091,11-26-2025,2025-12-10,2025-12-10,387,387.0
PO-00449,SKU-015,11-19-2025,2025-12-03,2025-12-03,398,292.0
PO-02614,SKU-088,2024-04-10,2024-04-24,2024-04-27,-419,419.0
PO-02979,SKU-100,11-27-2024,2024-12-11,2024-12-15,453,453.0
PO-00787,SKU-027,2024-07-24,2024-08-14,2024-08-14,487,487.0
PO-00318,SKU-011,2025-03-26,2025-04-09,2025-04-14,479,479.0
PO-00415,SKU-014,2025-10-01,2025-10-19,2025-10-20,373,373.0
PO-00218,SKU-008,2024-08-21,2024-09-08,2024-09-09,405,405.0
PO-02685,SKU-090,2025-01-01,2025-01-15,2025-01-16,491,491.0
PO-00101,SKU-004,11-20-2024,2024-12-08,2024-12-08,426,426.0
PO-00165,SKU-006,2025-02-05,2025-02-19,2025-02-19,370,370.0
PO-01938,SKU-065,2025-10-29,2025-11-19,2025-11-21,367,367.0
PO-01595,SKU-054,11-27-2024,2024-12-11,2024-12-13,235,235.0
PO-00007,SKU-001,2024-06-19,2024-07-07,2024-07-10,458,458.0
PO-02437,SKU-082,2024-12-25,2025-01-12,2025-01-13,331,331.0
PO-01605,SKU-054,2025-08-06,2025-08-20,2025-08-20,354,354.0
PO-01919,SKU-065,2024-06-19,2024-07-10,2024-07-25,487,487.0
PO-02985,SKU-100,16-Apr-2025,2025-04-30,2025-04-30,382,382.0
PO-02736,SKU-092,2024-06-05,2024-06-19,2024-06-21,472,472.0
PO-00306,SKU-011,12/06/2024,2024-06-26,2024-06-26,304,304.0
PO-02840,SKU-095,2025-08-20,2025-09-03,2025-09-06,467,467.0
PO-00290,SKU-010,2025-04-23,2025-05-11,2025-05-13,388,388.0
PO-02006,SKU-068,2024-05-08,2024-05-29,2024-06-14,390,390.0
PO-00132,SKU-005,12-04-2024,2024-12-18,2024-12-20,400,400.0
PO-01703,SKU-057,2025-11-19,2025-12-03,2025-12-05,512,512.0
PO-02038,SKU-069,03-Jul-2024,2024-07-24,2024-07-29,355,355.0
PO-00610,SKU-021,2024-06-19,2024-07-03,2024-07-03,287,287.0
PO-02302,SKU-078,2024-04-17,2024-05-08,2024-05-19,272,272.0
PO-00474,SKU-016,2025-06-18,2025-07-09,2025-07-19,288,288.0
PO-00050,SKU-002,2025-04-09,2025-04-27,2025-04-27,544,544.0
PO-01392,SKU-047,2025-05-14,2025-05-28,2025-05-29,281,281.0
PO-01928,SKU-065,02-26-2025,2025-03-19,2025-03-19,479,479.0
PO-02716,SKU-091,2025-01-15,2025-01-29,2025-01-31,442,442.0
PO-01660,SKU-056,2025-01-08,2025-01-26,2025-02-06,381,381.0
PO-02786,SKU-093,2025-10-29,2025-11-19,2025-11-19,487,487.0
PO-02976,SKU-100,2024-09-18,2024-10-02,2024-10-03,560,560.0
PO-02743,SKU-092,18-Dec-2024,2025-01-01,2025-01-01,437,437.0
PO-01674,SKU-056,2025-12-03,2025-12-21,2025-12-23,383,383.0
PO-02125,SKU-072,2024-06-12,2024-07-03,2024-07-20,291,291.0
PO-00680,SKU-023,2025-03-19,2025-04-09,2025-04-09,369,369.0
PO-01500,SKU-051,2024-09-04,,2024-09-25,566,566.0
PO-02241,SKU-076,2024-02-28,2024-03-20,2024-03-23,285,285.0
PO-01304,SKU-044,23-Jul-2025,2025-08-06,2025-08-09,486,486.0
PO-01677,SKU-057,2024-03-13,2024-03-27,2024-03-30,360,360.0
PO-01693,SKU-057,19-Mar-2025,2025-04-02,2025-04-02,334,334.0
PO-00644,SKU-022,13/11/2024,2024-11-27,2024-11-27,402,402.0
PO-00420,SKU-014,2025-12-24,2026-01-11,,721,
PO-02495,SKU-084,07-31-2024,2024-08-18,2024-08-18,480,450.0
PO-00266,SKU-009,01/10/2025,2025-10-15,2025-10-15,327,327.0
PO-01270,SKU-043,14/05/2025,2025-06-04,2025-06-11,510,510.0
PO-00282,SKU-010,02/10/2024,2024-10-20,2024-10-23,497,497.0
PO-01937,SKU-065,08-Oct-2025,2025-10-29,2025-10-29,400,400.0
PO-02110,SKU-071,2025-04-16,2025-05-04,2025-05-08,300,300.0
PO-00111,SKU-004,2025-07-16,2025-08-03,2025-08-04,425,425.0
PO-02413,SKU-081,2025-06-04,2025-06-18,2025-06-21,334,334.0
PO-01562,SKU-053,2024-12-04,2024-12-25,2024-12-25,418,418.0
PO-02177,SKU-073,2025-12-24,2026-01-11,,335,
PO-02897,SKU-097,2025-05-28,2025-06-15,2025-06-15,506,506.0
PO-00147,SKU-005,2025-12-17,2025-12-31,,344,
PO-02173,SKU-073,2025-09-10,2025-09-28,2025-09-28,472,472.0
PO-02967,SKU-100,31/01/2024,2024-02-14,2024-02-14,443,443.0
PO-00448,SKU-015,2025-10-29,2025-11-12,2025-11-17,353,353.0
PO-01734,SKU-059,2024-01-24,2024-02-14,2024-02-18,281,281.0
PO-01902,SKU-064,18-Jun-2025,2025-07-02,2025-07-03,256,256.0
PO-00927,SKU-031,2025-11-19,2025-12-03,2025-12-04,289,289.0
PO-00838,SKU-029,01-24-2024,2024-02-07,2024-02-09,489,489.0
PO-01785,SKU-060,20/08/2025,2025-09-07,2025-09-10,301,301.0
PO-00557,SKU-019,04-Dec-2024,2024-12-22,2024-12-22,466,466.0
PO-01016,SKU-034,17/12/2025,2026-01-04,,552,
PO-01311,SKU-044,2025-12-24,2026-01-07,,644,
PO-01091,SKU-037,2024-12-11,2024-12-25,2024-12-26,316,316.0
PO-01568,SKU-053,2025-04-23,2025-05-14,2025-06-04,340,340.0
PO-02139,SKU-072,05-14-2025,2025-06-04,2025-06-24,233,233.0
PO-00017,SKU-001,12/02/2025,2025-03-02,2025-03-20,519,519.0
PO-01968,SKU-066,2025-11-05,2025-11-26,2025-11-29,340,340.0
PO-00144,SKU-005,10-01-2025,2025-10-15,2025-10-17,297,297.0
PO-01942,SKU-066,2024-02-07,2024-02-28,2024-03-02,286,286.0
PO-01074,SKU-036,2025-11-05,2025-11-19,2025-11-22,311,311.0
PO-01461,SKU-049,2025-12-24,2026-01-11,,603,
PO-02118,SKU-071,11-05-2025,2025-11-23,2025-11-26,332,332.0
PO-02486,SKU-083,2025-12-17,2026-01-07,,572,
PO-01307,SKU-044,2025-10-08,2025-10-22,2025-10-23,453,386.0
PO-01328,SKU-045,2025-03-05,2025-03-19,2025-03-19,453,453.0
PO-00315,SKU-011,15-Jan-2025,2025-01-29,2025-01-29,463,463.0
PO-00311,SKU-011,2024-10-09,2024-10-23,2024-10-24,412,412.0
PO-02093,SKU-071,2024-02-14,2024-03-03,2024-03-19,428,428.0
PO-00145,SKU-005,2025-10-22,2025-11-05,2025-11-05,394,394.0
PO-02188,SKU-074,2024-09-11,2024-10-02,2024-10-02,275,275.0
PO-01198,SKU-041,2024-06-19,2024-07-10,2024-07-31,383,383.0
PO-00622,SKU-021,2025-04-23,2025-05-07,2025-05-08,261,261.0
PO-02993,SKU-100,15/10/2025,2025-10-29,2025-10-30,456,456.0
PO-02477,SKU-083,2025-07-02,2025-07-23,2025-07-23,427,427.0
PO-00860,SKU-029,16-Jul-2025,2025-07-30,2025-08-01,479,479.0
PO-00098,SKU-004,2024-08-21,2024-09-08,2024-09-09,499,499.0
PO-01377,SKU-047,2024-05-15,2024-05-29,2024-05-31,272,272.0
PO-02991,SKU-100,2025-08-27,2025-09-10,2025-09-12,527,527.0
PO-01167,SKU-040,2024-04-03,2024-04-17,2024-04-17,451,451.0
PO-00578,SKU-020,2024-05-15,2024-06-02,2024-06-03,331,331.0
PO-01932,SKU-065,2025-06-18,2025-07-09,2025-07-18,390,390.0
PO-00254,SKU-009,2024-12-11,2024-12-25,2024-12-25,318,318.0
PO-01045,SKU-035,2025-11-26,2025-12-14,2025-12-14,351,351.0
PO-01474,SKU-050,12-04-2024,2024-12-18,2024-12-18,383,383.0
PO-02123,SKU-072,2024-04-24,2024-05-15,2024-05-28,410,410.0
PO-00939,SKU-032,2024-10-30,2024-11-17,2024-11-21,322,322.0
PO-02046,SKU-069,08/01/2025,2025-01-29,2025-01-29,423,423.0
PO-00859,SKU-029,2025-06-18,2025-07-02,2025-07-04,445,445.0
PO-00087,SKU-003,2025-11-05,2025-11-19,2025-11-19,523,523.0
PO-02421,SKU-081,2025-12-17,2025-12-31,,223,
PO-00268,SKU-009,2025-11-12,2025-11-26,2025-11-26,303,303.0
PO-02467,SKU-083,2024-11-06,2024-11-27,2024-11-29,472,472.0
PO-00746,SKU-025,2025-10-08,2025-10-22,2025-10-23,395,395.0
PO-01758,SKU-059,2025-10-22,2025-11-12,2025-11-14,384,309.0
PO-00214,SKU-008,2024-05-08,2024-05-26,2024-05-26,556,556.0
PO-01531,SKU-052,2024-10-02,2024-10-20,2024-10-20,515,515.0
PO-00394,SKU-014,2024-04-03,2024-04-21,2024-04-23,367,367.0
PO-02825,SKU-095,2024-08-21,2024-09-04,2024-09-04,473,473.0
PO-01520,SKU-051,2025-12-24,2026-01-14,,695,
PO-01789,SKU-060,2025-11-26,2025-12-14,2025-12-15,243,243.0
PO-00898,SKU-030,2025-12-17,2026-01-07,,714,
PO-01329,SKU-045,03-26-2025,2025-04-09,2025-04-12,430,430.0
PO-00126,SKU-005,07-10-2024,2024-07-24,2024-07-24,347,347.0
PO-00959,SKU-033,2024-02-21,2024-03-13,2024-03-15,391,391.0
PO-01413,SKU-048,23/10/2024,2024-11-10,2024-11-12,271,271.0
PO-00245,SKU-009,2024-05-15,2024-05-29,2024-05-30,330,330.0
PO-02035,SKU-069,10-Apr-2024,2024-05-01,2024-05-17,388,388.0
PO-01772,SKU-060,2024-09-18,2024-10-06,2024-10-06,313,313.0
PO-02709,SKU-091,2024-08-14,2024-08-28,2024-08-30,326,326.0
PO-00731,SKU-025,2024-10-16,2024-10-30,2024-11-03,373,373.0
PO-01700,SKU-057,2025-09-03,2025-09-17,2025-09-17,388,388.0
PO-01882,SKU-064,07/02/2024,2024-02-21,2024-02-22,301,301.0
PO-02034,SKU-069,2024-03-20,2024-04-10,2024-04-13,307,307.0
PO-00872,SKU-030,2024-05-01,2024-05-22,2024-05-30,540,540.0
PO-01761,SKU-059,12-24-2025,2026-01-14,,389,
PO-02672,SKU-090,2024-02-14,,2024-02-29,400,400.0
PO-00146,SKU-005,2025-11-19,2025-12-03,2025-12-06,347,347.0
PO-02468,SKU-083,2024-12-04,2024-12-25,2024-12-25,373,315.0
PO-02083,SKU-070,2025-05-28,2025-06-11,2025-06-12,506,506.0
PO-01831,SKU-062,08-21-2024,2024-09-11,2024-09-11,215,215.0
PO-01489,SKU-050,24/12/2025,2026-01-07,,263,
PO-01612,SKU-054,2025-12-24,2026-01-07,,398,
PO-01255,SKU-043,05-08-2024,2024-05-29,2024-06-16,356,356.0
PO-02031,SKU-069,2024-01-10,2024-01-31,2024-02-01,342,342.0
PO-01696,SKU-057,2025-05-21,2025-06-04,2025-06-04,358,358.0
PO-01594,SKU-054,06/11/2024,2024-11-20,2024-11-21,246,246.0
PO-00190,SKU-007,2024-09-11,2024-09-25,2024-09-28,385,385.0
PO-01090,SKU-037,2024-11-20,2024-12-04,2024-12-06,305,305.0
PO-02556,SKU-086,07-31-2024,2024-08-18,2024-08-18,475,446.0
PO-01908,SKU-064,2025-10-29,2025-11-12,2025-11-12,336,336.0
PO-01280,SKU-043,2025-12-24,2026-01-14,,690,
PO-00661,SKU-022,2025-12-17,2025-12-31,,382,
PO-02631,SKU-088,2025-05-28,2025-06-11,2025-06-11,467,467.0
PO-00176,SKU-006,2025-10-08,2025-10-22,2025-10-25,428,428.0
PO-02600,SKU-087,2025-07-16,2025-08-03,2025-08-05,408,290.0
PO-02263,SKU-076,17/09/2025,2025-10-08,2025-10-08,321,321.0
PO-00335,SKU-012,2024-04-24,2024-05-08,2024-05-09,410,410.0
PO-00957,SKU-033,2024-01-10,2024-01-31,2024-01-31,420,420.0
PO-02130,SKU-072,2024-10-16,2024-11-06,2024-11-07,325,325.0
PO-02338,SKU-079,2024-09-04,2024-09-18,2024-09-18,382,343.0
PO-01398,SKU-047,10-08-2025,2025-10-22,2025-10-22,284,284.0
PO-00728,SKU-025,24-Jul-2024,2024-08-07,2024-08-07,463,463.0
PO-01551,SKU-053,2024-02-14,2024-03-06,2024-03-06,514,514.0
PO-00587,SKU-020,2025-01-01,2025-01-19,2025-01-30,304,304.0
PO-02879,SKU-097,21/02/2024,2024-03-10,2024-03-30,381,381.0
PO-00040,SKU-002,31/07/2024,2024-08-18,2024-08-18,505,505.0
PO-02685,SKU-090,01-01-2025,2025-01-15,2025-01-16,491,491.0
PO-02459,SKU-083,2024-05-01,2024-05-22,2024-06-13,489,489.0
PO-01196,SKU-041,2024-04-17,2024-05-08,2024-05-27,378,378.0
PO-00842,SKU-029,2024-04-24,2024-05-08,2024-05-08,480,480.0
PO-00020,SKU-001,2025-05-07,2025-05-25,2025-05-25,459,459.0
PO-01261,SKU-043,25-Sep-2024,2024-10-16,2024-10-16,410,410.0
PO-02942,SKU-099,2024-05-29,2024-06-19,2024-06-29,446,446.0
PO-01227,SKU-042,19/06/2024,2024-07-03,2024-07-03,442,442.0
PO-01729,SKU-058,2025-09-24,2025-10-12,2025-10-14,508,508.0
PO-01861,SKU-063,07-Aug-2024,2024-08-21,2024-08-21,370,370.0
PO-01850,SKU-062,2025-11-19,2025-12-10,2025-12-10,315,315.0
PO-01018,SKU-035,24/01/2024,2024-02-11,2024-02-25,330,330.0
PO-02666,SKU-089,2025-08-27,2025-09-10,2025-09-14,348,348.0
PO-02032,SKU-069,31/01/2024,2024-02-21,2024-02-21,353,353.0
PO-01466,SKU-050,15/05/2024,2024-05-29,2024-06-01,315,315.0
PO-00539,SKU-018,2025-09-24,2025-10-08,2025-10-10,370,263.0
PO-01480,SKU-050,2025-05-07,2025-05-21,2025-05-21,428,428.0
PO-01811,SKU-061,2025-04-16,2025-05-04,2025-05-05,389,389.0
PO-00788,SKU-027,21-Aug-2024,2024-09-11,2024-09-11,516,516.0
PO-01013,SKU-034,17-Sep-2025,2025-10-05,2025-10-05,430,430.0
PO-01896,SKU-064,2025-01-15,2025-01-29,2025-01-30,356,356.0
PO-00699,SKU-024,2024-08-07,2024-08-25,2024-08-26,642,642.0
PO-01650,SKU-056,2024-05-01,2024-05-19,2024-05-19,398,398.0
PO-02276,SKU-077,2024-08-28,2024-09-11,2024-09-13,502,415.0
PO-00960,SKU-033,2024-03-20,2024-04-10,2024-04-10,435,435.0
PO-00536,SKU-018,09-Jul-2025,2025-07-23,2025-07-26,483,483.0
PO-00055,SKU-002,2025-08-20,2025-09-07,2025-09-07,398,398.0
PO-00502,SKU-017,2025-04-02,2025-04-16,2025-04-16,417,417.0
PO-01362,SKU-046,2025-04-30,2025-05-18,2025-05-19,473,356.0
PO-00870,SKU-030,2024-03-13,2024-04-03,2024-04-04,535,535.0
PO-02426,SKU-082,2024-03-20,2024-04-07,2024-04-21,395,395.0
PO-01891,SKU-064,2024-09-11,2024-09-25,2024-09-26,290,290.0
PO-02179,SKU-074,2024-01-31,2024-02-21,2024-02-26,270,270.0
PO-01060, SKU-036 ,11/12/2024,2024-12-25,2024-12-28,324,324.0
PO-02388,SKU-080,2025-10-29,2025-11-19,2025-11-19,564,564.0
PO-01560,SKU-053,10-16-2024,2024-11-06,2024-11-07,477,477.0
PO-02539,SKU-085,2025-07-23,2025-08-13,2025-08-13,295,295.0
PO-00412,SKU-014,16-Jul-2025,2025-08-03,2025-08-03,407,407.0
PO-00519,SKU-018,2024-06-05,2024-06-19,2024-06-22,486,486.0
PO-02342,SKU-079,2024-11-27,2024-12-11,2024-12-12,463,463.0
PO-00085,SKU-003,2025-09-17,2025-10-01,2025-10-01,332,332.0
PO-00507,SKU-017,20/08/2025,2025-09-03,2025-09-04,410,410.0
PO-01158,SKU-039,2025-09-03,2025-09-21,2025-09-21,499,499.0
PO-02332,SKU-079,2024-04-03,2024-04-17,2024-04-20,407,407.0
PO-02706,SKU-091,05-Jun-2024,2024-06-19,2024-06-19,415,415.0
PO-01747,SKU-059,2024-12-25,2025-01-15,2025-01-15,331,331.0
PO-02505,SKU-084,04-02-2025,2025-04-20,2025-04-21,522,522.0
PO-02820,SKU-095,17/04/2024,2024-05-01,2024-05-04,363,363.0
PO-02801,SKU-094,2024-11-27,2024-12-11,2024-12-13,368,368.0
PO-02793,SKU-094,2024-05-15,2024-05-29,2024-05-29,293,293.0
PO-02843,SKU-095,2025-10-22,2025-11-05,2025-11-05,482,408.0
PO-00685,SKU-023,16-Jul-2025,2025-08-06,2025-08-06,287,287.0
PO-02149,SKU-072,2025-12-24,2026-01-14,,519,
PO-02502,SKU-084,01-08-2025,2025-01-26,2025-02-05,511,511.0
PO-02370,SKU-080,2024-09-18,2024-10-09,2024-10-09,425,425.0
PO-02480,SKU-083,09-10-2025,2025-10-01,2025-10-01,289,289.0
PO-02382,SKU-080,2025-05-28,2025-06-18,2025-07-07,357,357.0
PO-00468,SKU-016,2025-01-15,2025-02-05,2025-02-05,399,399.0
PO-01364,SKU-046,06-18-2025,2025-07-06,2025-07-06,590,590.0
PO-01075,SKU-036,2025-11-26,2025-12-10,2025-12-11,318,318.0
PO-02258,SKU-076,2025-04-30,2025-05-21,2025-06-07,271,271.0
PO-02925,SKU-098,2025-03-26,2025-04-13,2025-05-01,567,567.0
PO-00555,SKU-019,09/10/2024,2024-10-27,2024-10-29,338,338.0
PO-00168,SKU-006,2025-04-09,2025-04-23,2025-04-25,404,404.0
PO-00933,SKU-032,2024-05-22,2024-06-09,2024-06-14,362,362.0
PO-00004,SKU-001,2024-04-03,2024-04-21,2024-04-21,499,499.0
PO-01867,SKU-063,2025-01-08,2025-01-22,2025-01-23,501,501.0
PO-00704,SKU-024,12-04-2024,2024-12-22,2024-12-25,475,475.0
PO-00638,SKU-022,19-Jun-2024,2024-07-03,2024-07-03,349,349.0
PO-02687,SKU-090,2025-02-19,2025-03-05,2025-03-07,457,457.0
PO-01633,SKU-055,2025-04-30,2025-05-21,2025-06-11,352,352.0
PO-01416,SKU-048,01-15-2025,2025-02-02,2025-02-14,286,286.0
PO-01011,SKU-034,06/08/2025,2025-08-24,2025-08-29,341,341.0
PO-01800,SKU-061,2024-08-07,2024-08-25,2024-08-25,428,428.0
PO-02419,SKU-081,2025-11-05,2025-11-19,2025-11-20,368,368.0
PO-00941,SKU-032,2024-12-11,2024-12-29,2024-12-31,317,317.0
PO-02965,SKU-099,2025-12-17,2026-01-07,,486,
PO-01963,SKU-066,2025-07-09,2025-07-30,2025-08-01,279,279.0
PO-01804,SKU-061,2024-11-06,2024-11-24,2024-11-24,502,502.0
PO-02027,SKU-068,2025-10-29,2025-11-19,2025-11-19,503,503.0
PO-02054,SKU-069,2025-07-23,2025-08-13,2025-08-18,395,395.0
PO-01135,SKU-039,31/01/2024,2024-02-18,2024-03-08,608,608.0
PO-02247,SKU-076,2024-07-24,2024-08-14,2024-08-14,275,275.0
PO-01945,SKU-066,2024-04-24,2024-05-15,2024-06-03,291,226.0
PO-00681,SKU-023,2025-04-16,2025-05-07,2025-05-23,286,286.0
PO-02462,SKU-083,2024-07-24,2024-08-14,2024-08-16,438,438.0
PO-00665,SKU-023,2024-02-21,2024-03-13,2024-03-13,262,262.0
PO-02988,SKU-100,18/06/2025,2025-07-02,2025-07-02,413,413.0
PO-01199,SKU-041,2024-07-24,2024-08-14,2024-08-15,368,368.0
PO-02982,SKU-100,02-05-2025,2025-02-19,2025-02-19,434,434.0
PO-02711,SKU-091,2024-09-25,2024-10-09,2024-10-12,263,263.0
PO-02096,SKU-071,2024-05-08,2024-05-26,2024-05-29,431,431.0
PO-00392,SKU-014,2024-02-14,2024-03-03,2024-03-14,343,269.0
PO-00035,SKU-002,2024-04-03,2024-04-21,2024-04-26,412,412.0
PO-00573,SKU-019,2025-12-24,2026-01-11,,258,
PO-01911,SKU-064,2025-12-24,2026-01-07,,471,
PO-02613,SKU-088,2024-03-20,2024-04-03,2024-04-04,421,421.0
PO-01924,SKU-065,11-06-2024,2024-11-27,2024-11-28,391,391.0
PO-02748,SKU-092,30-Apr-2025,2025-05-14,2025-05-17,365,365.0
PO-01950,SKU-066,21-Aug-2024,2024-09-11,2024-09-11,277,277.0
PO-02282,SKU-077,2025-01-01,2025-01-15,2025-01-15,520,520.0
PO-00694,SKU-024,04-03-2024,2024-04-21,2024-04-22,544,544.0
PO-01801,SKU-061,2024-08-28,2024-09-15,2024-09-15,328,305.0
PO-00263,SKU-009,2025-07-09,2025-07-23,2025-07-24,341,341.0
PO-01046,SKU-035,12-17-2025,2026-01-04,,324,
PO-00965,SKU-033,2024-08-07,2024-08-28,2024-08-30,341,341.0
PO-01639,SKU-055,2025-09-24,2025-10-15,2025-10-16,652,652.0
PO-02720,SKU-091,30-Apr-2025,2025-05-14,2025-05-14,323,323.0
PO-01205,SKU-041,2024-12-18,2025-01-08,2025-01-08,341,341.0
PO-00068,SKU-003,2024-07-24,2024-08-07,2024-08-08,397,397.0
PO-02778,SKU-093,2025-04-16,2025-05-07,2025-05-16,479,479.0
PO-00808,SKU-027,24/12/2025,2026-01-14,,480,
PO-01129,SKU-038,2025-09-03,2025-09-21,2025-09-22,504,504.0
PO-01771,SKU-060,21-Aug-2024,2024-09-08,2024-09-08,357,357.0
PO-00140,SKU-005,06-18-2025,2025-07-02,2025-07-02,266,266.0
PO-01283,SKU-044,2024-03-13,2024-03-27,2024-03-29,583,583.0
PO-02078,SKU-070,2025-01-29,2025-02-12,2025-02-12,351,351.0
PO-00426,SKU-015,12-Jun-2024,2024-06-26,2024-06-28,544,544.0
PO-01478,SKU-050,2025-03-12,2025-03-26,2025-03-30,385,385.0
PO-01442,SKU-049,2024-10-30,2024-11-17,2024-11-19,402,402.0
PO-01083,SKU-037,06-05-2024,2024-06-19,2024-06-21,352,352.0
PO-00039,SKU-002,2024-07-10,2024-07-28,2024-07-31,356,356.0
PO-01378,SKU-047,2024-06-05,2024-06-19,2024-06-19,283,283.0
PO-01751,SKU-059,04-23-2025,2025-05-14,2025-05-28,321,321.0
PO-00424,SKU-015,2024-05-01,2024-05-15,2024-05-16,392,392.0
PO-00390,SKU-013,2025-12-24,2026-01-14,,965,
PO-00640,SKU-022,2024-08-07,2024-08-21,2024-08-22,519,519.0
PO-02737,SKU-092,2024-07-10,2024-07-24,2024-07-24,419,419.0
PO-00037,SKU-002,22/05/2024,2024-06-09,2024-06-10,354,354.0
PO-00063,SKU-003,28-Feb-2024,2024-03-13,2024-03-13,496,496.0
PO-01322,SKU-045,2024-09-25,2024-10-09,2024-10-10,576,576.0
PO-01004,SKU-034,12/02/2025,2025-03-02,2025-03-18,372,372.0
PO-00100,SKU-004,2024-10-23,2024-11-10,2024-11-10,547,547.0
PO-02595,SKU-087,12/03/2025,2025-03-30,2025-04-17,515,515.0
PO-00789,SKU-027,18-Sep-2024,2024-10-09,2024-10-09,484,484.0
PO-02877,SKU-096,12-24-2025,2026-01-07,,401,
PO-01731,SKU-058,2025-11-12,2025-11-30,2025-12-03,430,430.0
PO-00992,SKU-034,2024-05-01,2024-05-19,2024-05-20,402,402.0
PO-02021,SKU-068,2025-05-21,2025-06-11,2025-06-24,482,482.0
PO-00286,SKU-010,2025-01-15,2025-02-02,2025-02-19,427,427.0
PO-00150,SKU-006,2024-02-14,2024-02-28,2024-02-28,440,440.0
PO-02944,SKU-099,31-Jul-2024,2024-08-21,2024-08-22,390,390.0
PO-00913,SKU-031,2024-12-04,2024-12-18,2024-12-19,313,313.0
PO-02219,SKU-075,2024-08-21,2024-09-04,2024-09-04,577,433.0
PO-00599,SKU-020,2025-10-29,2025-11-16,2025-11-16,336,336.0
PO-00780,SKU-027,31/01/2024,2024-02-21,2024-02-21,372,372.0
PO-00065,SKU-003,2024-04-24,2024-05-08,2024-05-08,611,611.0
PO-02307,SKU-078,21-Aug-2024,2024-09-11,2024-09-12,324,324.0
PO-01923,SKU-065,2024-10-09,2024-10-30,2024-10-31,507,507.0
PO-02396,SKU-081,2024-05-15,2024-05-29,2024-05-29,307,307.0
PO-00321,SKU-011,2025-06-18,2025-07-02,2025-07-05,418,294.0
PO-01002,SKU-034,12-18-2024,2025-01-05,2025-01-05,522,522.0
PO-02429,SKU-082,2024-06-12,2024-06-30,2024-07-02,400,400.0
PO-02608,SKU-087,2025-12-17,2026-01-04,,436,
PO-02243,SKU-076,2024-04-17,2024-05-08,2024-05-21,336,336.0
PO-00480,SKU-016,19/11/2025,2025-12-10,2025-12-10,225,225.0
PO-00951,SKU-032,27-Aug-2025,2025-09-14,2025-09-14,320,320.0
PO-01763,SKU-060,2024-02-21,2024-03-10,2024-03-24,284,284.0
PO-02989,SKU-100,09/07/2025,2025-07-23,2025-07-24,517,517.0
PO-02321,SKU-078,2025-08-20,2025-09-10,2025-09-12,238,238.0
PO-01995,SKU-067,2025-08-20,2025-09-07,2025-09-07,319,319.0
PO-00981,SKU-033,08-27-2025,2025-09-17,2025-09-20,392,392.0
PO-00476,SKU-016,2025-07-30,2025-08-20,2025-08-20,349,349.0
PO-01702,SKU-057,22-Oct-2025,2025-11-05,2025-11-07,494,494.0
PO-00538,SKU-018,2025-08-27,2025-09-10,2025-09-10,636,636.0
PO-01395,SKU-047,2025-07-30,2025-08-13,2025-08-13,311,311.0
PO-02498,SKU-084,2024-10-09,2024-10-27,2024-10-31,430,430.0
PO-01133,SKU-038,2025-12-03,2025-12-21,2025-12-24,625,534.0
PO-01666,SKU-056,2025-05-21,2025-06-08,2025-06-10,330,330.0
PO-00829,SKU-028,05-14-2025,2025-06-04,2025-06-21,535,535.0
PO-00714,SKU-024,2025-08-06,2025-08-24,2025-08-24,456,456.0
PO-00678,SKU-023,2025-02-05,2025-02-26,2025-02-26,248,248.0
PO-02734,SKU-092,10/04/2024,2024-04-24,2024-04-26,537,537.0
PO-01209,SKU-041,19/03/2025,2025-04-09,2025-04-10,399,399.0
PO-02138,SKU-072,2025-04-23,2025-05-14,2025-05-29,260,260.0
PO-00815,SKU-028,2024-05-22,2024-06-12,2024-06-21,352,352.0
PO-01830,SKU-062,2024-07-24,2024-08-14,2024-08-17,354,354.0
PO-00105,SKU-004,2025-02-26,2025-03-16,2025-03-29,436,436.0
PO-02705,SKU-091,2024-05-08,2024-05-22,2024-05-23,346,346.0
PO-00247,SKU-009,2024-06-26,2024-07-10,2024-07-12,324,324.0
PO-01864,SKU-063,2024-10-23,2024-11-06,2024-11-07,489,489.0
PO-01994,SKU-067,2025-07-30,2025-08-17,2025-08-19,235,235.0
PO-01625,SKU-055,10-23-2024,2024-11-13,2024-11-15,530,530.0
PO-02146,SKU-072,12-Nov-2025,2025-12-03,2025-12-05,393,393.0
PO-02660,SKU-089,02-Apr-2025,2025-04-16,2025-04-19,480,480.0
PO-01127,SKU-038,2025-07-16,2025-08-03,2025-08-03,508,508.0
PO-00698,SKU-024,2024-07-10,2024-07-28,2024-07-28,523,523.0
PO-01566,SKU-053,26/02/2025,2025-03-19,2025-03-19,549,549.0
PO-01150,SKU-039,2025-02-19,2025-03-09,2025-03-20,387,387.0
PO-01295,SKU-044,2024-12-18,2025-01-01,2025-01-01,467,467.0
PO-00771,SKU-026,2025-05-28,2025-06-11,2025-06-11,346,346.0
PO-02798,SKU-094,04/09/2024,2024-09-18,2024-09-18,336,336.0
PO-02596,SKU-087,2025-04-09,2025-04-27,2025-04-27,417,417.0
PO-02193,SKU-074,08/01/2025,2025-01-29,2025-01-29,288,288.0
PO-01440,SKU-049,2024-09-11,2024-09-29,2024-09-30,462,462.0
PO-00600,SKU-020,2025-11-26,2025-12-14,2025-12-16,251,251.0
PO-00792,SKU-027,2024-11-27,2024-12-18,2024-12-19,392,392.0
PO-02401,SKU-081,28-Aug-2024,2024-09-11,2024-09-15,246,246.0
PO-00121,SKU-005,27/03/2024,2024-04-10,2024-04-10,336,336.0
PO-01636,SKU-055,09-Jul-2025,2025-07-30,2025-08-02,467,467.0
PO-01082,SKU-037,2024-05-15,2024-05-29,2024-05-29,324,241.0
PO-01798,SKU-061,2024-06-19,2024-07-07,2024-07-07,475,475.0
PO-01380,SKU-047,2024-07-24,2024-08-07,2024-08-07,344,344.0
PO-01320,SKU-045,2024-07-31,2024-08-14,2024-08-14,500,500.0
PO-02384,SKU-080,2025-07-16,2025-08-06,2025-08-07,603,603.0
PO-01865,SKU-063,2024-11-13,2024-11-27,2024-11-28,401,401.0
PO-00452,SKU-016,2024-01-03,2024-01-24,2024-01-28,251,251.0
PO-00902,SKU-031,2024-03-20,2024-04-03,2024-04-03,275,275.0
PO-00492,SKU-017,14-Aug-2024,2024-08-28,2024-08-31,404,404.0
PO-00456,SKU-016,27-Mar-2024,2024-04-17,2024-04-18,260,260.0
PO-02376,SKU-080,2025-01-22,2025-02-12,2025-02-15,427,427.0
PO-01588,SKU-054,2024-06-12,2024-06-26,2024-06-27,309,309.0
PO-02839,SKU-095,07-23-2025,2025-08-06,2025-08-07,487,487.0
PO-02523,SKU-085,2024-06-12,2024-07-03,2024-07-20,374,374.0
PO-01962,SKU-066,06-18-2025,2025-07-09,2025-07-19,256,256.0
PO-02534,SKU-085,2025-03-12,2025-04-02,2025-04-02,398,398.0
PO-01663,SKU-056,2025-03-12,2025-03-30,2025-04-13,376,376.0
PO-00550,SKU-019,2024-06-12,2024-06-30,2024-06-30,405,405.0
PO-00732,SKU-025,11-13-2024,2024-11-27,2024-11-27,358,261.0
PO-02856,SKU-096,21-Aug-2024,2024-09-04,2024-09-04,428,428.0
PO-00689,SKU-023,2025-10-29,2025-11-19,2025-11-22,330,330.0
PO-01431,SKU-049,31-Jan-2024,2024-02-18,2024-02-23,353,353.0
PO-00152,SKU-006,03/04/2024,2024-04-17,2024-04-18,478,478.0
PO-00751,SKU-026,31-Jan-2024,2024-02-14,2024-02-14,451,451.0
PO-01229,SKU-042,2024-08-14,2024-08-28,2024-08-28,391,391.0
PO-01022,SKU-035,2024-05-01,2024-05-19,2024-05-19,332,332.0
PO-00979,SKU-033,2025-06-25,2025-07-16,2025-07-29,457,457.0
PO-01872,SKU-063,28/05/2025,2025-06-11,2025-06-14,567,567.0
PO-01709,SKU-058,2024-05-15,2024-06-02,2024-06-04,469,469.0
PO-01326,SKU-045,01-15-2025,2025-01-29,2025-01-29,474,474.0
PO-02283,SKU-077,2025-01-29,2025-02-12,2025-02-12,506,506.0
PO-00108,SKU-004,30-Apr-2025,2025-05-18,2025-05-18,539,539.0
PO-00633,SKU-022,2024-02-28,2024-03-13,2024-03-16,477,477.0
PO-02088,SKU-070,2025-10-08,2025-10-22,2025-10-23,440,440.0
PO-02126,SKU-072,2024-07-03,2024-07-24,2024-07-24,370,370.0
PO-01449,SKU-049,2025-04-09,2025-04-27,2025-04-29,384,384.0
PO-02265,SKU-076,12-Nov-2025,2025-12-03,2025-12-03,233,233.0
PO-01765,SKU-060,2024-04-03,2024-04-21,2024-04-21,254,254.0
PO-02518,SKU-085,2024-01-31,2024-02-21,2024-02-21,358,358.0
PO-01544,SKU-052,13-Aug-2025,2025-08-31,2025-08-31,451,451.0
PO-01628,SKU-055,2025-01-01,2025-01-22,2025-01-22,500,500.0
PO-02221,SKU-075,2024-10-09,2024-10-23,2024-10-23,422,422.0
PO-02262,SKU-076,2025-08-20,2025-09-10,2025-09-10,325,325.0
PO-01629,SKU-055,2025-01-22,2025-02-12,2025-02-13,472,472.0
PO-01839,SKU-062,2025-03-05,2025-03-26,2025-03-28,288,288.0
PO-01519,SKU-051,2025-12-17,2026-01-07,,384,
PO-02616,SKU-088,05-29-2024,2024-06-12,2024-06-16,593,593.0
PO-02951,SKU-099,2025-01-08,2025-01-29,2025-02-01,488,425.0
PO-02333,SKU-079,2024-05-01,2024-05-15,2024-05-23,519,519.0
PO-00803,SKU-027,2025-09-17,2025-10-08,2025-10-08,474,474.0
PO-01648,SKU-056,2024-03-20,2024-04-07,2024-04-24,366,366.0
PO-01949,SKU-066,2024-07-31,2024-08-21,2024-08-23,266,266.0
PO-01735,SKU-059,2024-02-21,2024-03-13,2024-03-13,397,397.0
PO-01658,SKU-056,2024-11-20,2024-12-08,2024-12-08,302,302.0
PO-02515,SKU-084,2025-12-10,2025-12-28,,583,
PO-01383,SKU-047,2024-10-02,2024-10-16,2024-10-17,259,259.0
PO-00405,SKU-014,15/01/2025,2025-02-02,2025-02-13,348,348.0
PO-01723,SKU-058,23-Apr-2025,2025-05-11,2025-05-11,581,581.0
PO-01787,SKU-060,2025-10-08,2025-10-26,2025-10-26,377,377.0
PO-01483,SKU-050,30-Jul-2025,2025-08-13,2025-08-15,360,360.0
PO-02255,SKU-076,2025-02-26,2025-03-19,2025-03-19,281,259.0
PO-01085,SKU-037,2024-07-17,2024-07-31,2024-07-31,310,310.0
PO-00234,SKU-008,2025-10-01,2025-10-19,2025-10-19,457,457.0
PO-02085,SKU-070,2025-07-23,2025-08-06,2025-08-07,380,380.0
PO-02722,SKU-091,11/06/2025,2025-06-25,2025-06-27,331,331.0
PO-01028,SKU-035,2024-09-25,2024-10-13,2024-10-13,475,475.0
PO-01815,SKU-061,2025-07-16,2025-08-03,2025-08-03,298,298.0
PO-01020,SKU-035,2024-03-06,2024-03-24,2024-04-10,365,365.0
PO-02703,SKU-091,2024-03-20,2024-04-03,2024-04-05,438,438.0
PO-01010,SKU-034,09-Jul-2025,2025-07-27,2025-07-29,538,538.0
PO-02629,SKU-088,2025-04-09,2025-04-23,2025-04-23,600,600.0
PO-00747,SKU-025,2025-10-29,2025-11-12,2025-11-14,417,417.0
PO-01485,SKU-050,2025-09-10,2025-09-24,2025-09-25,357,357.0
PO-02198,SKU-074,2025-04-30,2025-05-21,2025-06-07,266,266.0
PO-01690,SKU-057,2025-01-01,2025-01-15,2025-01-15,473,473.0
PO-02371,SKU-080,10-09-2024,2024-10-30,2024-10-31,459,459.0
PO-02003,SKU-068,2024-03-06,2024-03-27,2024-03-28,407,407.0
PO-01856,SKU-063,2024-04-03,2024-04-17,2024-04-17,513,513.0
PO-01610,SKU-054,2025-12-10,2025-12-24,,281,
PO-00078,SKU-003,2025-04-02,2025-04-16,2025-04-16,421,421.0
PO-00553,SKU-019,21/08/2024,2024-09-08,2024-09-09,318,318.0
PO-02603,SKU-087,10-Sep-2025,2025-09-28,2025-09-30,440,440.0
PO-02150,SKU-073,2024-01-31,2024-02-18,2024-02-24,505,428.0
PO-00945,SKU-032,2025-03-26,2025-04-13,2025-04-30,280,280.0
PO-01149,SKU-039,2025-01-22,2025-02-09,2025-02-24,443,443.0
PO-00010,SKU-001,2024-08-21,2024-09-08,2024-09-08,519,519.0
PO-01154,SKU-039,2025-06-04,2025-06-22,2025-06-22,455,455.0
PO-00252,SKU-009,10-23-2024,2024-11-06,2024-11-06,337,337.0
PO-02174,SKU-073,2025-10-08,2025-10-26,2025-10-28,517,517.0
PO-02246,SKU-076,2024-07-03,2024-07-24,2024-07-24,234,234.0
PO-01808,SKU-061,05/02/2025,2025-02-23,2025-03-10,551,551.0
PO-00069,SKU-003,2024-08-14,2024-08-28,2024-08-28,553,553.0
PO-01997,SKU-067,2025-10-01,2025-10-19,2025-10-19,221,221.0
PO-00953,SKU-032,2025-10-08,2025-10-26,2025-10-26,382,382.0
PO-00076,SKU-003,2025-02-05,2025-02-19,2025-02-23,505,505.0
PO-01573,SKU-053,20/08/2025,2025-09-10,2025-09-10,356,356.0
PO-00904,SKU-031,2024-05-01,2024-05-15,2024-05-16,263,263.0
PO-01988,SKU-067,2025-03-12,2025-03-30,2025-04-09,257,257.0
PO-00043,SKU-002,09-Oct-2024,2024-10-27,2024-10-28,399,399.0
PO-02585,SKU-087,2024-06-19,2024-07-07,2024-07-13,564,564.0
PO-01148,SKU-039,01-01-2025,2025-01-19,2025-02-03,588,588.0
PO-01578,SKU-053,2025-12-03,2025-12-24,,405,
PO-00919,SKU-031,2025-04-30,2025-05-14,2025-05-16,245,245.0
PO-01956,SKU-066,2025-01-08,2025-01-29,2025-01-29,188,188.0
PO-01107,SKU-038,2024-02-07,2024-02-25,2024-03-06,381,381.0
PO-00130,SKU-005,2024-10-16,2024-10-30,2024-10-31,307,307.0
PO-00908,SKU-031,2024-08-07,2024-08-21,2024-08-25,297,297.0
PO-01366,SKU-046,2025-08-06,2025-08-24,2025-08-25,397,397.0
PO-02827,SKU-095,2024-10-09,2024-10-23,2024-10-23,433,433.0
PO-00235,SKU-008,2025-10-22,2025-11-09,2025-11-09,485,485.0
PO-00327,SKU-011,2025-10-15,2025-10-29,2025-10-29,451,451.0
PO-00966,SKU-033,28-Aug-2024,2024-09-18,2024-09-20,472,472.0
PO-01871,SKU-063,2025-04-30,2025-05-14,2025-05-16,497,497.0
PO-02106,SKU-071,2025-01-08,2025-01-26,2025-02-16,305,305.0
PO-02604,SKU-087,2025-10-01,2025-10-19,2025-10-19,362,362.0
PO-01661,SKU-056,2025-01-29,2025-02-16,2025-03-02,259,259.0
PO-02196,SKU-074,2025-03-12,2025-04-02,2025-04-02,346,346.0
PO-02368,SKU-080,2024-07-31,2024-08-21,2024-08-21,447,447.0
PO-01347,SKU-046,05-08-2024,2024-05-26,2024-05-26,524,524.0
PO-02176,SKU-073,2025-12-03,2025-12-21,2025-12-21,462,462.0
PO-01617,SKU-055,2024-04-17,2024-05-08,2024-05-22,584,584.0
PO-02693,SKU-090,2025-07-23,2025-08-06,2025-08-07,514,514.0
PO-01458,SKU-049,2025-11-26,2025-12-14,2025-12-14,366,269.0
PO-01510,SKU-051,16/04/2025,2025-05-07,2025-05-25,617,617.0
PO-01222,SKU-042,2024-02-28,2024-03-13,2024-03-13,366,366.0
PO-00940,SKU-032,2024-11-20,2024-12-08,2024-12-11,229,229.0
PO-02391,SKU-080,2025-12-24,2026-01-14,,535,
PO-02576,SKU-086,2025-12-10,2025-12-28,,373,
PO-01435,SKU-049,2024-05-08,2024-05-26,2024-05-27,360,360.0
PO-01662,SKU-056,2025-02-19,2025-03-09,2025-03-21,361,361.0
PO-02950,SKU-099,2024-12-18,2025-01-08,2025-01-09,306,306.0
PO-01056,SKU-036,2024-09-11,2024-09-25,2024-09-25,355,355.0
PO-00988,SKU-034,2024-01-17,2024-02-04,2024-02-22,484,484.0
PO-02253,SKU-076,01-Jan-2025,2025-01-22,2025-01-24,267,267.0
PO-00131,SKU-005,2024-11-06,2024-11-20,2024-11-20,403,403.0
PO-01289,SKU-044,2024-07-24,2024-08-07,2024-08-07,524,524.0
PO-01954,SKU-066,2024-12-04,2024-12-25,2024-12-25,223,223.0
PO-02373,SKU-080,2024-11-20,2024-12-11,2024-12-11,381,381.0
PO-02671,SKU-090,24/01/2024,2024-02-07,2024-02-07,410,410.0
PO-02544,SKU-085,2025-11-19,2025-12-10,2025-12-10,251,251.0
PO-00027,SKU-001,2025-10-15,2025-11-02,2025-11-04,576,576.0
PO-01722,SKU-058,03-26-2025,2025-04-13,2025-04-25,480,480.0
PO-02562,SKU-086,25/12/2024,2025-01-12,2025-01-12,365,365.0
PO-01306,SKU-044,2025-09-17,2025-10-01,2025-10-04,513,513.0
PO-02367,SKU-080,2024-07-03,2024-07-24,2024-07-25,573,573.0
PO-00849,SKU-029,2024-10-23,2024-11-06,2024-11-10,539,539.0
PO-00336,SKU-012,2024-05-15,2024-05-29,2024-05-31,444,444.0
PO-00619,SKU-021,01-29-2025,2025-02-12,2025-02-15,371,371.0
PO-02005,SKU-068,2024-04-17,2024-05-08,2024-05-27,445,445.0
PO-00228,SKU-008,2025-05-14,2025-06-01,2025-06-02,360,360.0
PO-02762,SKU-093,03-06-2024,2024-03-27,2024-03-27,440,440.0
PO-02955,SKU-099,2025-04-09,2025-04-30,2025-05-07,382,382.0
