Snapshot_Date,Product_ID,Stock_On_Hand,Qty_Used
2024-01-03,SKU-001,935,145
2024-01-10,SKU-001,787,148
2024-01-17,SKU-001,657,130
2024-01-24,SKU-001,490,167
2024-01-31,SKU-001,365,124
2024-02-07,SKU-001,249,116
2024-02-14,SKU-001,95,154
2024-02-21,SKU-001,553,104
2024-02-28,SKU-001,388,165
2024-03-06,SKU-001,252,136
2024-03-13,SKU-001,128,124
2024-03-20,SKU-001,0,154
2024-03-27,SKU-001,355,122
2024-04-03,SKU-001,223,132
2024-04-10,SKU-001,93,130
2024-04-17,SKU-001,314,109
2024-04-24,SKU-001,622,191
2024-05-01,SKU-001,483,139
2024-05-08,SKU-001,380,103
2024-05-15,SKU-001,256,124
2024-05-22,SKU-001,659,117
2024-05-29,SKU-001,521,138
2024-06-05,SKU-001,368,153
2024-06-12,SKU-001,237,131
2024-06-19,SKU-001,611,104
2024-07-03,SKU-001,368,117
2024-07-10,SKU-001,685,141
2024-07-17,SKU-001,551,133
2024-07-24,SKU-001,386,165
2024-07-31,SKU-001,183,203
2024-08-07,SKU-001,429,134
2024-08-14,SKU-001,273,156
2024-08-21,SKU-001,505,135
2024-08-28,SKU-001,386,119
2024-09-04,SKU-001,255,131
2024-09-11,SKU-001,629,145
2024-09-18,SKU-001,489,140
2024-09-25,SKU-001,350,139
2024-10-02,SKU-001,201,149
2024-10-09,SKU-001,698,128
2024-10-16,SKU-001,569,129
2024-10-23,SKU-001,442,127
2024-10-30,SKU-001,298,144
2024-11-06,SKU-001,625,139
2024-11-13,SKU-001,509,116
2024-11-20,SKU-001,408,101
2024-11-27,SKU-001,293,115
2024-12-04,SKU-001,604,126
2024-12-11,SKU-001,459,145
2024-12-18,SKU-001,336,123
2024-12-25,SKU-001,512,142
2025-01-01,SKU-001,400,112
2025-01-08,SKU-001,250,151
2025-01-15,SKU-001,598,163
2025-01-22,SKU-001,483,115
2025-01-29,SKU-001,346,137
2025-02-05,SKU-001,242,104
2025-02-12,SKU-001,129,113
2025-02-19,SKU-001,0,132
2025-02-26,SKU-001,263,117
2025-03-05,SKU-001,117,146
2025-03-12,SKU-001,0,146
2025-03-19,SKU-001,0,140
2025-03-26,SKU-001,409,110
2025-04-02,SKU-001,263,146
2025-04-09,SKU-001,123,140
2025-04-16,SKU-001,611,121
2025-04-23,SKU-001,491,121
2025-04-30,SKU-001,346,145
2025-05-07,SKU-001,564,148
2025-05-14,SKU-001,405,158
2025-05-21,SKU-001,251,155
2025-05-28,SKU-001,558,152
2025-06-04,SKU-001,438,120
2025-06-11,SKU-001,320,118
2025-06-18,SKU-001,178,142
2025-06-25,SKU-001,458,135
2025-07-02,SKU-001,328,130
2025-07-09,SKU-001,597,148
2025-07-16,SKU-001,453,145
2025-07-23,SKU-001,303,149
2025-07-30,SKU-001,634,134
2025-08-06,SKU-001,529,104
2025-08-13,SKU-001,390,139
2025-08-20,SKU-001,252,139
2025-08-27,SKU-001,533,117
2025-09-03,SKU-001,422,112
2025-09-10,SKU-001,275,146
2025-09-17,SKU-001,579,156
2025-09-24,SKU-001,433,145
2025-10-01,SKU-001,288,145
2025-10-08,SKU-001,661,147
2025-10-15,SKU-001,507,154
2025-10-22,SKU-001,357,150
2025-10-29,SKU-001,227,130
2025-11-05,SKU-001,666,137
2025-11-12,SKU-001,569,97
2025-11-19,SKU-001,443,125
2025-11-26,SKU-001,307,136
2025-12-03,SKU-001,621,121
2025-12-10,SKU-001,501,120
2025-12-17,SKU-001,379,122
2025-12-24,SKU-001,285,94
2024-01-03,SKU-002,900,148
2024-01-10,SKU-002,772,129
2024-01-17,SKU-002,623,148
2024-01-24,SKU-002,499,124
2024-01-31,SKU-002,349,150
2024-02-07,SKU-002,211,138
2024-02-14,SKU-002,106,105
2024-02-21,SKU-002,0,117
2024-02-28,SKU-002,327,146
2024-03-06,SKU-002,197,130
2024-03-13,SKU-002,86,111
2024-03-20,SKU-002,431,161
2024-03-27,SKU-002,302,128
2024-04-03,SKU-002,170,132
2024-04-10,SKU-002,21,149
2024-04-17,SKU-002,276,132
2024-04-24,SKU-002,143,133
2024-05-01,SKU-002,436,119
2024-05-08,SKU-002,291,144
2024-05-15,SKU-002,674,140
2024-05-22,SKU-002,552,121
2024-05-29,SKU-002,430,122
2024-06-05,SKU-002,306,124
2024-06-12,SKU-002,501,160
2024-06-19,SKU-002,382,119
2024-06-26,SKU-002,240,142
2024-07-03,SKU-002,679,96
2024-07-10,SKU-002,561,118
2024-07-17,SKU-002,439,122
2024-07-24,SKU-002,303,136
2024-07-31,SKU-002,510,149
2024-08-07,SKU-002,383,126
2024-08-14,SKU-002,258,126
2024-08-21,SKU-002,594,169
2024-08-28,SKU-002,472,122
2024-09-04,SKU-002,364,107
2024-09-11,SKU-002,604,144
2024-09-18,SKU-002,473,131
2024-09-25,SKU-002,349,125
2024-10-02,SKU-002,205,143
2024-10-09,SKU-002,596,122
2024-10-16,SKU-002,448,148
2024-10-23,SKU-002,326,122
2024-10-30,SKU-002,568,158
2024-11-06,SKU-002,442,125
2024-11-13,SKU-002,325,118
2024-11-20,SKU-002,628,156
2024-11-27,SKU-002,487,141
2024-12-04,SKU-002,373,114
2024-12-11,SKU-002,233,140
2024-12-18,SKU-002,656,150
2024-12-25,SKU-002,524,132
2025-01-01,SKU-002,402,123
2025-01-08,SKU-002,247,155
2025-01-15,SKU-002,118,129
2025-01-22,SKU-002,465,119
2025-01-29,SKU-002,345,121
2025-02-05,SKU-002,211,134
2025-02-12,SKU-002,43,168
2025-02-19,SKU-002,0,146
2025-02-26,SKU-002,316,145
2025-03-05,SKU-002,187,130
2025-03-12,SKU-002,29,158
2025-03-19,SKU-002,0,155
2025-03-26,SKU-002,280,119
2025-04-02,SKU-002,148,132
2025-04-09,SKU-002,5,143
2025-04-16,SKU-002,337,133
2025-04-23,SKU-002,192,145
2025-04-30,SKU-002,635,101
2025-05-07,SKU-002,498,138
2025-05-14,SKU-002,365,133
2025-05-21,SKU-002,232,132
2025-05-28,SKU-002,609,165
2025-06-04,SKU-002,459,150
2025-06-11,SKU-002,347,112
2025-06-18,SKU-002,195,152
2025-06-25,SKU-002,624,108
2025-07-02,SKU-002,498,126
2025-07-09,SKU-002,366,132
2025-07-16,SKU-002,262,104
2025-07-23,SKU-002,590,130
2025-07-30,SKU-002,500,90
2025-08-06,SKU-002,394,105
2025-08-13,SKU-002,699,138
2025-08-20,SKU-002,578,121
2025-08-27,SKU-002,429,150
2025-09-03,SKU-002,288,141
2025-09-10,SKU-002,570,115
2025-09-17,SKU-002,450,120
2025-09-24,SKU-002,280,170
2025-10-01,SKU-002,637,117
2025-10-08,SKU-002,508,129
2025-10-15,SKU-002,363,146
2025-10-22,SKU-002,243,120
2025-10-29,SKU-002,730,86
2025-11-05,SKU-002,572,158
2025-11-12,SKU-002,430,142
2025-11-19,SKU-002,238,192
2025-11-26,SKU-002,110,128
2025-12-03,SKU-002,339,135
2025-12-10,SKU-002,236,103
2025-12-17,SKU-002,625,110
2025-12-24,SKU-002,477,148
2024-01-03,SKU-003,802,136
2024-01-10,SKU-003,638,165
2024-01-17,SKU-003,525,113
2024-01-24,SKU-003,418,106
2024-01-31,SKU-003,651,172
2024-02-07,SKU-003,506,145
2024-02-14,SKU-003,384,122
2024-02-21,SKU-003,667,135
2024-02-28,SKU-003,527,139
2024-03-06,SKU-003,412,116
2024-03-13,SKU-003,758,149
2024-03-20,SKU-003,644,114
2024-03-27,SKU-003,495,149
2024-04-03,SKU-003,374,121
2024-04-10,SKU-003,652,119
2024-04-17,SKU-003,550,101
2024-04-24,SKU-003,411,139
2024-05-01,SKU-003,310,101
2024-05-08,SKU-003,812,110
2024-05-15,SKU-003,677,135
2024-05-22,SKU-003,551,126
2024-05-29,SKU-003,428,122
2024-06-05,SKU-003,283,145
2024-06-12,SKU-003,199,84
2024-06-19,SKU-003,616,146
2024-06-26,SKU-003,474,141
2024-07-03,SKU-003,343,131
2024-07-10,SKU-003,744,139
2024-07-17,SKU-003,618,126
2024-07-24,SKU-003,493,125
2024-07-31,SKU-003,353,140
2024-08-07,SKU-003,202,152
2024-08-14,SKU-003,441,158
2024-08-21,SKU-003,327,114
2024-08-28,SKU-003,753,127
2024-09-04,SKU-003,585,168
2024-09-11,SKU-003,456,130
2024-09-18,SKU-003,317,139
2024-09-25,SKU-003,213,104
2024-10-02,SKU-003,482,141
2024-10-09,SKU-003,302,180
2024-10-16,SKU-003,693,139
2024-10-23,SKU-003,576,117
2024-10-30,SKU-003,459,117
2024-11-06,SKU-003,316,144
2024-11-13,SKU-003,161,155
2024-11-20,SKU-003,532,129
2024-11-27,SKU-003,391,142
2024-12-04,SKU-003,698,115
2024-12-11,SKU-003,537,161
2024-12-18,SKU-003,365,172
2024-12-25,SKU-003,267,98
2025-01-01,SKU-003,740,147
2025-01-08,SKU-003,600,140
2025-01-15,SKU-003,417,183
2025-01-22,SKU-003,269,149
2025-01-29,SKU-003,130,139
2025-02-05,SKU-003,505,143
2025-02-12,SKU-003,339,166
2025-02-19,SKU-003,225,114
2025-02-26,SKU-003,594,135
2025-03-05,SKU-003,494,100
2025-03-12,SKU-003,369,125
2025-03-19,SKU-003,268,101
2025-03-26,SKU-003,587,135
2025-04-02,SKU-003,479,108
2025-04-09,SKU-003,350,129
2025-04-16,SKU-003,642,129
2025-04-23,SKU-003,562,80
2025-04-30,SKU-003,433,129
2025-05-07,SKU-003,276,157
2025-05-14,SKU-003,164,112
2025-05-21,SKU-003,505,135
2025-05-28,SKU-003,367,138
2025-06-04,SKU-003,245,122
2025-06-11,SKU-003,507,133
2025-06-25,SKU-003,722,164
2025-07-02,SKU-003,566,156
2025-07-09,SKU-003,474,92
2025-07-16,SKU-003,368,106
2025-07-23,SKU-003,769,112
2025-07-30,SKU-003,617,153
2025-08-06,SKU-003,468,149
2025-08-13,SKU-003,324,144
2025-08-20,SKU-003,609,148
2025-08-27,SKU-003,482,126
2025-09-03,SKU-003,356,127
2025-09-10,SKU-003,243,112
2025-09-17,SKU-003,515,146
2025-09-24,SKU-003,406,109
2025-10-01,SKU-003,607,130
2025-10-08,SKU-003,452,155
2025-10-15,SKU-003,350,103
2025-10-22,SKU-003,680,108
2025-10-29,SKU-003,588,92
2025-11-05,SKU-003,450,138
2025-11-12,SKU-003,308,142
2025-11-19,SKU-003,675,156
2025-11-26,SKU-003,538,137
2025-12-03,SKU-003,405,133
2025-12-10,SKU-003,298,107
2025-12-17,SKU-003,161,137
2025-12-24,SKU-003,570,134
2024-01-03,SKU-004,963,125
2024-01-10,SKU-004,823,140
2024-01-17,SKU-004,679,144
2024-01-24,SKU-004,522,157
2024-01-31,SKU-004,354,168
2024-02-07,SKU-004,207,146
2024-02-14,SKU-004,55,152
2024-02-21,SKU-004,0,147
2024-02-28,SKU-004,417,140
2024-03-06,SKU-004,294,124
2024-03-13,SKU-004,523,117
2024-03-20,SKU-004,423,100
2024-03-27,SKU-004,293,130
2024-04-03,SKU-004,154,140
2024-04-10,SKU-004,49,105
2024-04-17,SKU-004,473,102
2024-04-24,SKU-004,344,129
2024-05-01,SKU-004,698,140
2024-05-08,SKU-004,522,176
2024-05-15,SKU-004,394,128
2024-05-22,SKU-004,247,147
2024-05-29,SKU-004,585,155
2024-06-05,SKU-004,476,109
2024-06-12,SKU-004,318,158
2024-06-19,SKU-004,522,153
2024-06-26,SKU-004,365,158
2024-07-03,SKU-004,216,149
2024-07-10,SKU-004,545,135
2024-07-17,SKU-004,400,145
2024-07-24,SKU-004,241,159
2024-07-31,SKU-004,599,127
2024-08-07,SKU-004,453,146
2024-08-14,SKU-004,291,162
2024-08-21,SKU-004,546,139
2024-08-28,SKU-004,424,123
2024-09-04,SKU-004,270,154
2024-09-11,SKU-004,660,108
2024-09-18,SKU-004,510,151
2024-09-25,SKU-004,388,122
2024-10-02,SKU-004,302,85
2024-10-09,SKU-004,733,142
2024-10-16,SKU-004,633,100
2024-10-30,SKU-004,365,115
2024-11-06,SKU-004,269,97
2024-11-13,SKU-004,702,114
2024-11-20,SKU-004,569,133
2024-11-27,SKU-004,446,122
2024-12-04,SKU-004,277,169
2024-12-11,SKU-004,566,138
2024-12-18,SKU-004,419,147
2024-12-25,SKU-004,293,126
2025-01-01,SKU-004,638,128
2025-01-08,SKU-004,486,152
2025-01-15,SKU-004,337,149
2025-01-22,SKU-004,232,105
2025-01-29,SKU-004,59,173
2025-02-05,SKU-004,0,147
2025-02-12,SKU-004,428,119
2025-02-19,SKU-004,328,100
2025-02-26,SKU-004,174,154
2025-03-05,SKU-004,33,141
2025-03-12,SKU-004,232,160
2025-03-19,SKU-004,107,125
2025-03-26,SKU-004,4,103
2025-04-02,SKU-004,300,141
2025-04-09,SKU-004,145,155
2025-04-16,SKU-004,0,151
2025-04-23,SKU-004,256,153
2025-04-30,SKU-004,575,167
2025-05-07,SKU-004,447,128
2025-05-14,SKU-004,325,122
2025-05-21,SKU-004,719,145
2025-05-28,SKU-004,588,131
2025-06-04,SKU-004,482,106
2025-06-11,SKU-004,345,138
2025-06-18,SKU-004,680,108
2025-06-25,SKU-004,540,140
2025-07-02,SKU-004,393,147
2025-07-09,SKU-004,232,161
2025-07-16,SKU-004,558,140
2025-07-23,SKU-004,431,128
2025-07-30,SKU-004,291,140
2025-08-06,SKU-004,560,156
2025-08-13,SKU-004,417,143
2025-08-20,SKU-004,284,133
2025-08-27,SKU-004,668,151
2025-09-03,SKU-004,566,101
2025-09-10,SKU-004,434,132
2025-09-17,SKU-004,278,156
2025-09-24,SKU-004,506,163
2025-10-01,SKU-004,373,134
2025-10-08,SKU-004,262,111
2025-10-15,SKU-004,621,154
2025-10-22,SKU-004,499,122
2025-10-29,SKU-004,368,131
2025-11-05,SKU-004,593,129
2025-11-12,SKU-004,451,142
2025-11-19,SKU-004,301,150
2025-11-26,SKU-004,656,145
2025-12-03,SKU-004,540,117
2025-12-10,SKU-004,393,146
2025-12-24,SKU-004,533,121
2024-01-03,SKU-005,795,87
2024-01-10,SKU-005,720,75
2024-01-17,SKU-005,632,89
2024-01-24,SKU-005,538,94
2024-01-31,SKU-005,442,95
2024-02-07,SKU-005,308,134
2024-02-14,SKU-005,226,82
2024-02-21,SKU-005,476,105
2024-02-28,SKU-005,386,90
2024-03-06,SKU-005,253,133
2024-03-13,SKU-005,500,106
2024-03-20,SKU-005,415,85
2024-03-27,SKU-005,321,94
2024-04-03,SKU-005,234,87
2024-04-10,SKU-005,488,82
2024-04-17,SKU-005,380,107
2024-04-24,SKU-005,278,102
2024-05-01,SKU-005,488,125
2024-05-08,SKU-005,384,104
2024-05-15,SKU-005,270,114
2024-05-22,SKU-005,158,112
2024-05-29,SKU-005,319,117
2024-06-05,SKU-005,226,93
2024-06-12,SKU-005,143,83
2024-06-19,SKU-005,391,107
2024-06-26,SKU-005,294,97
2024-07-03,SKU-005,185,109
2024-07-10,SKU-005,358,106
2024-07-17,SKU-005,244,114
2024-07-24,SKU-005,479,112
2024-07-31,SKU-005,409,71
2024-08-07,SKU-005,334,75
2024-08-14,SKU-005,210,124
2024-08-21,SKU-005,120,90
2024-08-28,SKU-005,378,101
2024-09-04,SKU-005,260,118
2024-09-11,SKU-005,156,104
2024-09-18,SKU-005,424,103
2024-09-25,SKU-005,351,74
2024-10-02,SKU-005,237,114
2024-10-09,SKU-005,417,101
2024-10-16,SKU-005,314,103
2024-10-23,SKU-005,204,110
2024-10-30,SKU-005,90,114
2024-11-06,SKU-005,322,75
2024-11-13,SKU-005,220,102
2024-11-20,SKU-005,507,116
2024-11-27,SKU-005,429,78
2024-12-04,SKU-005,324,106
2024-12-11,SKU-005,208,116
2024-12-18,SKU-005,104,103
2024-12-25,SKU-005,411,94
2025-01-01,SKU-005,318,93
2025-01-08,SKU-005,230,88
2025-01-15,SKU-005,550,83
2025-01-22,SKU-005,445,105
2025-01-29,SKU-005,347,98
2025-02-05,SKU-005,251,96
2025-02-12,SKU-005,184,67
2025-02-19,SKU-005,375,85
2025-02-26,SKU-005,267,107
2025-03-12,SKU-005,450,96
2025-03-19,SKU-005,366,85
2025-03-26,SKU-005,254,112
2025-04-02,SKU-005,464,91
2025-04-09,SKU-005,363,101
2025-04-16,SKU-005,256,108
2025-04-23,SKU-005,134,122
2025-04-30,SKU-005,415,102
2025-05-07,SKU-005,321,94
2025-05-14,SKU-005,215,106
2025-05-21,SKU-005,141,73
2025-05-28,SKU-005,335,113
2025-06-04,SKU-005,228,107
2025-06-11,SKU-005,134,94
2025-06-18,SKU-005,388,83
2025-06-25,SKU-005,303,85
2025-07-02,SKU-005,493,75
2025-07-09,SKU-005,415,79
2025-07-16,SKU-005,314,100
2025-07-23,SKU-005,193,121
2025-07-30,SKU-005,497,88
2025-08-06,SKU-005,382,115
2025-08-13,SKU-005,301,81
2025-08-20,SKU-005,547,119
2025-08-27,SKU-005,414,132
2025-09-03,SKU-005,306,108
2025-09-10,SKU-005,203,104
2025-09-17,SKU-005,97,106
2025-09-24,SKU-005,420,84
2025-10-01,SKU-005,336,84
2025-10-08,SKU-005,266,70
2025-10-15,SKU-005,146,120
2025-10-22,SKU-005,354,89
2025-10-29,SKU-005,258,96
2025-11-05,SKU-005,546,106
2025-11-12,SKU-005,445,101
2025-11-19,SKU-005,360,84
2025-11-26,SKU-005,271,89
2025-12-03,SKU-005,166,105
2025-12-10,SKU-005,397,116
2025-12-17,SKU-005,304,94
2025-12-24,SKU-005,225,79
2024-01-10,SKU-006,491,139
2024-01-17,SKU-006,377,114
2024-01-24,SKU-006,729,109
2024-01-31,SKU-006,619,110
2024-02-07,SKU-006,517,102
2024-02-14,SKU-006,406,111
2024-02-21,SKU-006,258,148
2024-02-28,SKU-006,602,96
2024-03-06,SKU-006,449,152
2024-03-13,SKU-006,324,125
2024-03-20,SKU-006,649,111
2024-03-27,SKU-006,560,89
2024-04-03,SKU-006,414,146
2024-04-10,SKU-006,319,95
2024-04-17,SKU-006,215,104
2024-04-24,SKU-006,579,114
2024-05-01,SKU-006,468,111
2024-05-08,SKU-006,330,138
2024-05-15,SKU-006,203,127
2024-05-22,SKU-006,376,165
2024-05-29,SKU-006,238,138
2024-06-05,SKU-006,511,120
2024-06-12,SKU-006,384,127
2024-06-19,SKU-006,248,137
2024-06-26,SKU-006,535,127
2024-07-03,SKU-006,416,119
2024-07-10,SKU-006,301,115
2024-07-17,SKU-006,175,126
2024-07-24,SKU-006,458,126
2024-07-31,SKU-006,329,129
2024-08-07,SKU-006,197,132
2024-08-14,SKU-006,443,136
2024-08-21,SKU-006,331,112
2024-08-28,SKU-006,624,127
2024-09-04,SKU-006,515,109
2024-09-11,SKU-006,349,165
2024-09-18,SKU-006,224,126
2024-09-25,SKU-006,563,125
2024-10-02,SKU-006,429,134
2024-10-09,SKU-006,293,136
2024-10-16,SKU-006,603,115
2024-10-23,SKU-006,500,103
2024-10-30,SKU-006,395,106
2024-11-06,SKU-006,266,128
2024-11-13,SKU-006,138,129
2024-11-20,SKU-006,431,119
2024-11-27,SKU-006,354,78
2024-12-04,SKU-006,667,118
2024-12-11,SKU-006,532,135
2024-12-18,SKU-006,441,91
2024-12-25,SKU-006,310,130
2025-01-01,SKU-006,601,110
2025-01-08,SKU-006,500,101
2025-01-15,SKU-006,367,133
2025-01-22,SKU-006,253,114
2025-01-29,SKU-006,571,118
2025-02-05,SKU-006,440,131
2025-02-12,SKU-006,329,111
2025-02-19,SKU-006,557,142
2025-02-26,SKU-006,389,168
2025-03-05,SKU-006,266,123
2025-03-12,SKU-006,621,115
2025-03-19,SKU-006,473,148
2025-03-26,SKU-006,334,139
2025-04-02,SKU-006,535,122
2025-04-09,SKU-006,410,125
2025-04-16,SKU-006,283,127
2025-04-23,SKU-006,177,106
2025-04-30,SKU-006,493,88
2025-05-07,SKU-006,369,124
2025-05-14,SKU-006,260,109
2025-05-21,SKU-006,458,117
2025-05-28,SKU-006,328,130
2025-06-04,SKU-006,645,146
2025-06-11,SKU-006,550,95
2025-06-18,SKU-006,427,123
2025-06-25,SKU-006,279,148
2025-07-02,SKU-006,139,140
2025-07-09,SKU-006,381,128
2025-07-16,SKU-006,254,127
2025-07-23,SKU-006,572,121
2025-07-30,SKU-006,442,129
2025-08-06,SKU-006,293,149
2025-08-13,SKU-006,708,100
2025-08-20,SKU-006,561,147
2025-08-27,SKU-006,444,117
2025-09-03,SKU-006,334,110
2025-09-10,SKU-006,198,136
2025-09-17,SKU-006,494,102
2025-09-24,SKU-006,386,108
2025-10-01,SKU-006,559,148
2025-10-08,SKU-006,434,126
2025-10-15,SKU-006,295,139
2025-10-22,SKU-006,186,109
2025-10-29,SKU-006,478,135
2025-11-05,SKU-006,377,101
2025-11-12,SKU-006,659,88
2025-11-19,SKU-006,531,128
2025-11-26,SKU-006,412,119
2025-12-03,SKU-006,312,100
2025-12-10,SKU-006,182,131
2025-12-17,SKU-006,455,141
2025-12-24,SKU-006,333,122
2024-01-03,SKU-007,783,81
2024-01-10,SKU-007,682,101
2024-01-17,SKU-007,588,95
2024-01-24,SKU-007,480,108
2024-01-31,SKU-007,383,96
2024-02-07,SKU-007,277,106
2024-02-14,SKU-007,403,111
2024-02-28,SKU-007,205,101
2024-03-06,SKU-007,118,87
2024-03-13,SKU-007,401,92
2024-03-20,SKU-007,293,108
2024-03-27,SKU-007,203,90
2024-04-03,SKU-007,547,76
2024-04-10,SKU-007,430,117
2024-04-17,SKU-007,350,80
2024-04-24,SKU-007,275,75
2024-05-01,SKU-007,185,89
2024-05-08,SKU-007,389,84
2024-05-15,SKU-007,284,104
2024-05-22,SKU-007,167,117
2024-05-29,SKU-007,82,85
2024-06-05,SKU-007,360,88
2024-06-12,SKU-007,232,128
2024-06-19,SKU-007,134,98
2024-06-26,SKU-007,378,123
2024-07-03,SKU-007,268,110
2024-07-10,SKU-007,160,108
2024-07-17,SKU-007,304,115
2024-07-24,SKU-007,195,110
2024-07-31,SKU-007,139,56
2024-08-07,SKU-007,437,90
2024-08-14,SKU-007,353,84
2024-08-21,SKU-007,277,76
2024-08-28,SKU-007,484,104
2024-09-04,SKU-007,404,80
2024-09-11,SKU-007,304,100
2024-09-18,SKU-007,191,113
2024-09-25,SKU-007,113,78
2024-10-02,SKU-007,422,76
2024-10-09,SKU-007,334,88
2024-10-16,SKU-007,235,98
2024-10-23,SKU-007,142,93
2024-10-30,SKU-007,318,102
2024-11-06,SKU-007,238,80
2024-11-13,SKU-007,538,99
2024-11-20,SKU-007,483,55
2024-11-27,SKU-007,374,109
2024-12-04,SKU-007,294,80
2024-12-11,SKU-007,206,88
2024-12-18,SKU-007,401,98
2024-12-25,SKU-007,318,83
2025-01-01,SKU-007,234,84
2025-01-08,SKU-007,143,92
2025-01-15,SKU-007,428,88
2025-01-22,SKU-007,331,97
2025-01-29,SKU-007,249,81
2025-02-05,SKU-007,547,97
2025-02-12,SKU-007,450,97
2025-02-19,SKU-007,362,87
2025-02-26,SKU-007,282,80
2025-03-05,SKU-007,206,77
2025-03-12,SKU-007,410,97
2025-03-19,SKU-007,325,84
2025-03-26,SKU-007,237,88
2025-04-02,SKU-007,482,90
2025-04-09,SKU-007,348,134
2025-04-16,SKU-007,247,101
2025-04-23,SKU-007,418,95
2025-04-30,SKU-007,340,78
2025-05-07,SKU-007,215,125
2025-05-14,SKU-007,487,81
2025-05-21,SKU-007,390,97
2025-05-28,SKU-007,293,97
2025-06-04,SKU-007,206,87
2025-06-11,SKU-007,479,86
2025-06-18,SKU-007,367,113
2025-06-25,SKU-007,269,97
2025-07-02,SKU-007,530,103
2025-07-09,SKU-007,434,96
2025-07-16,SKU-007,349,85
2025-07-23,SKU-007,267,82
2025-07-30,SKU-007,156,111
2025-08-06,SKU-007,408,115
2025-08-13,SKU-007,339,70
2025-08-20,SKU-007,223,116
2025-08-27,SKU-007,119,104
2025-09-03,SKU-007,341,93
2025-09-10,SKU-007,231,110
2025-09-17,SKU-007,452,108
2025-09-24,SKU-007,360,92
2025-10-01,SKU-007,271,89
2025-10-08,SKU-007,164,107
2025-10-15,SKU-007,344,79
2025-10-22,SKU-007,245,99
2025-10-29,SKU-007,447,104
2025-11-05,SKU-007,348,100
2025-11-12,SKU-007,231,117
2025-11-19,SKU-007,508,92
2025-11-26,SKU-007,416,92
2025-12-03,SKU-007,316,99
2025-12-10,SKU-007,216,100
2025-12-17,SKU-007,473,122
2025-12-24,SKU-007,382,92
2024-01-03,SKU-008,813,167
2024-01-17,SKU-008,559,161
2024-01-24,SKU-008,424,135
2024-01-31,SKU-008,292,132
2024-02-07,SKU-008,118,174
2024-02-14,SKU-008,0,166
2024-02-21,SKU-008,0,166
2024-02-28,SKU-008,415,143
2024-03-06,SKU-008,292,123
2024-03-13,SKU-008,175,116
2024-03-20,SKU-008,596,151
2024-03-27,SKU-008,454,143
2024-04-03,SKU-008,335,119
2024-04-10,SKU-008,184,151
2024-04-17,SKU-008,36,147
2024-04-24,SKU-008,429,163
2024-05-01,SKU-008,294,135
2024-05-08,SKU-008,571,180
2024-05-15,SKU-008,408,163
2024-05-22,SKU-008,314,94
2024-05-29,SKU-008,741,129
2024-06-05,SKU-008,594,147
2024-06-12,SKU-008,463,131
2024-06-19,SKU-008,329,135
2024-06-26,SKU-008,618,153
2024-07-03,SKU-008,489,129
2024-07-10,SKU-008,341,148
2024-07-17,SKU-008,694,135
2024-07-24,SKU-008,554,140
2024-07-31,SKU-008,448,106
2024-08-07,SKU-008,331,118
2024-08-14,SKU-008,731,176
2024-08-21,SKU-008,594,136
2024-08-28,SKU-008,474,121
2024-09-04,SKU-008,313,160
2024-09-11,SKU-008,574,144
2024-09-18,SKU-008,420,154
2024-09-25,SKU-008,319,102
2024-10-02,SKU-008,694,169
2024-10-09,SKU-008,534,160
2024-10-16,SKU-008,359,174
2024-10-23,SKU-008,218,142
2024-10-30,SKU-008,83,135
2024-11-06,SKU-008,381,136
2024-11-13,SKU-008,229,152
2024-11-20,SKU-008,612,176
2024-11-27,SKU-008,488,124
2024-12-04,SKU-008,361,127
2024-12-11,SKU-008,693,131
2024-12-18,SKU-008,582,110
2024-12-25,SKU-008,426,156
2025-01-01,SKU-008,317,109
2025-01-08,SKU-008,680,124
2025-01-15,SKU-008,512,168
2025-01-22,SKU-008,388,124
2025-01-29,SKU-008,267,121
2025-02-05,SKU-008,124,142
2025-02-12,SKU-008,0,140
2025-02-19,SKU-008,416,108
2025-02-26,SKU-008,309,107
2025-03-05,SKU-008,158,151
2025-03-12,SKU-008,0,159
2025-03-19,SKU-008,0,143
2025-03-26,SKU-008,460,125
2025-04-02,SKU-008,337,123
2025-04-09,SKU-008,660,121
2025-04-16,SKU-008,488,172
2025-04-23,SKU-008,352,136
2025-04-30,SKU-008,187,164
2025-05-07,SKU-008,758,104
2025-05-14,SKU-008,602,156
2025-05-21,SKU-008,461,141
2025-05-28,SKU-008,356,104
2025-06-04,SKU-008,520,196
2025-06-11,SKU-008,365,155
2025-06-18,SKU-008,198,167
2025-06-25,SKU-008,540,158
2025-07-02,SKU-008,420,120
2025-07-09,SKU-008,285,134
2025-07-16,SKU-008,134,151
2025-07-23,SKU-008,583,102
2025-07-30,SKU-008,419,165
2025-08-06,SKU-008,262,156
2025-08-13,SKU-008,631,171
2025-08-20,SKU-008,511,120
2025-08-27,SKU-008,370,141
2025-09-03,SKU-008,655,110
2025-09-10,SKU-008,518,137
2025-09-17,SKU-008,403,115
2025-09-24,SKU-008,236,167
2025-10-01,SKU-008,559,130
2025-10-08,SKU-008,419,140
2025-10-15,SKU-008,281,138
2025-10-22,SKU-008,621,117
2025-10-29,SKU-008,489,133
2025-11-05,SKU-008,344,145
2025-11-12,SKU-008,670,159
2025-11-19,SKU-008,561,109
2025-11-26,SKU-008,417,144
2025-12-03,SKU-008,244,173
2025-12-10,SKU-008,632,135
2025-12-17,SKU-008,510,122
2025-12-24,SKU-008,369,141
2024-01-03,SKU-009,506,70
2024-01-10,SKU-009,426,80
2024-01-17,SKU-009,297,130
2024-01-24,SKU-009,172,124
2024-01-31,SKU-009,83,90
2024-02-07,SKU-009,371,96
2024-02-14,SKU-009,272,99
2024-02-21,SKU-009,486,121
2024-02-28,SKU-009,386,100
2024-03-06,SKU-009,278,109
2024-03-13,SKU-009,182,96
2024-03-20,SKU-009,424,100
2024-03-27,SKU-009,349,75
2024-04-03,SKU-009,264,86
2024-04-10,SKU-009,493,61
2024-04-17,SKU-009,401,92
2024-04-24,SKU-009,310,91
2024-05-01,SKU-009,197,113
2024-05-08,SKU-009,103,94
2024-05-15,SKU-009,335,130
2024-05-22,SKU-009,242,93
2024-05-29,SKU-009,130,112
2024-06-05,SKU-009,375,85
2024-06-12,SKU-009,292,83
2024-06-19,SKU-009,204,88
2024-06-26,SKU-009,376,103
2024-07-03,SKU-009,289,87
2024-07-10,SKU-009,176,113
2024-07-17,SKU-009,397,102
2024-07-24,SKU-009,298,99
2024-07-31,SKU-009,226,72
2024-08-07,SKU-009,467,93
2024-08-14,SKU-009,369,98
2024-08-21,SKU-009,264,105
2024-08-28,SKU-009,456,93
2024-09-04,SKU-009,360,96
2024-09-11,SKU-009,267,94
2024-09-18,SKU-009,471,82
2024-09-25,SKU-009,363,109
2024-10-02,SKU-009,256,106
2024-10-09,SKU-009,504,105
2024-10-16,SKU-009,410,94
2024-10-23,SKU-009,314,96
2024-10-30,SKU-009,230,84
2024-11-06,SKU-009,471,96
2024-11-13,SKU-009,344,127
2024-11-20,SKU-009,245,99
2024-11-27,SKU-009,529,107
2024-12-04,SKU-009,425,104
2024-12-11,SKU-009,309,116
2024-12-18,SKU-009,223,85
2024-12-25,SKU-009,472,70
2025-01-08,SKU-009,275,96
2025-01-15,SKU-009,548,81
2025-01-22,SKU-009,435,112
2025-01-29,SKU-009,351,85
2025-02-05,SKU-009,240,111
2025-02-12,SKU-009,146,94
2025-02-19,SKU-009,348,93
2025-02-26,SKU-009,224,125
2025-03-05,SKU-009,147,77
2025-03-12,SKU-009,340,84
2025-03-19,SKU-009,259,81
2025-03-26,SKU-009,160,99
2025-04-02,SKU-009,411,90
2025-04-09,SKU-009,309,102
2025-04-16,SKU-009,213,96
2025-04-23,SKU-009,503,93
2025-04-30,SKU-009,428,76
2025-05-07,SKU-009,336,91
2025-05-14,SKU-009,246,91
2025-05-21,SKU-009,461,92
2025-05-28,SKU-009,351,110
2025-06-04,SKU-009,261,90
2025-06-11,SKU-009,153,108
2025-06-18,SKU-009,371,76
2025-06-25,SKU-009,272,99
2025-07-02,SKU-009,188,83
2025-07-09,SKU-009,380,71
2025-07-16,SKU-009,300,80
2025-07-23,SKU-009,242,58
2025-07-30,SKU-009,522,61
2025-08-06,SKU-009,425,96
2025-08-13,SKU-009,330,95
2025-08-20,SKU-009,219,111
2025-08-27,SKU-009,121,98
2025-09-03,SKU-009,340,93
2025-09-10,SKU-009,254,85
2025-09-17,SKU-009,155,100
2025-09-24,SKU-009,426,77
2025-10-01,SKU-009,320,106
2025-10-15,SKU-009,472,85
2025-10-22,SKU-009,352,120
2025-10-29,SKU-009,256,95
2025-11-05,SKU-009,435,97
2025-11-12,SKU-009,349,87
2025-11-19,SKU-009,248,101
2025-11-26,SKU-009,449,102
2025-12-03,SKU-009,349,101
2025-12-10,SKU-009,230,119
2025-12-17,SKU-009,441,108
2025-12-24,SKU-009,348,93
2024-01-03,SKU-010,649,137
2024-01-10,SKU-010,539,110
2024-01-17,SKU-010,404,135
2024-01-24,SKU-010,273,131
2024-01-31,SKU-010,149,124
2024-02-07,SKU-010,29,120
2024-02-14,SKU-010,0,127
2024-02-21,SKU-010,271,140
2024-02-28,SKU-010,139,132
2024-03-06,SKU-010,491,104
2024-03-13,SKU-010,373,118
2024-03-20,SKU-010,242,131
2024-03-27,SKU-010,101,141
2024-04-03,SKU-010,436,158
2024-04-10,SKU-010,300,136
2024-04-24,SKU-010,12,127
2024-05-01,SKU-010,527,106
2024-05-08,SKU-010,387,140
2024-05-15,SKU-010,259,128
2024-05-22,SKU-010,572,131
2024-05-29,SKU-010,434,138
2024-06-05,SKU-010,334,100
2024-06-12,SKU-010,656,99
2024-06-19,SKU-010,522,134
2024-06-26,SKU-010,368,154
2024-07-03,SKU-010,229,139
2024-07-10,SKU-010,463,158
2024-07-17,SKU-010,344,119
2024-07-24,SKU-010,212,132
2024-07-31,SKU-010,640,127
2024-08-07,SKU-010,470,170
2024-08-14,SKU-010,355,115
2024-08-21,SKU-010,208,146
2024-08-28,SKU-010,517,159
2024-09-04,SKU-010,455,63
2024-09-11,SKU-010,350,105
2024-09-18,SKU-010,768,111
2024-09-25,SKU-010,628,140
2024-10-02,SKU-010,483,145
2024-10-09,SKU-010,362,122
2024-10-16,SKU-010,210,151
2024-10-23,SKU-010,595,112
2024-10-30,SKU-010,443,152
2024-11-06,SKU-010,345,98
2024-11-13,SKU-010,683,81
2024-11-20,SKU-010,572,111
2024-11-27,SKU-010,417,155
2024-12-04,SKU-010,291,126
2024-12-11,SKU-010,613,110
2024-12-18,SKU-010,465,148
2024-12-25,SKU-010,357,109
2025-01-01,SKU-010,259,97
2025-01-08,SKU-010,657,135
2025-01-15,SKU-010,518,139
2025-01-22,SKU-010,375,144
2025-01-29,SKU-010,223,152
2025-02-05,SKU-010,100,123
2025-02-12,SKU-010,0,134
2025-02-19,SKU-010,276,151
2025-02-26,SKU-010,147,130
2025-03-05,SKU-010,0,149
2025-03-12,SKU-010,433,120
2025-03-19,SKU-010,293,140
2025-03-26,SKU-010,153,140
2025-04-02,SKU-010,24,130
2025-04-09,SKU-010,0,120
2025-04-16,SKU-010,280,159
2025-04-23,SKU-010,140,140
2025-04-30,SKU-010,5,135
2025-05-07,SKU-010,281,167
2025-05-14,SKU-010,543,126
2025-05-21,SKU-010,385,158
2025-05-28,SKU-010,259,126
2025-06-04,SKU-010,687,111
2025-06-11,SKU-010,540,147
2025-06-18,SKU-010,387,153
2025-06-25,SKU-010,255,132
2025-07-02,SKU-010,661,111
2025-07-09,SKU-010,505,156
2025-07-16,SKU-010,391,114
2025-07-23,SKU-010,263,128
2025-07-30,SKU-010,549,149
2025-08-06,SKU-010,426,123
2025-08-13,SKU-010,285,142
2025-08-20,SKU-010,126,158
2025-08-27,SKU-010,349,141
2025-09-03,SKU-010,228,121
2025-09-10,SKU-010,701,121
2025-09-17,SKU-010,603,98
2025-09-24,SKU-010,470,133
2025-10-01,SKU-010,352,118
2025-10-08,SKU-010,243,109
2025-10-15,SKU-010,128,115
2025-10-22,SKU-010,603,97
2025-10-29,SKU-010,454,150
2025-11-05,SKU-010,315,139
2025-11-12,SKU-010,180,135
2025-11-19,SKU-010,650,115
2025-11-26,SKU-010,495,156
2025-12-03,SKU-010,395,100
2025-12-10,SKU-010,251,144
2025-12-17,SKU-010,653,127
2025-12-24,SKU-010,489,164
2024-01-03,SKU-011,823,153
2024-01-10,SKU-011,706,117
2024-01-17,SKU-011,613,92
2024-01-24,SKU-011,482,131
2024-01-31,SKU-011,376,106
2024-02-07,SKU-011,680,128
2024-02-14,SKU-011,588,93
2024-02-21,SKU-011,435,153
2024-02-28,SKU-011,315,120
2024-03-06,SKU-011,547,146
2024-03-13,SKU-011,443,104
2024-03-20,SKU-011,334,109
2024-03-27,SKU-011,180,153
2024-04-03,SKU-011,484,152
2024-04-10,SKU-011,354,130
2024-04-17,SKU-011,228,126
2024-04-24,SKU-011,466,134
2024-05-01,SKU-011,348,119
2024-05-08,SKU-011,223,125
2024-05-15,SKU-011,490,91
2024-05-22,SKU-011,353,137
2024-05-29,SKU-011,220,134
2024-06-05,SKU-011,578,108
2024-06-12,SKU-011,475,103
2024-06-19,SKU-011,343,132
2024-06-26,SKU-011,534,113
2024-07-03,SKU-011,425,109
2024-07-10,SKU-011,303,122
2024-07-17,SKU-011,188,115
2024-07-24,SKU-011,581,103
2024-07-31,SKU-011,468,113
2024-08-07,SKU-011,344,124
2024-08-14,SKU-011,235,109
2024-08-21,SKU-011,536,104
2024-08-28,SKU-011,412,124
2024-09-04,SKU-011,281,132
2024-09-11,SKU-011,594,113
2024-09-18,SKU-011,454,140
2024-09-25,SKU-011,319,135
2024-10-02,SKU-011,529,141
2024-10-09,SKU-011,433,96
2024-10-16,SKU-011,295,138
2024-10-23,SKU-011,170,125
2024-10-30,SKU-011,431,151
2024-11-06,SKU-011,327,104
2024-11-13,SKU-011,655,103
2024-11-20,SKU-011,531,124
2024-11-27,SKU-011,414,117
2024-12-04,SKU-011,298,117
2024-12-11,SKU-011,204,94
2024-12-18,SKU-011,445,133
2024-12-25,SKU-011,336,109
2025-01-01,SKU-011,674,124
2025-01-08,SKU-011,590,84
2025-01-15,SKU-011,444,147
2025-01-22,SKU-011,302,141
2025-01-29,SKU-011,667,98
2025-02-05,SKU-011,550,118
2025-02-12,SKU-011,387,163
2025-02-19,SKU-011,271,116
2025-02-26,SKU-011,141,130
2025-03-05,SKU-011,417,113
2025-03-12,SKU-011,292,125
2025-03-19,SKU-011,529,127
2025-03-26,SKU-011,421,108
2025-04-02,SKU-011,319,102
2025-04-09,SKU-011,174,145
2025-04-16,SKU-011,525,129
2025-04-23,SKU-011,441,84
2025-04-30,SKU-011,293,148
2025-05-07,SKU-011,652,117
2025-05-14,SKU-011,511,141
2025-05-21,SKU-011,402,109
2025-05-28,SKU-011,271,131
2025-06-04,SKU-011,623,126
2025-06-11,SKU-011,505,118
2025-06-18,SKU-011,388,117
2025-06-25,SKU-011,279,109
2025-07-02,SKU-011,184,95
2025-07-09,SKU-011,324,154
2025-07-16,SKU-011,562,146
2025-07-23,SKU-011,444,118
2025-07-30,SKU-011,294,150
2025-08-06,SKU-011,165,130
2025-08-13,SKU-011,403,133
2025-08-20,SKU-011,262,142
2025-08-27,SKU-011,590,109
2025-09-03,SKU-011,465,125
2025-09-10,SKU-011,339,126
2025-09-17,SKU-011,463,148
2025-09-24,SKU-011,306,156
2025-10-01,SKU-011,186,120
2025-10-08,SKU-011,514,104
2025-10-15,SKU-011,404,110
2025-10-22,SKU-011,294,109
2025-10-29,SKU-011,626,119
2025-11-05,SKU-011,504,123
2025-11-12,SKU-011,390,113
2025-11-19,SKU-011,248,142
2025-11-26,SKU-011,109,139
2025-12-03,SKU-011,478,124
2025-12-10,SKU-011,336,142
2025-12-17,SKU-011,553,111
2025-12-24,SKU-011,419,135
2024-01-03,SKU-012,693,165
2024-01-10,SKU-012,534,158
2024-01-17,SKU-012,361,174
2024-01-24,SKU-012,219,142
2024-01-31,SKU-012,589,154
2024-02-07,SKU-012,445,144
2024-02-14,SKU-012,288,157
2024-02-21,SKU-012,706,133
2024-02-28,SKU-012,578,128
2024-03-06,SKU-012,410,168
2024-03-13,SKU-012,260,150
2024-03-20,SKU-012,732,132
2024-03-27,SKU-012,602,130
2024-04-03,SKU-012,445,157
2024-04-10,SKU-012,273,172
2024-04-17,SKU-012,692,166
2024-04-24,SKU-012,529,164
2024-05-01,SKU-012,348,181
2024-05-08,SKU-012,216,132
2024-05-15,SKU-012,494,131
2024-05-22,SKU-012,356,139
2024-05-29,SKU-012,244,111
2024-06-05,SKU-012,521,167
2024-06-12,SKU-012,344,177
2024-06-19,SKU-012,215,129
2024-06-26,SKU-012,601,168
2024-07-03,SKU-012,462,140
2024-07-10,SKU-012,295,167
2024-07-17,SKU-012,180,115
2024-07-24,SKU-012,491,152
2024-07-31,SKU-012,340,151
2024-08-07,SKU-012,609,182
2024-08-14,SKU-012,456,153
2024-08-21,SKU-012,295,161
2024-08-28,SKU-012,173,122
2024-09-04,SKU-012,605,119
2024-09-11,SKU-012,498,108
2024-09-18,SKU-012,339,159
2024-09-25,SKU-012,172,167
2024-10-02,SKU-012,631,140
2024-10-09,SKU-012,482,149
2024-10-16,SKU-012,330,152
2024-10-23,SKU-012,191,139
2024-10-30,SKU-012,598,124
2024-11-06,SKU-012,449,149
2024-11-13,SKU-012,308,140
2024-11-20,SKU-012,176,133
2024-11-27,SKU-012,562,150
2024-12-04,SKU-012,433,129
2024-12-11,SKU-012,766,106
2024-12-18,SKU-012,660,106
2024-12-25,SKU-012,530,130
2025-01-01,SKU-012,403,127
2025-01-08,SKU-012,273,131
2025-01-15,SKU-012,653,119
2025-01-22,SKU-012,503,150
2025-01-29,SKU-012,401,102
2025-02-05,SKU-012,229,172
2025-02-12,SKU-012,577,148
2025-02-19,SKU-012,459,118
2025-02-26,SKU-012,299,160
2025-03-05,SKU-012,157,142
2025-03-12,SKU-012,633,135
2025-03-19,SKU-012,540,93
2025-03-26,SKU-012,373,167
2025-04-02,SKU-012,239,134
2025-04-09,SKU-012,476,169
2025-04-16,SKU-012,344,132
2025-04-23,SKU-012,203,141
2025-04-30,SKU-012,639,111
2025-05-07,SKU-012,474,165
2025-05-14,SKU-012,342,132
2025-05-21,SKU-012,656,132
2025-05-28,SKU-012,507,149
2025-06-04,SKU-012,307,201
2025-06-11,SKU-012,706,157
2025-06-18,SKU-012,544,162
2025-06-25,SKU-012,429,115
2025-07-02,SKU-012,681,124
2025-07-09,SKU-012,529,152
2025-07-16,SKU-012,390,139
2025-07-23,SKU-012,663,153
2025-07-30,SKU-012,542,122
2025-08-06,SKU-012,396,145
2025-08-13,SKU-012,803,152
2025-08-20,SKU-012,648,154
2025-08-27,SKU-012,520,128
2025-09-03,SKU-012,365,155
2025-09-10,SKU-012,747,151
2025-09-17,SKU-012,590,158
2025-09-24,SKU-012,472,118
2025-10-01,SKU-012,311,161
2025-10-08,SKU-012,645,129
2025-10-15,SKU-012,504,142
2025-10-22,SKU-012,365,139
2025-10-29,SKU-012,248,117
2025-11-05,SKU-012,704,113
2025-11-12,SKU-012,569,135
2025-11-19,SKU-012,374,195
2025-11-26,SKU-012,740,143
2025-12-03,SKU-012,611,129
2025-12-10,SKU-012,467,144
2025-12-17,SKU-012,328,138
2025-12-24,SKU-012,701,137
2024-01-03,SKU-013,667,113
2024-01-10,SKU-013,548,119
2024-01-17,SKU-013,390,158
2024-01-24,SKU-013,254,136
2024-01-31,SKU-013,109,145
2024-02-07,SKU-013,527,144
2024-02-14,SKU-013,400,127
2024-02-21,SKU-013,267,133
2024-02-28,SKU-013,161,107
2024-03-06,SKU-013,642,134
2024-03-13,SKU-013,535,107
2024-03-20,SKU-013,398,136
2024-03-27,SKU-013,287,111
2024-04-03,SKU-013,607,149
2024-04-10,SKU-013,481,126
2024-04-17,SKU-013,359,122
2024-04-24,SKU-013,238,121
2024-05-01,SKU-013,129,109
2024-05-08,SKU-013,0,129
2024-05-15,SKU-013,238,98
2024-05-22,SKU-013,67,170
2024-05-29,SKU-013,466,160
2024-06-05,SKU-013,302,164
2024-06-12,SKU-013,177,125
2024-06-19,SKU-013,69,108
2024-06-26,SKU-013,0,114
2024-07-03,SKU-013,342,134
2024-07-10,SKU-013,213,129
2024-07-17,SKU-013,68,145
2024-07-24,SKU-013,487,125
2024-07-31,SKU-013,377,110
2024-08-07,SKU-013,631,144
2024-08-14,SKU-013,464,167
2024-08-21,SKU-013,338,126
2024-08-28,SKU-013,199,139
2024-09-04,SKU-013,507,112
2024-09-11,SKU-013,378,128
2024-09-18,SKU-013,262,117
2024-09-25,SKU-013,533,171
2024-10-02,SKU-013,404,129
2024-10-09,SKU-013,283,122
2024-10-16,SKU-013,740,133
2024-10-23,SKU-013,640,100
2024-10-30,SKU-013,497,143
2024-11-06,SKU-013,347,150
2024-11-13,SKU-013,534,138
2024-11-20,SKU-013,381,152
2024-11-27,SKU-013,272,109
2024-12-04,SKU-013,634,129
2024-12-11,SKU-013,505,129
2024-12-18,SKU-013,400,105
2024-12-25,SKU-013,693,139
2025-01-01,SKU-013,607,86
2025-01-08,SKU-013,470,137
2025-01-15,SKU-013,341,129
2025-01-22,SKU-013,233,108
2025-01-29,SKU-013,500,131
2025-02-05,SKU-013,360,140
2025-02-12,SKU-013,718,116
2025-02-19,SKU-013,606,112
2025-02-26,SKU-013,480,126
2025-03-05,SKU-013,393,87
2025-03-12,SKU-013,255,138
2025-03-19,SKU-013,470,157
2025-03-26,SKU-013,346,124
2025-04-02,SKU-013,250,95
2025-04-09,SKU-013,549,155
2025-04-16,SKU-013,413,136
2025-04-23,SKU-013,285,128
2025-04-30,SKU-013,184,100
2025-05-07,SKU-013,20,164
2025-05-14,SKU-013,363,125
2025-05-21,SKU-013,205,158
2025-05-28,SKU-013,86,119
2025-06-04,SKU-013,0,145
2025-06-11,SKU-013,0,135
2025-06-18,SKU-013,409,153
2025-06-25,SKU-013,317,92
2025-07-02,SKU-013,191,126
2025-07-09,SKU-013,385,154
2025-07-16,SKU-013,252,133
2025-07-23,SKU-013,107,145
2025-07-30,SKU-013,495,113
2025-08-06,SKU-013,345,150
2025-08-13,SKU-013,709,127
2025-08-27,SKU-013,442,151
2025-09-03,SKU-013,305,137
2025-09-10,SKU-013,164,141
2025-09-17,SKU-013,604,94
2025-09-24,SKU-013,480,124
2025-10-01,SKU-013,343,138
2025-10-08,SKU-013,659,126
2025-10-15,SKU-013,509,150
2025-10-22,SKU-013,391,118
2025-10-29,SKU-013,268,123
2025-11-05,SKU-013,124,144
2025-11-12,SKU-013,499,156
2025-11-19,SKU-013,371,128
2025-11-26,SKU-013,274,96
2025-12-03,SKU-013,144,131
2025-12-10,SKU-013,435,110
2025-12-17,SKU-013,289,147
2025-12-24,SKU-013,171,118
2024-01-03,SKU-014,696,88
2024-01-10,SKU-014,600,96
2024-01-17,SKU-014,490,110
2024-01-24,SKU-014,434,55
2024-01-31,SKU-014,371,63
2024-02-07,SKU-014,291,81
2024-02-14,SKU-014,182,109
2024-02-21,SKU-014,101,81
2024-02-28,SKU-014,257,92
2024-03-06,SKU-014,160,97
2024-03-13,SKU-014,79,81
2024-03-20,SKU-014,255,93
2024-03-27,SKU-014,148,107
2024-04-03,SKU-014,71,77
2024-04-10,SKU-014,313,106
2024-04-17,SKU-014,221,92
2024-04-24,SKU-014,483,105
2024-05-01,SKU-014,364,119
2024-05-08,SKU-014,269,95
2024-05-15,SKU-014,155,114
2024-05-22,SKU-014,488,101
2024-05-29,SKU-014,417,71
2024-06-05,SKU-014,346,71
2024-06-12,SKU-014,231,115
2024-06-19,SKU-014,475,112
2024-06-26,SKU-014,355,120
2024-07-03,SKU-014,268,87
2024-07-10,SKU-014,176,92
2024-07-17,SKU-014,406,111
2024-07-24,SKU-014,285,122
2024-07-31,SKU-014,212,73
2024-08-07,SKU-014,408,111
2024-08-14,SKU-014,326,83
2024-08-21,SKU-014,247,79
2024-08-28,SKU-014,466,108
2024-09-04,SKU-014,363,103
2024-09-11,SKU-014,268,95
2024-09-18,SKU-014,175,93
2024-09-25,SKU-014,484,95
2024-10-02,SKU-014,385,99
2024-10-09,SKU-014,320,66
2024-10-16,SKU-014,234,85
2024-10-23,SKU-014,475,99
2024-10-30,SKU-014,349,127
2024-11-06,SKU-014,248,101
2024-11-13,SKU-014,140,107
2024-11-20,SKU-014,514,82
2024-11-27,SKU-014,431,83
2024-12-04,SKU-014,329,102
2024-12-11,SKU-014,229,100
2024-12-18,SKU-014,476,115
2024-12-25,SKU-014,374,102
2025-01-01,SKU-014,258,116
2025-01-08,SKU-014,143,115
2025-01-15,SKU-014,425,69
2025-01-22,SKU-014,318,108
2025-01-29,SKU-014,233,85
2025-02-05,SKU-014,124,109
2025-02-12,SKU-014,6,118
2025-02-19,SKU-014,247,107
2025-02-26,SKU-014,148,99
2025-03-05,SKU-014,29,119
2025-03-12,SKU-014,0,95
2025-03-19,SKU-014,0,94
2025-03-26,SKU-014,258,61
2025-04-02,SKU-014,590,103
2025-04-09,SKU-014,507,82
2025-04-16,SKU-014,423,84
2025-04-23,SKU-014,320,103
2025-04-30,SKU-014,219,101
2025-05-07,SKU-014,497,114
2025-05-14,SKU-014,391,106
2025-05-21,SKU-014,293,98
2025-05-28,SKU-014,189,105
2025-06-04,SKU-014,445,83
2025-06-11,SKU-014,348,97
2025-06-18,SKU-014,234,114
2025-06-25,SKU-014,360,101
2025-07-02,SKU-014,258,102
2025-07-09,SKU-014,153,105
2025-07-16,SKU-014,389,89
2025-07-30,SKU-014,-156,121
2025-08-06,SKU-014,444,119
2025-08-13,SKU-014,349,96
2025-08-20,SKU-014,224,124
2025-08-27,SKU-014,474,94
2025-09-03,SKU-014,358,116
2025-09-10,SKU-014,264,94
2025-09-17,SKU-014,156,108
2025-09-24,SKU-014,520,90
2025-10-01,SKU-014,416,104
2025-10-08,SKU-014,321,96
2025-10-15,SKU-014,254,67
2025-10-22,SKU-014,543,84
2025-10-29,SKU-014,470,73
2025-11-05,SKU-014,392,78
2025-11-12,SKU-014,302,90
2025-11-19,SKU-014,198,104
2025-11-26,SKU-014,481,97
2025-12-03,SKU-014,362,119
2025-12-10,SKU-014,279,83
2025-12-17,SKU-014,173,105
2025-12-24,SKU-014,58,116
2024-01-03,SKU-015,1081,161
2024-01-10,SKU-015,960,121
2024-01-17,SKU-015,804,156
2024-01-24,SKU-015,699,105
2024-01-31,SKU-015,562,136
2024-02-07,SKU-015,384,179
2024-02-14,SKU-015,215,169
2024-02-21,SKU-015,706,130
2024-02-28,SKU-015,556,150
2024-03-06,SKU-015,420,136
2024-03-13,SKU-015,268,152
2024-03-20,SKU-015,135,133
2024-03-27,SKU-015,556,124
2024-04-03,SKU-015,377,179
2024-04-10,SKU-015,242,135
2024-04-17,SKU-015,744,142
2024-04-24,SKU-015,617,127
2024-05-01,SKU-015,481,136
2024-05-08,SKU-015,380,101
2024-05-15,SKU-015,236,143
2024-05-22,SKU-015,481,147
2024-05-29,SKU-015,315,166
2024-06-05,SKU-015,179,136
2024-06-12,SKU-015,494,156
2024-06-19,SKU-015,383,111
2024-06-26,SKU-015,242,141
2024-07-03,SKU-015,645,141
2024-07-10,SKU-015,492,152
2024-07-17,SKU-015,371,121
2024-07-24,SKU-015,744,129
2024-07-31,SKU-015,632,112
2024-08-07,SKU-015,505,126
2024-08-14,SKU-015,345,161
2024-08-21,SKU-015,588,138
2024-08-28,SKU-015,415,173
2024-09-04,SKU-015,256,159
2024-09-11,SKU-015,146,110
2024-09-18,SKU-015,560,141
2024-09-25,SKU-015,426,133
2024-10-02,SKU-015,287,139
2024-10-09,SKU-015,741,123
2024-10-16,SKU-015,583,158
2024-10-23,SKU-015,421,162
2024-10-30,SKU-015,337,84
2024-11-06,SKU-015,200,137
2024-11-13,SKU-015,592,127
2024-11-20,SKU-015,440,152
2024-11-27,SKU-015,309,131
2024-12-04,SKU-015,721,148
2024-12-11,SKU-015,572,149
2024-12-18,SKU-015,417,155
2024-12-25,SKU-015,287,131
2025-01-01,SKU-015,655,125
2025-01-08,SKU-015,515,139
2025-01-15,SKU-015,371,145
2025-01-22,SKU-015,618,148
2025-01-29,SKU-015,455,163
2025-02-05,SKU-015,353,102
2025-02-12,SKU-015,688,148
2025-02-19,SKU-015,541,147
2025-02-26,SKU-015,392,148
2025-03-05,SKU-015,274,118
2025-03-12,SKU-015,525,126
2025-03-19,SKU-015,345,181
2025-03-26,SKU-015,577,116
2025-04-02,SKU-015,401,176
2025-04-09,SKU-015,219,181
2025-04-16,SKU-015,572,152
2025-04-23,SKU-015,435,137
2025-04-30,SKU-015,267,168
2025-05-07,SKU-015,632,116
2025-05-14,SKU-015,487,144
2025-05-21,SKU-015,372,115
2025-05-28,SKU-015,245,127
2025-06-04,SKU-015,537,145
2025-06-11,SKU-015,400,137
2025-06-18,SKU-015,259,141
2025-06-25,SKU-015,562,111
2025-07-02,SKU-015,440,122
2025-07-09,SKU-015,282,158
2025-07-16,SKU-015,548,143
2025-07-23,SKU-015,391,157
2025-07-30,SKU-015,226,165
2025-08-06,SKU-015,482,142
2025-08-13,SKU-015,361,121
2025-08-20,SKU-015,705,121
2025-08-27,SKU-015,523,182
2025-09-03,SKU-015,411,113
2025-09-10,SKU-015,299,111
2025-09-17,SKU-015,541,119
2025-09-24,SKU-015,381,160
2025-10-01,SKU-015,196,186
2025-10-08,SKU-015,473,164
2025-10-15,SKU-015,314,159
2025-10-22,SKU-015,180,133
2025-10-29,SKU-015,538,123
2025-11-05,SKU-015,384,154
2025-11-12,SKU-015,262,122
2025-11-19,SKU-015,505,110
2025-11-26,SKU-015,365,140
2025-12-03,SKU-015,511,146
2025-12-10,SKU-015,393,118
2025-12-17,SKU-015,230,163
2025-12-24,SKU-015,547,110
2024-01-03,SKU-016,474,96
2024-01-10,SKU-016,391,83
2024-01-17,SKU-016,318,73
2024-01-24,SKU-016,215,103
2024-01-31,SKU-016,360,106
2024-02-07,SKU-016,261,99
2024-02-14,SKU-016,448,100
2024-02-21,SKU-016,360,88
2024-02-28,SKU-016,279,81
2024-03-06,SKU-016,471,83
2024-03-13,SKU-016,373,98
2024-03-20,SKU-016,284,89
2024-03-27,SKU-016,447,103
2024-04-03,SKU-016,350,97
2024-04-10,SKU-016,255,95
2024-04-17,SKU-016,158,97
2024-04-24,SKU-016,331,86
2024-05-01,SKU-016,231,100
2024-05-08,SKU-016,125,106
2024-05-15,SKU-016,36,89
2024-05-22,SKU-016,337,79
2024-05-29,SKU-016,243,94
2024-06-05,SKU-016,147,96
2024-06-12,SKU-016,37,110
2024-06-19,SKU-016,0,90
2024-06-26,SKU-016,182,98
2024-07-03,SKU-016,61,121
2024-07-10,SKU-016,341,100
2024-07-17,SKU-016,254,87
2024-07-24,SKU-016,439,102
2024-07-31,SKU-016,324,115
2024-08-07,SKU-016,220,104
2024-08-14,SKU-016,138,82
2024-08-21,SKU-016,339,75
2024-08-28,SKU-016,230,109
2024-09-04,SKU-016,149,80
2024-09-11,SKU-016,414,95
2024-09-18,SKU-016,316,98
2024-09-25,SKU-016,239,77
2024-10-02,SKU-016,376,108
2024-10-09,SKU-016,297,79
2024-10-16,SKU-016,199,98
2024-10-23,SKU-016,126,73
2024-10-30,SKU-016,452,115
2024-11-06,SKU-016,364,88
2024-11-13,SKU-016,243,121
2024-11-20,SKU-016,399,91
2024-11-27,SKU-016,292,108
2024-12-04,SKU-016,197,95
2024-12-11,SKU-016,105,92
2024-12-18,SKU-016,466,75
2024-12-25,SKU-016,361,105
2025-01-01,SKU-016,270,91
2025-01-08,SKU-016,490,106
2025-01-15,SKU-016,410,80
2025-01-22,SKU-016,294,116
2025-01-29,SKU-016,200,93
2025-02-05,SKU-016,513,87
2025-02-12,SKU-016,391,122
2025-02-19,SKU-016,295,95
2025-02-26,SKU-016,179,116
2025-03-05,SKU-016,412,99
2025-03-12,SKU-016,313,99
2025-03-19,SKU-016,239,75
2025-03-26,SKU-016,151,88
2025-04-02,SKU-016,387,84
2025-04-09,SKU-016,311,76
2025-04-16,SKU-016,240,71
2025-04-23,SKU-016,451,91
2025-04-30,SKU-016,358,93
2025-05-07,SKU-016,278,80
2025-05-14,SKU-016,177,102
2025-05-21,SKU-016,77,100
2025-05-28,SKU-016,368,88
2025-06-04,SKU-016,272,96
2025-06-11,SKU-016,173,98
2025-06-18,SKU-016,409,96
2025-06-25,SKU-016,334,75
2025-07-02,SKU-016,257,78
2025-07-09,SKU-016,174,82
2025-07-16,SKU-016,107,67
2025-07-23,SKU-016,289,107
2025-07-30,SKU-016,188,101
2025-08-06,SKU-016,372,77
2025-08-13,SKU-016,282,90
2025-08-20,SKU-016,542,89
2025-08-27,SKU-016,453,89
2025-09-03,SKU-016,355,98
2025-09-10,SKU-016,243,112
2025-09-17,SKU-016,141,102
2025-09-24,SKU-016,398,102
2025-10-01,SKU-016,288,110
2025-10-08,SKU-016,207,81
2025-10-15,SKU-016,478,113
2025-10-22,SKU-016,397,81
2025-10-29,SKU-016,312,85
2025-11-05,SKU-016,236,75
2025-11-12,SKU-016,554,107
2025-11-19,SKU-016,465,88
2025-11-26,SKU-016,378,88
2025-12-03,SKU-016,264,113
2025-12-10,SKU-016,399,90
2025-12-17,SKU-016,296,103
2025-12-24,SKU-016,207,89
2024-01-03,SKU-017,940,113
2024-01-10,SKU-017,836,104
2024-01-17,SKU-017,690,146
2024-01-24,SKU-017,555,134
2024-01-31,SKU-017,435,120
2024-02-07,SKU-017,331,104
2024-02-14,SKU-017,605,134
2024-02-21,SKU-017,514,90
2024-02-28,SKU-017,392,122
2024-03-13,SKU-017,164,126
2024-03-20,SKU-017,458,114
2024-03-27,SKU-017,329,129
2024-04-03,SKU-017,226,103
2024-04-10,SKU-017,487,110
2024-04-17,SKU-017,346,141
2024-04-24,SKU-017,222,124
2024-05-01,SKU-017,107,115
2024-05-08,SKU-017,531,100
2024-05-15,SKU-017,419,111
2024-05-22,SKU-017,292,127
2024-05-29,SKU-017,200,92
2024-06-05,SKU-017,421,135
2024-06-12,SKU-017,306,115
2024-06-19,SKU-017,624,127
2024-06-26,SKU-017,508,116
2024-07-03,SKU-017,387,121
2024-07-10,SKU-017,275,112
2024-07-17,SKU-017,554,134
2024-07-24,SKU-017,458,96
2024-07-31,SKU-017,314,144
2024-08-07,SKU-017,184,130
2024-08-14,SKU-017,391,124
2024-08-21,SKU-017,280,111
2024-08-28,SKU-017,156,124
2024-09-04,SKU-017,454,107
2024-09-11,SKU-017,321,133
2024-09-18,SKU-017,612,125
2024-09-25,SKU-017,518,95
2024-10-02,SKU-017,415,102
2024-10-09,SKU-017,308,107
2024-10-16,SKU-017,193,115
2024-10-23,SKU-017,401,137
2024-10-30,SKU-017,250,150
2024-11-06,SKU-017,120,130
2024-11-13,SKU-017,388,123
2024-11-20,SKU-017,236,152
2024-11-27,SKU-017,126,110
2024-12-04,SKU-017,376,123
2024-12-11,SKU-017,256,120
2024-12-18,SKU-017,113,142
2024-12-25,SKU-017,436,99
2025-01-01,SKU-017,263,172
2025-01-08,SKU-017,142,121
2025-01-15,SKU-017,372,127
2025-01-22,SKU-017,269,103
2025-01-29,SKU-017,629,109
2025-02-05,SKU-017,499,130
2025-02-12,SKU-017,382,117
2025-02-19,SKU-017,236,146
2025-02-26,SKU-017,590,102
2025-03-05,SKU-017,473,117
2025-03-12,SKU-017,380,93
2025-03-19,SKU-017,274,106
2025-03-26,SKU-017,145,128
2025-04-02,SKU-017,459,92
2025-04-09,SKU-017,344,116
2025-04-16,SKU-017,652,109
2025-04-23,SKU-017,544,108
2025-04-30,SKU-017,389,155
2025-05-07,SKU-017,258,131
2025-05-14,SKU-017,595,111
2025-05-21,SKU-017,482,112
2025-05-28,SKU-017,351,131
2025-06-04,SKU-017,254,97
2025-06-11,SKU-017,152,103
2025-06-18,SKU-017,469,126
2025-06-25,SKU-017,352,117
2025-07-02,SKU-017,222,130
2025-07-09,SKU-017,604,122
2025-07-16,SKU-017,495,110
2025-07-23,SKU-017,328,166
2025-07-30,SKU-017,224,104
2025-08-06,SKU-017,637,125
2025-08-13,SKU-017,538,99
2025-08-20,SKU-017,395,143
2025-08-27,SKU-017,282,113
2025-09-03,SKU-017,161,122
2025-09-10,SKU-017,448,123
2025-09-17,SKU-017,328,120
2025-09-24,SKU-017,650,96
2025-10-01,SKU-017,522,127
2025-10-08,SKU-017,432,90
2025-10-15,SKU-017,313,119
2025-10-22,SKU-017,469,82
2025-10-29,SKU-017,357,112
2025-11-05,SKU-017,211,146
2025-11-12,SKU-017,71,140
2025-11-19,SKU-017,345,132
2025-11-26,SKU-017,234,110
2025-12-03,SKU-017,92,142
2025-12-10,SKU-017,525,121
2025-12-17,SKU-017,427,99
2025-12-24,SKU-017,312,115
2024-01-03,SKU-018,1060,132
2024-01-10,SKU-018,892,169
2024-01-17,SKU-018,737,154
2024-01-31,SKU-018,383,175
2024-02-07,SKU-018,682,184
2024-02-14,SKU-018,497,185
2024-02-21,SKU-018,390,107
2024-02-28,SKU-018,836,126
2024-03-06,SKU-018,691,146
2024-03-13,SKU-018,537,154
2024-03-20,SKU-018,408,129
2024-03-27,SKU-018,275,133
2024-04-03,SKU-018,632,144
2024-04-10,SKU-018,460,173
2024-04-17,SKU-018,319,140
2024-04-24,SKU-018,163,157
2024-05-01,SKU-018,627,149
2024-05-08,SKU-018,441,186
2024-05-15,SKU-018,326,115
2024-05-22,SKU-018,168,158
2024-05-29,SKU-018,621,137
2024-06-05,SKU-018,473,148
2024-06-12,SKU-018,341,132
2024-06-19,SKU-018,197,144
2024-06-26,SKU-018,544,138
2024-07-03,SKU-018,395,149
2024-07-10,SKU-018,694,143
2024-07-17,SKU-018,555,139
2024-07-24,SKU-018,411,143
2024-07-31,SKU-018,278,133
2024-08-07,SKU-018,660,145
2024-08-14,SKU-018,532,127
2024-08-21,SKU-018,383,149
2024-08-28,SKU-018,687,190
2024-09-04,SKU-018,532,155
2024-09-11,SKU-018,396,136
2024-09-18,SKU-018,677,157
2024-09-25,SKU-018,544,133
2024-10-02,SKU-018,386,158
2024-10-09,SKU-018,647,178
2024-10-16,SKU-018,552,96
2024-10-23,SKU-018,438,114
2024-11-06,SKU-018,580,125
2024-11-13,SKU-018,429,151
2024-11-20,SKU-018,779,160
2024-11-27,SKU-018,649,130
2024-12-04,SKU-018,506,143
2024-12-11,SKU-018,398,107
2024-12-18,SKU-018,779,161
2024-12-25,SKU-018,640,138
2025-01-01,SKU-018,532,109
2025-01-08,SKU-018,383,149
2025-01-15,SKU-018,694,118
2025-01-22,SKU-018,504,191
2025-01-29,SKU-018,355,149
2025-02-05,SKU-018,175,179
2025-02-12,SKU-018,471,160
2025-02-19,SKU-018,290,181
2025-02-26,SKU-018,759,181
2025-03-05,SKU-018,652,108
2025-03-12,SKU-018,516,136
2025-03-19,SKU-018,401,115
2025-03-26,SKU-018,203,198
2025-04-02,SKU-018,514,148
2025-04-09,SKU-018,361,154
2025-04-16,SKU-018,207,154
2025-04-23,SKU-018,583,130
2025-04-30,SKU-018,454,129
2025-05-07,SKU-018,311,143
2025-05-14,SKU-018,581,142
2025-05-21,SKU-018,425,156
2025-05-28,SKU-018,836,124
2025-06-04,SKU-018,690,146
2025-06-11,SKU-018,571,119
2025-06-18,SKU-018,424,147
2025-06-25,SKU-018,820,127
2025-07-02,SKU-018,663,157
2025-07-09,SKU-018,547,115
2025-07-16,SKU-018,416,132
2025-07-23,SKU-018,277,139
2025-07-30,SKU-018,577,183
2025-08-06,SKU-018,438,139
2025-08-13,SKU-018,294,144
2025-08-20,SKU-018,618,115
2025-08-27,SKU-018,466,152
2025-09-03,SKU-018,326,140
2025-09-10,SKU-018,835,127
2025-09-17,SKU-018,715,120
2025-09-24,SKU-018,580,135
2025-10-01,SKU-018,442,139
2025-10-08,SKU-018,332,110
2025-10-15,SKU-018,455,140
2025-10-22,SKU-018,331,124
2025-10-29,SKU-018,600,152
2025-11-05,SKU-018,451,149
2025-11-12,SKU-018,326,125
2025-11-19,SKU-018,743,172
2025-11-26,SKU-018,574,169
2025-12-03,SKU-018,410,164
2025-12-10,SKU-018,244,166
2025-12-17,SKU-018,521,160
2025-12-24,SKU-018,361,160
2024-01-03,SKU-019,727,121
2024-01-10,SKU-019,590,137
2024-01-17,SKU-019,494,96
2024-01-24,SKU-019,389,105
2024-01-31,SKU-019,305,85
2024-02-07,SKU-019,212,93
2024-02-14,SKU-019,108,104
2024-02-21,SKU-019,406,111
2024-02-28,SKU-019,295,111
2024-03-06,SKU-019,184,110
2024-03-13,SKU-019,88,97
2024-03-20,SKU-019,0,98
2024-03-27,SKU-019,0,93
2024-04-03,SKU-019,391,77
2024-04-10,SKU-019,297,94
2024-04-17,SKU-019,184,113
2024-04-24,SKU-019,399,123
2024-05-01,SKU-019,279,120
2024-05-08,SKU-019,166,113
2024-05-15,SKU-019,463,100
2024-05-22,SKU-019,359,104
2024-05-29,SKU-019,247,112
2024-06-05,SKU-019,491,111
2024-06-12,SKU-019,370,121
2024-06-19,SKU-019,259,111
2024-06-26,SKU-019,141,118
2024-07-03,SKU-019,419,127
2024-07-10,SKU-019,326,92
2024-07-17,SKU-019,222,105
2024-07-24,SKU-019,457,99
2024-07-31,SKU-019,352,104
2024-08-07,SKU-019,234,118
2024-08-14,SKU-019,546,84
2024-08-21,SKU-019,452,94
2024-08-28,SKU-019,342,110
2024-09-04,SKU-019,242,101
2024-09-11,SKU-019,434,126
2024-09-18,SKU-019,340,94
2024-09-25,SKU-019,239,101
2024-10-02,SKU-019,565,122
2024-10-09,SKU-019,461,104
2024-10-16,SKU-019,356,105
2024-10-23,SKU-019,242,114
2024-10-30,SKU-019,498,82
2024-11-06,SKU-019,417,81
2024-11-13,SKU-019,301,115
2024-11-20,SKU-019,192,109
2024-11-27,SKU-019,501,86
2024-12-04,SKU-019,403,98
2024-12-11,SKU-019,307,96
2024-12-18,SKU-019,211,97
2024-12-25,SKU-019,555,122
2025-01-01,SKU-019,476,79
2025-01-08,SKU-019,357,119
2025-01-15,SKU-019,260,97
2025-01-22,SKU-019,140,120
2025-01-29,SKU-019,33,108
2025-02-05,SKU-019,293,126
2025-02-12,SKU-019,171,122
2025-02-19,SKU-019,58,113
2025-02-26,SKU-019,0,87
2025-03-05,SKU-019,230,93
2025-03-12,SKU-019,125,105
2025-03-19,SKU-019,12,113
2025-03-26,SKU-019,313,117
2025-04-02,SKU-019,221,92
2025-04-09,SKU-019,106,115
2025-04-16,SKU-019,0,110
2025-04-23,SKU-019,269,90
2025-04-30,SKU-019,566,120
2025-05-07,SKU-019,455,111
2025-05-14,SKU-019,353,101
2025-05-21,SKU-019,259,94
2025-05-28,SKU-019,442,114
2025-06-04,SKU-019,351,91
2025-06-11,SKU-019,254,97
2025-06-18,SKU-019,416,128
2025-06-25,SKU-019,301,115
2025-07-02,SKU-019,215,86
2025-07-09,SKU-019,434,113
2025-07-16,SKU-019,313,121
2025-07-23,SKU-019,188,125
2025-07-30,SKU-019,421,123
2025-08-06,SKU-019,303,119
2025-08-13,SKU-019,194,108
2025-08-20,SKU-019,505,107
2025-08-27,SKU-019,421,84
2025-09-03,SKU-019,298,123
2025-09-10,SKU-019,190,108
2025-09-17,SKU-019,400,92
2025-09-24,SKU-019,298,102
2025-10-01,SKU-019,180,117
2025-10-08,SKU-019,399,120
2025-10-22,SKU-019,172,117
2025-10-29,SKU-019,515,132
2025-11-05,SKU-019,413,102
2025-11-12,SKU-019,320,93
2025-11-19,SKU-019,213,107
2025-11-26,SKU-019,424,120
2025-12-03,SKU-019,326,98
2025-12-10,SKU-019,225,101
2025-12-17,SKU-019,570,99
2025-12-24,SKU-019,468,102
2024-01-03,SKU-020,671,85
2024-01-10,SKU-020,590,80
2024-01-17,SKU-020,509,82
2024-01-24,SKU-020,423,86
2024-01-31,SKU-020,339,84
2024-02-07,SKU-020,261,78
2024-02-14,SKU-020,185,76
2024-02-21,SKU-020,94,91
2024-02-28,SKU-020,11,83
2024-03-06,SKU-020,0,80
2024-03-13,SKU-020,160,87
2024-03-20,SKU-020,95,65
2024-03-27,SKU-020,309,107
2024-04-03,SKU-020,224,85
2024-04-10,SKU-020,122,102
2024-04-17,SKU-020,37,85
2024-04-24,SKU-020,0,48
2024-05-01,SKU-020,247,83
2024-05-08,SKU-020,413,106
2024-05-15,SKU-020,319,94
2024-05-22,SKU-020,243,76
2024-05-29,SKU-020,145,98
2024-06-05,SKU-020,412,65
2024-06-12,SKU-020,323,89
2024-06-19,SKU-020,276,47
2024-06-26,SKU-020,207,69
2024-07-03,SKU-020,429,48
2024-07-10,SKU-020,343,86
2024-07-17,SKU-020,251,92
2024-07-24,SKU-020,185,66
2024-07-31,SKU-020,352,64
2024-08-07,SKU-020,260,92
2024-08-14,SKU-020,168,92
2024-08-21,SKU-020,398,111
2024-08-28,SKU-020,326,72
2024-09-04,SKU-020,223,103
2024-09-11,SKU-020,147,77
2024-09-18,SKU-020,357,93
2024-09-25,SKU-020,252,105
2024-10-02,SKU-020,168,84
2024-10-09,SKU-020,431,63
2024-10-16,SKU-020,360,71
2024-10-23,SKU-020,267,93
2024-10-30,SKU-020,172,95
2024-11-06,SKU-020,412,81
2024-11-13,SKU-020,310,103
2024-11-20,SKU-020,217,92
2024-11-27,SKU-020,145,72
2024-12-04,SKU-020,444,78
2024-12-11,SKU-020,357,87
2024-12-18,SKU-020,276,82
2024-12-25,SKU-020,185,90
2025-01-01,SKU-020,330,86
2025-01-08,SKU-020,254,76
2025-01-15,SKU-020,154,100
2025-01-22,SKU-020,62,91
2025-01-29,SKU-020,0,76
2025-02-05,SKU-020,215,89
2025-02-12,SKU-020,130,85
2025-02-19,SKU-020,16,114
2025-02-26,SKU-020,0,81
2025-03-05,SKU-020,207,91
2025-03-12,SKU-020,97,111
2025-03-19,SKU-020,13,84
2025-03-26,SKU-020,0,69
2025-04-02,SKU-020,249,71
2025-04-09,SKU-020,162,88
2025-04-16,SKU-020,87,74
2025-04-23,SKU-020,21,67
2025-04-30,SKU-020,247,90
2025-05-07,SKU-020,158,89
2025-05-14,SKU-020,375,80
2025-05-21,SKU-020,302,73
2025-05-28,SKU-020,204,98
2025-06-04,SKU-020,322,81
2025-06-11,SKU-020,234,88
2025-06-18,SKU-020,134,100
2025-06-25,SKU-020,320,93
2025-07-02,SKU-020,227,92
2025-07-09,SKU-020,156,71
2025-07-16,SKU-020,418,69
2025-07-23,SKU-020,321,97
2025-07-30,SKU-020,249,72
2025-08-06,SKU-020,165,84
2025-08-13,SKU-020,341,94
2025-08-20,SKU-020,271,70
2025-08-27,SKU-020,183,88
2025-09-03,SKU-020,471,63
2025-09-10,SKU-020,352,119
2025-09-17,SKU-020,276,76
2025-09-24,SKU-020,194,82
2025-10-01,SKU-020,376,79
2025-10-08,SKU-020,294,82
2025-10-15,SKU-020,204,90
2025-10-22,SKU-020,390,58
2025-10-29,SKU-020,299,90
2025-11-05,SKU-020,224,75
2025-11-12,SKU-020,161,64
2025-11-19,SKU-020,404,92
2025-11-26,SKU-020,326,79
2025-12-03,SKU-020,233,92
2025-12-10,SKU-020,145,88
2025-12-17,SKU-020,296,101
2025-12-24,SKU-020,215,80
2024-01-03,SKU-021,527,75
2024-01-10,SKU-021,442,85
2024-01-17,SKU-021,355,87
2024-01-24,SKU-021,257,98
2024-02-07,SKU-021,421,94
2024-02-14,SKU-021,334,87
2024-02-21,SKU-021,230,103
2024-02-28,SKU-021,406,76
2024-03-06,SKU-021,311,95
2024-03-13,SKU-021,218,93
2024-03-20,SKU-021,383,79
2024-03-27,SKU-021,291,92
2024-04-03,SKU-021,198,93
2024-04-10,SKU-021,397,101
2024-04-17,SKU-021,299,97
2024-04-24,SKU-021,215,84
2024-05-01,SKU-021,140,75
2024-05-08,SKU-021,339,69
2024-05-15,SKU-021,251,88
2024-05-22,SKU-021,371,88
2024-05-29,SKU-021,245,126
2024-06-05,SKU-021,156,89
2024-06-12,SKU-021,83,73
2024-06-19,SKU-021,344,92
2024-06-26,SKU-021,245,99
2024-07-03,SKU-021,457,75
2024-07-10,SKU-021,363,94
2024-07-17,SKU-021,287,76
2024-07-24,SKU-021,193,94
2024-07-31,SKU-021,122,70
2024-08-07,SKU-021,403,84
2024-08-14,SKU-021,317,86
2024-08-21,SKU-021,222,95
2024-08-28,SKU-021,439,81
2024-09-04,SKU-021,367,73
2024-09-11,SKU-021,272,94
2024-09-18,SKU-021,201,71
2024-09-25,SKU-021,126,75
2024-10-02,SKU-021,322,103
2024-10-09,SKU-021,252,70
2024-10-16,SKU-021,152,100
2024-10-23,SKU-021,286,103
2024-10-30,SKU-021,196,90
2024-11-06,SKU-021,92,104
2024-11-13,SKU-021,334,80
2024-11-20,SKU-021,265,69
2024-11-27,SKU-021,398,100
2024-12-04,SKU-021,292,106
2024-12-11,SKU-021,199,93
2024-12-18,SKU-021,97,102
2024-12-25,SKU-021,364,68
2025-01-01,SKU-021,281,83
2025-01-08,SKU-021,172,109
2025-01-15,SKU-021,96,76
2025-01-22,SKU-021,368,81
2025-01-29,SKU-021,279,89
2025-02-05,SKU-021,180,99
2025-02-12,SKU-021,112,68
2025-02-19,SKU-021,383,100
2025-02-26,SKU-021,291,92
2025-03-05,SKU-021,207,84
2025-03-12,SKU-021,426,78
2025-03-19,SKU-021,352,74
2025-03-26,SKU-021,270,82
2025-04-02,SKU-021,185,85
2025-04-09,SKU-021,126,59
2025-04-16,SKU-021,412,68
2025-04-23,SKU-021,324,87
2025-04-30,SKU-021,254,71
2025-05-07,SKU-021,164,90
2025-05-14,SKU-021,332,93
2025-05-21,SKU-021,245,87
2025-05-28,SKU-021,128,117
2025-06-04,SKU-021,270,95
2025-06-11,SKU-021,193,78
2025-06-18,SKU-021,453,95
2025-06-25,SKU-021,357,96
2025-07-02,SKU-021,276,81
2025-07-09,SKU-021,195,82
2025-07-16,SKU-021,473,70
2025-07-23,SKU-021,381,92
2025-07-30,SKU-021,297,84
2025-08-06,SKU-021,210,86
2025-08-13,SKU-021,124,87
2025-08-20,SKU-021,414,59
2025-08-27,SKU-021,326,88
2025-09-03,SKU-021,249,77
2025-09-10,SKU-021,184,65
2025-09-17,SKU-021,401,70
2025-09-24,SKU-021,320,80
2025-10-01,SKU-021,250,70
2025-10-08,SKU-021,155,95
2025-10-15,SKU-021,400,95
2025-10-22,SKU-021,285,114
2025-10-29,SKU-021,195,91
2025-11-05,SKU-021,420,64
2025-11-12,SKU-021,345,76
2025-11-19,SKU-021,245,100
2025-11-26,SKU-021,145,100
2025-12-03,SKU-021,431,95
2025-12-10,SKU-021,341,90
2025-12-17,SKU-021,269,72
2025-12-24,SKU-021,486,86
2024-01-03,SKU-022,1088,112
2024-01-10,SKU-022,949,139
2024-01-17,SKU-022,853,96
2024-01-24,SKU-022,737,116
2024-01-31,SKU-022,588,149
2024-02-07,SKU-022,462,125
2024-02-14,SKU-022,331,131
2024-02-21,SKU-022,560,124
2024-02-28,SKU-022,439,121
2024-03-06,SKU-022,293,147
2024-03-13,SKU-022,170,122
2024-03-20,SKU-022,546,101
2024-03-27,SKU-022,384,162
2024-04-03,SKU-022,263,122
2024-04-10,SKU-022,567,87
2024-04-17,SKU-022,472,95
2024-04-24,SKU-022,358,114
2024-05-01,SKU-022,258,100
2024-05-08,SKU-022,436,121
2024-05-15,SKU-022,312,124
2024-05-22,SKU-022,184,127
2024-05-29,SKU-022,446,101
2024-06-05,SKU-022,324,121
2024-06-12,SKU-022,159,166
2024-06-19,SKU-022,461,95
2024-06-26,SKU-022,311,150
2024-07-03,SKU-022,568,92
2024-07-10,SKU-022,473,95
2024-07-17,SKU-022,354,119
2024-07-24,SKU-022,619,108
2024-07-31,SKU-022,499,120
2024-08-07,SKU-022,377,122
2024-08-14,SKU-022,250,127
2024-08-21,SKU-022,159,92
2024-08-28,SKU-022,549,129
2024-09-04,SKU-022,441,108
2024-09-11,SKU-022,312,130
2024-09-18,SKU-022,651,113
2024-09-25,SKU-022,529,122
2024-10-02,SKU-022,413,116
2024-10-09,SKU-022,252,161
2024-10-16,SKU-022,122,129
2024-10-23,SKU-022,359,120
2024-10-30,SKU-022,602,173
2024-11-06,SKU-022,502,100
2024-11-13,SKU-022,420,83
2024-11-20,SKU-022,286,134
2024-11-27,SKU-022,577,111
2024-12-04,SKU-022,470,106
2024-12-11,SKU-022,373,97
2024-12-18,SKU-022,645,102
2024-12-25,SKU-022,493,152
2025-01-01,SKU-022,406,87
2025-01-08,SKU-022,282,124
2025-01-15,SKU-022,618,116
2025-01-22,SKU-022,479,139
2025-01-29,SKU-022,355,124
2025-02-05,SKU-022,486,151
2025-02-12,SKU-022,367,119
2025-02-19,SKU-022,280,87
2025-02-26,SKU-022,142,139
2025-03-05,SKU-022,569,105
2025-03-12,SKU-022,455,114
2025-03-19,SKU-022,321,134
2025-03-26,SKU-022,633,135
2025-04-02,SKU-022,522,111
2025-04-09,SKU-022,401,121
2025-04-16,SKU-022,284,117
2025-04-23,SKU-022,158,126
2025-04-30,SKU-022,394,125
2025-05-07,SKU-022,296,98
2025-05-14,SKU-022,573,120
2025-05-21,SKU-022,469,103
2025-05-28,SKU-022,357,112
2025-06-04,SKU-022,226,131
2025-06-11,SKU-022,504,153
2025-06-18,SKU-022,403,101
2025-06-25,SKU-022,246,157
2025-07-02,SKU-022,570,142
2025-07-09,SKU-022,435,135
2025-07-16,SKU-022,301,134
2025-07-23,SKU-022,577,137
2025-07-30,SKU-022,468,109
2025-08-06,SKU-022,340,128
2025-08-13,SKU-022,552,110
2025-08-20,SKU-022,458,93
2025-08-27,SKU-022,346,113
2025-09-03,SKU-022,592,91
2025-09-10,SKU-022,450,143
2025-09-17,SKU-022,322,128
2025-09-24,SKU-022,579,105
2025-10-08,SKU-022,325,143
2025-10-15,SKU-022,650,98
2025-10-22,SKU-022,537,113
2025-10-29,SKU-022,444,94
2025-11-05,SKU-022,322,121
2025-11-12,SKU-022,611,132
2025-11-19,SKU-022,480,131
2025-11-26,SKU-022,382,98
2025-12-03,SKU-022,273,109
2025-12-10,SKU-022,481,148
2025-12-17,SKU-022,388,93
2025-12-24,SKU-022,271,117
2024-01-03,SKU-023,436,98
2024-01-10,SKU-023,351,85
2024-01-17,SKU-023,254,96
2024-01-24,SKU-023,151,103
2024-01-31,SKU-023,368,78
2024-02-07,SKU-023,283,85
2024-02-14,SKU-023,205,78
2024-02-21,SKU-023,435,80
2024-02-28,SKU-023,349,86
2024-03-06,SKU-023,252,96
2024-03-13,SKU-023,441,73
2024-03-20,SKU-023,350,92
2024-03-27,SKU-023,268,82
2024-04-03,SKU-023,172,95
2024-04-10,SKU-023,357,87
2024-04-17,SKU-023,281,76
2024-04-24,SKU-023,196,85
2024-05-01,SKU-023,116,80
2024-05-08,SKU-023,366,85
2024-05-15,SKU-023,291,75
2024-05-22,SKU-023,225,66
2024-05-29,SKU-023,140,85
2024-06-05,SKU-023,55,85
2024-06-12,SKU-023,0,77
2024-06-19,SKU-023,262,94
2024-06-26,SKU-023,171,92
2024-07-03,SKU-023,103,68
2024-07-10,SKU-023,361,81
2024-07-17,SKU-023,282,80
2024-07-24,SKU-023,469,86
2024-07-31,SKU-023,412,57
2024-08-07,SKU-023,312,100
2024-08-14,SKU-023,234,78
2024-08-21,SKU-023,476,79
2024-08-28,SKU-023,368,108
2024-09-04,SKU-023,281,87
2024-09-11,SKU-023,186,95
2024-09-18,SKU-023,460,82
2024-09-25,SKU-023,362,98
2024-10-02,SKU-023,275,87
2024-10-09,SKU-023,198,77
2024-10-16,SKU-023,413,75
2024-10-23,SKU-023,328,84
2024-10-30,SKU-023,210,118
2024-11-06,SKU-023,452,104
2024-11-13,SKU-023,357,95
2024-11-20,SKU-023,265,92
2024-11-27,SKU-023,187,78
2024-12-04,SKU-023,466,68
2024-12-11,SKU-023,394,72
2024-12-18,SKU-023,302,92
2024-12-25,SKU-023,201,101
2025-01-01,SKU-023,129,71
2025-01-08,SKU-023,366,97
2025-01-15,SKU-023,287,79
2025-01-22,SKU-023,212,75
2025-01-29,SKU-023,495,88
2025-02-05,SKU-023,411,84
2025-02-12,SKU-023,324,87
2025-02-19,SKU-023,255,70
2025-02-26,SKU-023,431,71
2025-03-05,SKU-023,337,94
2025-03-12,SKU-023,255,82
2025-03-19,SKU-023,179,76
2025-03-26,SKU-023,318,92
2025-04-02,SKU-023,220,98
2025-04-09,SKU-023,473,116
2025-04-16,SKU-023,386,88
2025-04-23,SKU-023,278,108
2025-04-30,SKU-023,193,85
2025-05-07,SKU-023,107,86
2025-05-14,SKU-023,18,89
2025-05-21,SKU-023,0,102
2025-05-28,SKU-023,192,94
2025-06-04,SKU-023,102,90
2025-06-11,SKU-023,326,82
2025-06-18,SKU-023,215,111
2025-06-25,SKU-023,127,89
2025-07-02,SKU-023,22,105
2025-07-09,SKU-023,0,90
2025-07-16,SKU-023,209,96
2025-07-23,SKU-023,107,102
2025-07-30,SKU-023,253,73
2025-08-06,SKU-023,453,87
2025-08-13,SKU-023,362,91
2025-08-20,SKU-023,252,110
2025-08-27,SKU-023,156,96
2025-09-03,SKU-023,57,99
2025-09-10,SKU-023,371,93
2025-09-17,SKU-023,306,66
2025-09-24,SKU-023,218,88
2025-10-01,SKU-023,140,79
2025-10-08,SKU-023,402,100
2025-10-15,SKU-023,319,83
2025-10-22,SKU-023,224,95
2025-10-29,SKU-023,444,80
2025-11-05,SKU-023,385,59
2025-11-12,SKU-023,307,79
2025-11-19,SKU-023,206,101
2025-11-26,SKU-023,466,70
2025-12-03,SKU-023,369,96
2025-12-10,SKU-023,276,93
2025-12-17,SKU-023,181,95
2024-01-03,SKU-024,1193,148
2024-01-10,SKU-024,1034,159
2024-01-17,SKU-024,870,163
2024-01-24,SKU-024,751,119
2024-01-31,SKU-024,614,138
2024-02-07,SKU-024,454,159
2024-02-14,SKU-024,275,179
2024-02-21,SKU-024,94,181
2024-02-28,SKU-024,0,173
2024-03-06,SKU-024,237,166
2024-03-13,SKU-024,88,148
2024-03-20,SKU-024,0,166
2024-03-27,SKU-024,255,164
2024-04-03,SKU-024,90,164
2024-04-10,SKU-024,493,149
2024-04-17,SKU-024,352,141
2024-04-24,SKU-024,769,127
2024-05-01,SKU-024,635,134
2024-05-08,SKU-024,485,149
2024-05-15,SKU-024,313,172
2024-05-22,SKU-024,594,158
2024-05-29,SKU-024,459,135
2024-06-05,SKU-024,284,176
2024-06-12,SKU-024,761,137
2024-06-19,SKU-024,629,132
2024-06-26,SKU-024,519,110
2024-07-03,SKU-024,376,143
2024-07-10,SKU-024,652,159
2024-07-17,SKU-024,508,144
2024-07-24,SKU-024,349,158
2024-07-31,SKU-024,752,121
2024-08-07,SKU-024,582,169
2024-08-14,SKU-024,394,188
2024-08-21,SKU-024,243,151
2024-08-28,SKU-024,793,92
2024-09-04,SKU-024,651,142
2024-09-11,SKU-024,509,142
2024-09-18,SKU-024,381,128
2024-09-25,SKU-024,645,187
2024-10-02,SKU-024,475,170
2024-10-09,SKU-024,318,157
2024-10-16,SKU-024,654,168
2024-10-23,SKU-024,523,132
2024-10-30,SKU-024,327,196
2024-11-06,SKU-024,593,141
2024-11-13,SKU-024,456,136
2024-11-27,SKU-024,725,110
2024-12-04,SKU-024,541,184
2024-12-11,SKU-024,396,145
2024-12-18,SKU-024,250,146
2024-12-25,SKU-024,595,129
2025-01-01,SKU-024,447,148
2025-01-08,SKU-024,313,134
2025-01-15,SKU-024,694,128
2025-01-22,SKU-024,578,116
2025-01-29,SKU-024,445,133
2025-02-05,SKU-024,292,153
2025-02-12,SKU-024,143,150
2025-02-19,SKU-024,0,212
2025-02-26,SKU-024,353,149
2025-03-05,SKU-024,173,179
2025-03-12,SKU-024,28,146
2025-03-19,SKU-024,311,150
2025-03-26,SKU-024,174,136
2025-04-02,SKU-024,64,111
2025-04-09,SKU-024,0,181
2025-04-16,SKU-024,407,132
2025-04-23,SKU-024,883,150
2025-04-30,SKU-024,689,194
2025-05-07,SKU-024,537,152
2025-05-14,SKU-024,374,163
2025-05-21,SKU-024,229,145
2025-05-28,SKU-024,728,136
2025-06-04,SKU-024,624,104
2025-06-11,SKU-024,488,137
2025-06-18,SKU-024,320,168
2025-06-25,SKU-024,671,143
2025-07-02,SKU-024,520,152
2025-07-09,SKU-024,374,146
2025-07-16,SKU-024,575,157
2025-07-23,SKU-024,418,158
2025-07-30,SKU-024,255,163
2025-08-06,SKU-024,615,151
2025-08-13,SKU-024,453,162
2025-08-20,SKU-024,311,142
2025-08-27,SKU-024,649,118
2025-09-03,SKU-024,493,156
2025-09-10,SKU-024,352,140
2025-09-17,SKU-024,764,165
2025-09-24,SKU-024,623,142
2025-10-01,SKU-024,501,121
2025-10-08,SKU-024,283,218
2025-10-15,SKU-024,679,152
2025-10-22,SKU-024,513,166
2025-10-29,SKU-024,364,148
2025-11-05,SKU-024,754,144
2025-11-12,SKU-024,598,157
2025-11-19,SKU-024,427,171
2025-11-26,SKU-024,321,106
2025-12-03,SKU-024,627,136
2025-12-10,SKU-024,434,193
2025-12-17,SKU-024,221,212
2025-12-24,SKU-024,629,153
2024-01-03,SKU-025,934,101
2024-01-10,SKU-025,843,91
2024-01-17,SKU-025,766,77
2024-01-24,SKU-025,636,130
2024-01-31,SKU-025,509,127
2024-02-07,SKU-025,367,143
2024-02-14,SKU-025,293,74
2024-02-21,SKU-025,694,86
2024-02-28,SKU-025,584,110
2024-03-06,SKU-025,461,123
2024-03-13,SKU-025,356,105
2024-03-20,SKU-025,235,122
2024-03-27,SKU-025,612,148
2024-04-03,SKU-025,498,114
2024-04-10,SKU-025,385,113
2024-04-17,SKU-025,264,121
2024-04-24,SKU-025,571,127
2024-05-01,SKU-025,451,119
2024-05-08,SKU-025,335,116
2024-05-15,SKU-025,505,142
2024-05-22,SKU-025,392,113
2024-05-29,SKU-025,267,125
2024-06-05,SKU-025,522,110
2024-06-12,SKU-025,424,99
2024-06-19,SKU-025,303,120
2024-06-26,SKU-025,507,127
2024-07-03,SKU-025,421,85
2024-07-10,SKU-025,325,96
2024-07-17,SKU-025,525,147
2024-07-24,SKU-025,416,109
2024-07-31,SKU-025,334,83
2024-08-07,SKU-025,697,100
2024-08-14,SKU-025,598,99
2024-08-21,SKU-025,498,99
2024-08-28,SKU-025,397,101
2024-09-04,SKU-025,303,93
2024-09-11,SKU-025,583,132
2024-09-18,SKU-025,471,112
2024-09-25,SKU-025,352,119
2024-10-02,SKU-025,231,121
2024-10-16,SKU-025,452,123
2024-10-23,SKU-025,359,93
2024-10-30,SKU-025,262,97
2024-11-06,SKU-025,528,107
2024-11-13,SKU-025,408,120
2024-11-20,SKU-025,295,113
2024-11-27,SKU-025,429,127
2024-12-04,SKU-025,339,90
2024-12-11,SKU-025,559,108
2024-12-18,SKU-025,416,142
2024-12-25,SKU-025,345,72
2025-01-01,SKU-025,193,151
2025-01-08,SKU-025,478,81
2025-01-15,SKU-025,366,112
2025-01-22,SKU-025,253,113
2025-01-29,SKU-025,512,146
2025-02-05,SKU-025,389,123
2025-02-12,SKU-025,302,86
2025-02-19,SKU-025,559,134
2025-02-26,SKU-025,451,108
2025-03-05,SKU-025,301,149
2025-03-12,SKU-025,205,97
2025-03-19,SKU-025,379,125
2025-03-26,SKU-025,260,119
2025-04-02,SKU-025,154,105
2025-04-09,SKU-025,476,128
2025-04-16,SKU-025,363,112
2025-04-23,SKU-025,243,120
2025-04-30,SKU-025,623,138
2025-05-07,SKU-025,477,146
2025-05-14,SKU-025,350,127
2025-05-21,SKU-025,240,110
2025-05-28,SKU-025,629,136
2025-06-04,SKU-025,497,132
2025-06-11,SKU-025,401,96
2025-06-18,SKU-025,294,108
2025-06-25,SKU-025,655,104
2025-07-02,SKU-025,549,106
2025-07-16,SKU-025,279,153
2025-07-23,SKU-025,187,92
2025-07-30,SKU-025,351,171
2025-08-06,SKU-025,222,129
2025-08-13,SKU-025,102,121
2025-08-20,SKU-025,369,146
2025-08-27,SKU-025,274,95
2025-09-03,SKU-025,514,120
2025-09-10,SKU-025,391,123
2025-09-17,SKU-025,255,136
2025-09-24,SKU-025,158,97
2025-10-01,SKU-025,503,145
2025-10-08,SKU-025,358,145
2025-10-15,SKU-025,227,131
2025-10-22,SKU-025,107,120
2025-10-29,SKU-025,392,110
2025-11-05,SKU-025,267,125
2025-11-12,SKU-025,132,135
2025-11-19,SKU-025,452,97
2025-11-26,SKU-025,370,82
2025-12-03,SKU-025,638,134
2025-12-10,SKU-025,543,95
2025-12-17,SKU-025,426,117
2025-12-24,SKU-025,306,120
2024-01-03,SKU-026,989,139
2024-01-10,SKU-026,882,106
2024-01-17,SKU-026,744,139
2024-01-24,SKU-026,614,129
2024-01-31,SKU-026,474,140
2024-02-07,SKU-026,373,101
2024-02-14,SKU-026,694,130
2024-02-21,SKU-026,512,183
2024-02-28,SKU-026,386,126
2024-03-06,SKU-026,736,153
2024-03-13,SKU-026,578,159
2024-03-20,SKU-026,443,135
2024-03-27,SKU-026,300,143
2024-04-03,SKU-026,147,153
2024-04-10,SKU-026,608,141
2024-04-17,SKU-026,496,113
2024-04-24,SKU-026,330,166
2024-05-01,SKU-026,168,162
2024-05-08,SKU-026,435,178
2024-05-15,SKU-026,284,151
2024-05-22,SKU-026,130,154
2024-05-29,SKU-026,533,140
2024-06-05,SKU-026,416,117
2024-06-12,SKU-026,282,134
2024-06-19,SKU-026,512,155
2024-06-26,SKU-026,335,178
2024-07-03,SKU-026,166,169
2024-07-10,SKU-026,399,168
2024-07-17,SKU-026,257,142
2024-07-24,SKU-026,643,146
2024-07-31,SKU-026,529,114
2024-08-07,SKU-026,390,139
2024-08-14,SKU-026,590,157
2024-08-21,SKU-026,443,147
2024-08-28,SKU-026,287,156
2024-09-04,SKU-026,111,176
2024-09-11,SKU-026,478,156
2024-09-18,SKU-026,360,118
2024-09-25,SKU-026,235,126
2024-10-02,SKU-026,567,126
2024-10-09,SKU-026,466,101
2024-10-16,SKU-026,343,123
2024-10-23,SKU-026,841,121
2024-10-30,SKU-026,716,125
2024-11-06,SKU-026,608,109
2024-11-13,SKU-026,485,123
2024-11-20,SKU-026,370,115
2024-11-27,SKU-026,245,125
2024-12-04,SKU-026,670,168
2024-12-11,SKU-026,512,158
2024-12-18,SKU-026,370,142
2024-12-25,SKU-026,651,120
2025-01-01,SKU-026,535,116
2025-01-08,SKU-026,394,141
2025-01-15,SKU-026,713,166
2025-01-22,SKU-026,575,138
2025-01-29,SKU-026,387,188
2025-02-05,SKU-026,219,168
2025-02-12,SKU-026,705,131
2025-02-19,SKU-026,579,126
2025-02-26,SKU-026,431,148
2025-03-05,SKU-026,276,155
2025-03-12,SKU-026,736,133
2025-03-19,SKU-026,593,143
2025-03-26,SKU-026,433,160
2025-04-02,SKU-026,300,133
2025-04-09,SKU-026,666,156
2025-04-16,SKU-026,553,113
2025-04-23,SKU-026,432,121
2025-04-30,SKU-026,624,173
2025-05-07,SKU-026,461,163
2025-05-14,SKU-026,292,169
2025-05-21,SKU-026,665,165
2025-05-28,SKU-026,546,119
2025-06-04,SKU-026,391,155
2025-06-11,SKU-026,636,101
2025-06-18,SKU-026,528,108
2025-06-25,SKU-026,419,110
2025-07-02,SKU-026,803,114
2025-07-09,SKU-026,660,143
2025-07-16,SKU-026,476,184
2025-07-23,SKU-026,361,115
2025-07-30,SKU-026,259,102
2025-08-06,SKU-026,582,153
2025-08-13,SKU-026,461,121
2025-08-20,SKU-026,290,171
2025-08-27,SKU-026,690,131
2025-09-03,SKU-026,540,151
2025-09-10,SKU-026,400,140
2025-09-17,SKU-026,239,161
2025-09-24,SKU-026,618,122
2025-10-01,SKU-026,450,168
2025-10-08,SKU-026,287,163
2025-10-15,SKU-026,130,158
2025-10-22,SKU-026,512,178
2025-10-29,SKU-026,359,153
2025-11-05,SKU-026,641,132
2025-11-12,SKU-026,489,151
2025-11-19,SKU-026,338,152
2025-11-26,SKU-026,223,115
2025-12-03,SKU-026,561,142
2025-12-10,SKU-026,397,164
2025-12-17,SKU-026,776,132
2025-12-24,SKU-026,630,147
2024-01-03,SKU-027,1053,108
2024-01-10,SKU-027,943,110
2024-01-17,SKU-027,812,132
2024-01-24,SKU-027,695,117
2024-01-31,SKU-027,559,136
2024-02-07,SKU-027,445,114
2024-02-21,SKU-027,522,120
2024-02-28,SKU-027,384,137
2024-03-06,SKU-027,697,147
2024-03-13,SKU-027,550,146
2024-03-20,SKU-027,409,142
2024-03-27,SKU-027,286,123
2024-04-03,SKU-027,692,142
2024-04-10,SKU-027,535,157
2024-04-17,SKU-027,393,142
2024-04-24,SKU-027,286,107
2024-05-01,SKU-027,168,118
2024-05-08,SKU-027,67,101
2024-05-15,SKU-027,0,131
2024-05-22,SKU-027,412,154
2024-05-29,SKU-027,266,146
2024-06-05,SKU-027,114,152
2024-06-12,SKU-027,348,141
2024-06-19,SKU-027,205,143
2024-06-26,SKU-027,569,119
2024-07-03,SKU-027,433,137
2024-07-10,SKU-027,331,101
2024-07-17,SKU-027,179,152
2024-07-24,SKU-027,47,132
2024-07-31,SKU-027,0,151
2024-08-07,SKU-027,356,143
2024-08-14,SKU-027,719,124
2024-08-21,SKU-027,599,119
2024-08-28,SKU-027,479,121
2024-09-04,SKU-027,344,135
2024-09-11,SKU-027,712,148
2024-09-18,SKU-027,615,97
2024-09-25,SKU-027,517,98
2024-10-02,SKU-027,372,145
2024-10-09,SKU-027,733,122
2024-10-16,SKU-027,642,91
2024-10-23,SKU-027,483,159
2024-10-30,SKU-027,336,147
2024-11-06,SKU-027,635,141
2024-11-13,SKU-027,483,152
2024-11-20,SKU-027,357,126
2024-11-27,SKU-027,538,120
2024-12-04,SKU-027,401,137
2024-12-11,SKU-027,232,170
2024-12-18,SKU-027,94,137
2024-12-25,SKU-027,383,103
2025-01-01,SKU-027,712,136
2025-01-08,SKU-027,574,137
2025-01-15,SKU-027,445,129
2025-01-22,SKU-027,335,110
2025-01-29,SKU-027,187,148
2025-02-05,SKU-027,543,116
2025-02-12,SKU-027,409,134
2025-02-19,SKU-027,274,135
2025-02-26,SKU-027,565,147
2025-03-05,SKU-027,429,136
2025-03-12,SKU-027,271,158
2025-03-19,SKU-027,145,126
2025-03-26,SKU-027,415,139
2025-04-02,SKU-027,293,122
2025-04-09,SKU-027,697,155
2025-04-16,SKU-027,571,126
2025-04-23,SKU-027,417,154
2025-04-30,SKU-027,299,118
2025-05-07,SKU-027,185,113
2025-05-14,SKU-027,30,155
2025-05-21,SKU-027,446,109
2025-05-28,SKU-027,324,122
2025-06-04,SKU-027,198,126
2025-06-11,SKU-027,33,164
2025-06-18,SKU-027,0,92
2025-06-25,SKU-027,361,102
2025-07-02,SKU-027,217,144
2025-07-09,SKU-027,102,114
2025-07-16,SKU-027,17,85
2025-07-23,SKU-027,493,148
2025-07-30,SKU-027,376,117
2025-08-06,SKU-027,267,110
2025-08-13,SKU-027,522,148
2025-08-20,SKU-027,401,122
2025-08-27,SKU-027,275,126
2025-09-03,SKU-027,776,106
2025-09-10,SKU-027,664,113
2025-09-17,SKU-027,525,139
2025-09-24,SKU-027,402,123
2025-10-01,SKU-027,319,83
2025-10-08,SKU-027,652,141
2025-10-15,SKU-027,540,111
2025-10-22,SKU-027,398,142
2025-10-29,SKU-027,286,112
2025-11-05,SKU-027,622,143
2025-11-12,SKU-027,520,102
2025-11-19,SKU-027,365,155
2025-11-26,SKU-027,254,111
2025-12-03,SKU-027,534,109
2025-12-10,SKU-027,385,148
2025-12-17,SKU-027,258,128
2025-12-24,SKU-027,488,106
2024-01-03,SKU-028,695,138
2024-01-10,SKU-028,553,142
2024-01-17,SKU-028,409,144
2024-01-24,SKU-028,274,135
2024-01-31,SKU-028,161,114
2024-02-07,SKU-028,399,149
2024-02-14,SKU-028,329,71
2024-02-21,SKU-028,216,113
2024-02-28,SKU-028,461,133
2024-03-06,SKU-028,337,124
2024-03-13,SKU-028,662,118
2024-03-20,SKU-028,557,105
2024-03-27,SKU-028,411,146
2024-04-03,SKU-028,304,107
2024-04-10,SKU-028,202,102
2024-04-17,SKU-028,413,110
2024-04-24,SKU-028,326,87
2024-05-01,SKU-028,186,140
2024-05-08,SKU-028,60,126
2024-05-22,SKU-028,187,126
2024-05-29,SKU-028,70,117
2024-06-05,SKU-028,275,121
2024-06-12,SKU-028,160,115
2024-06-19,SKU-028,44,116
2024-06-26,SKU-028,278,119
2024-07-03,SKU-028,132,145
2024-07-10,SKU-028,0,142
2024-07-17,SKU-028,0,95
2024-07-24,SKU-028,776,111
2024-07-31,SKU-028,637,140
2024-08-07,SKU-028,536,101
2024-08-14,SKU-028,422,114
2024-08-28,SKU-028,160,147
2024-09-04,SKU-028,461,145
2024-09-11,SKU-028,337,124
2024-09-18,SKU-028,239,98
2024-09-25,SKU-028,692,108
2024-10-02,SKU-028,549,143
2024-10-09,SKU-028,462,87
2024-10-16,SKU-028,366,96
2024-10-23,SKU-028,543,135
2024-10-30,SKU-028,454,89
2024-11-06,SKU-028,332,122
2024-11-13,SKU-028,209,123
2024-11-20,SKU-028,456,97
2024-11-27,SKU-028,323,133
2024-12-04,SKU-028,185,138
2024-12-11,SKU-028,581,93
2024-12-18,SKU-028,459,122
2024-12-25,SKU-028,341,118
2025-01-01,SKU-028,619,82
2025-01-08,SKU-028,474,145
2025-01-15,SKU-028,383,91
2025-01-22,SKU-028,271,112
2025-01-29,SKU-028,565,105
2025-02-05,SKU-028,469,96
2025-02-12,SKU-028,351,118
2025-02-19,SKU-028,535,151
2025-02-26,SKU-028,433,102
2025-03-05,SKU-028,305,129
2025-03-12,SKU-028,551,139
2025-03-19,SKU-028,438,113
2025-03-26,SKU-028,313,125
2025-04-02,SKU-028,161,151
2025-04-09,SKU-028,473,146
2025-04-16,SKU-028,359,114
2025-04-23,SKU-028,247,112
2025-04-30,SKU-028,162,86
2025-05-07,SKU-028,51,111
2025-05-14,SKU-028,0,121
2025-05-21,SKU-028,466,107
2025-05-28,SKU-028,345,121
2025-06-04,SKU-028,212,133
2025-06-11,SKU-028,109,103
2025-06-18,SKU-028,0,109
2025-06-25,SKU-028,438,97
2025-07-02,SKU-028,332,106
2025-07-09,SKU-028,233,99
2025-07-16,SKU-028,100,133
2025-07-23,SKU-028,482,109
2025-07-30,SKU-028,346,136
2025-08-06,SKU-028,206,140
2025-08-13,SKU-028,510,133
2025-08-20,SKU-028,412,98
2025-08-27,SKU-028,271,141
2025-09-03,SKU-028,645,118
2025-09-10,SKU-028,514,131
2025-09-17,SKU-028,390,123
2025-09-24,SKU-028,278,113
2025-10-01,SKU-028,132,145
2025-10-08,SKU-028,495,112
2025-10-15,SKU-028,372,123
2025-10-22,SKU-028,234,137
2025-10-29,SKU-028,632,100
2025-11-05,SKU-028,488,144
2025-11-12,SKU-028,397,91
2025-11-19,SKU-028,290,106
2025-11-26,SKU-028,200,91
2025-12-03,SKU-028,430,144
2025-12-10,SKU-028,-318,112
2025-12-17,SKU-028,618,124
2025-12-24,SKU-028,500,118
2024-01-03,SKU-029,826,140
2024-01-10,SKU-029,669,157
2024-01-17,SKU-029,562,107
2024-01-24,SKU-029,441,122
2024-01-31,SKU-029,299,142
2024-02-07,SKU-029,171,128
2024-02-14,SKU-029,524,136
2024-02-21,SKU-029,380,144
2024-02-28,SKU-029,788,107
2024-03-06,SKU-029,652,136
2024-03-20,SKU-029,343,138
2024-03-27,SKU-029,200,143
2024-04-03,SKU-029,607,173
2024-04-10,SKU-029,463,144
2024-04-17,SKU-029,288,175
2024-04-24,SKU-029,549,147
2024-05-01,SKU-029,376,173
2024-05-08,SKU-029,703,153
2024-05-15,SKU-029,569,134
2024-05-22,SKU-029,437,133
2024-05-29,SKU-029,326,110
2024-06-05,SKU-029,634,153
2024-06-12,SKU-029,481,153
2024-06-19,SKU-029,376,104
2024-06-26,SKU-029,227,149
2024-07-03,SKU-029,582,185
2024-07-10,SKU-029,420,162
2024-07-17,SKU-029,293,127
2024-07-24,SKU-029,190,103
2024-07-31,SKU-029,573,102
2024-08-07,SKU-029,445,128
2024-08-14,SKU-029,336,109
2024-08-21,SKU-029,794,100
2024-08-28,SKU-029,621,173
2024-09-11,SKU-029,334,159
2024-09-18,SKU-029,662,136
2024-09-25,SKU-029,526,136
2024-10-02,SKU-029,399,127
2024-10-09,SKU-029,262,138
2024-10-16,SKU-029,583,120
2024-10-23,SKU-029,439,144
2024-10-30,SKU-029,292,148
2024-11-06,SKU-029,132,160
2024-11-13,SKU-029,516,155
2024-11-20,SKU-029,385,132
2024-11-27,SKU-029,763,112
2024-12-04,SKU-029,625,138
2024-12-11,SKU-029,478,147
2024-12-18,SKU-029,289,189
2024-12-25,SKU-029,148,141
2025-01-01,SKU-029,405,158
2025-01-08,SKU-029,232,173
2025-01-15,SKU-029,662,122
2025-01-22,SKU-029,507,156
2025-01-29,SKU-029,395,112
2025-02-05,SKU-029,260,134
2025-02-12,SKU-029,506,163
2025-02-19,SKU-029,409,97
2025-02-26,SKU-029,288,122
2025-03-05,SKU-029,608,159
2025-03-12,SKU-029,484,124
2025-03-19,SKU-029,371,113
2025-03-26,SKU-029,244,127
2025-04-02,SKU-029,484,155
2025-04-09,SKU-029,347,137
2025-04-16,SKU-029,689,173
2025-04-23,SKU-029,584,105
2025-04-30,SKU-029,445,139
2025-05-07,SKU-029,307,138
2025-05-14,SKU-029,645,121
2025-05-21,SKU-029,523,122
2025-05-28,SKU-029,407,116
2025-06-04,SKU-029,776,130
2025-06-11,SKU-029,632,144
2025-06-18,SKU-029,482,150
2025-06-25,SKU-029,364,118
2025-07-02,SKU-029,241,123
2025-07-09,SKU-029,582,104
2025-07-16,SKU-029,447,136
2025-07-23,SKU-029,327,119
2025-07-30,SKU-029,198,129
2025-08-06,SKU-029,523,154
2025-08-13,SKU-029,454,69
2025-08-20,SKU-029,311,143
2025-08-27,SKU-029,615,144
2025-09-03,SKU-029,442,173
2025-09-10,SKU-029,326,116
2025-09-17,SKU-029,774,171
2025-09-24,SKU-029,639,135
2025-10-01,SKU-029,507,132
2025-10-08,SKU-029,375,131
2025-10-15,SKU-029,244,132
2025-10-22,SKU-029,612,111
2025-10-29,SKU-029,440,172
2025-11-05,SKU-029,315,125
2025-11-19,SKU-029,578,117
2025-11-26,SKU-029,457,121
2025-12-03,SKU-029,332,125
2025-12-10,SKU-029,744,138
2025-12-17,SKU-029,618,126
2025-12-24,SKU-029,477,141
2024-01-03,SKU-030,669,123
2024-01-10,SKU-030,532,137
2024-01-17,SKU-030,361,170
2024-01-24,SKU-030,230,131
2024-01-31,SKU-030,59,171
2024-02-07,SKU-030,388,134
2024-02-14,SKU-030,254,134
2024-02-21,SKU-030,607,138
2024-02-28,SKU-030,441,166
2024-03-06,SKU-030,292,149
2024-03-13,SKU-030,165,127
2024-03-20,SKU-030,482,110
2024-03-27,SKU-030,342,140
2024-04-03,SKU-030,220,122
2024-04-10,SKU-030,603,152
2024-04-17,SKU-030,450,153
2024-04-24,SKU-030,324,126
2024-05-01,SKU-030,202,122
2024-05-15,SKU-030,0,117
2024-05-22,SKU-030,251,129
2024-05-29,SKU-030,118,133
2024-06-05,SKU-030,499,159
2024-06-12,SKU-030,339,161
2024-06-19,SKU-030,206,133
2024-06-26,SKU-030,30,176
2024-07-03,SKU-030,0,128
2024-07-10,SKU-030,284,151
2024-07-17,SKU-030,149,134
2024-07-24,SKU-030,11,138
2024-07-31,SKU-030,350,164
2024-08-07,SKU-030,583,137
2024-08-14,SKU-030,430,153
2024-08-21,SKU-030,312,118
2024-09-04,SKU-030,498,94
2024-09-11,SKU-030,372,126
2024-09-18,SKU-030,231,141
2024-09-25,SKU-030,599,141
2024-10-02,SKU-030,505,94
2024-10-09,SKU-030,351,154
2024-10-16,SKU-030,627,139
2024-10-23,SKU-030,482,145
2024-10-30,SKU-030,328,154
2024-11-06,SKU-030,201,127
2024-11-13,SKU-030,426,142
2024-11-20,SKU-030,325,101
2024-11-27,SKU-030,195,129
2024-12-04,SKU-030,467,144
2024-12-11,SKU-030,308,159
2024-12-18,SKU-030,600,117
2024-12-25,SKU-030,473,127
2025-01-01,SKU-030,359,114
2025-01-08,SKU-030,257,102
2025-01-15,SKU-030,697,120
2025-01-22,SKU-030,602,95
2025-01-29,SKU-030,469,133
2025-02-05,SKU-030,333,136
2025-02-12,SKU-030,578,113
2025-02-19,SKU-030,447,131
2025-02-26,SKU-030,348,99
2025-03-05,SKU-030,625,118
2025-03-12,SKU-030,475,149
2025-03-19,SKU-030,322,154
2025-03-26,SKU-030,689,94
2025-04-02,SKU-030,597,92
2025-04-09,SKU-030,444,153
2025-04-16,SKU-030,277,167
2025-04-23,SKU-030,162,115
2025-04-30,SKU-030,62,99
2025-05-07,SKU-030,433,124
2025-05-14,SKU-030,299,134
2025-05-21,SKU-030,166,133
2025-05-28,SKU-030,434,144
2025-06-04,SKU-030,310,124
2025-06-11,SKU-030,191,119
2025-06-18,SKU-030,69,122
2025-06-25,SKU-030,484,127
2025-07-02,SKU-030,352,132
2025-07-09,SKU-030,190,162
2025-07-16,SKU-030,41,148
2025-07-23,SKU-030,0,148
2025-07-30,SKU-030,724,120
2025-08-06,SKU-030,632,92
2025-08-13,SKU-030,477,155
2025-08-20,SKU-030,366,112
2025-08-27,SKU-030,606,171
2025-09-03,SKU-030,472,134
2025-09-10,SKU-030,348,124
2025-09-17,SKU-030,707,155
2025-09-24,SKU-030,588,119
2025-10-01,SKU-030,447,140
2025-10-08,SKU-030,324,123
2025-10-15,SKU-030,180,145
2025-10-22,SKU-030,578,134
2025-10-29,SKU-030,485,93
2025-11-05,SKU-030,305,180
2025-11-12,SKU-030,132,173
2025-11-19,SKU-030,454,149
2025-11-26,SKU-030,313,142
2025-12-03,SKU-030,590,147
2025-12-10,SKU-030,440,149
2025-12-17,SKU-030,296,145
2025-12-24,SKU-030,191,105
2024-01-03,SKU-031,650,94
2024-01-10,SKU-031,572,78
2024-01-17,SKU-031,502,70
2024-01-24,SKU-031,380,122
2024-01-31,SKU-031,288,93
2024-02-07,SKU-031,172,116
2024-02-14,SKU-031,446,104
2024-02-21,SKU-031,336,111
2024-02-28,SKU-031,244,91
2024-03-06,SKU-031,147,97
2024-03-13,SKU-031,421,82
2024-03-20,SKU-031,341,80
2024-03-27,SKU-031,257,84
2024-04-03,SKU-031,435,97
2024-04-10,SKU-031,342,93
2024-04-17,SKU-031,252,90
2024-04-24,SKU-031,452,107
2024-05-01,SKU-031,346,106
2024-05-08,SKU-031,249,96
2024-05-15,SKU-031,155,94
2024-05-22,SKU-031,316,102
2024-05-29,SKU-031,240,76
2024-06-05,SKU-031,148,92
2024-06-12,SKU-031,436,82
2024-06-19,SKU-031,334,102
2024-06-26,SKU-031,245,88
2024-07-03,SKU-031,146,99
2024-07-10,SKU-031,409,105
2024-07-17,SKU-031,309,100
2024-07-24,SKU-031,207,103
2024-07-31,SKU-031,447,105
2024-08-07,SKU-031,330,117
2024-08-14,SKU-031,239,92
2024-08-21,SKU-031,146,93
2024-08-28,SKU-031,365,78
2024-09-04,SKU-031,257,108
2024-09-11,SKU-031,138,119
2024-09-18,SKU-031,311,105
2024-09-25,SKU-031,220,91
2024-10-02,SKU-031,549,75
2024-10-09,SKU-031,442,107
2024-10-16,SKU-031,365,77
2024-10-23,SKU-031,280,85
2024-10-30,SKU-031,430,78
2024-11-06,SKU-031,336,94
2024-11-13,SKU-031,244,92
2024-11-20,SKU-031,161,83
2024-11-27,SKU-031,445,79
2024-12-04,SKU-031,323,122
2024-12-11,SKU-031,241,82
2024-12-18,SKU-031,161,79
2024-12-25,SKU-031,381,94
2025-01-01,SKU-031,299,82
2025-01-08,SKU-031,196,103
2025-01-15,SKU-031,108,88
2025-01-22,SKU-031,422,94
2025-01-29,SKU-031,304,118
2025-02-05,SKU-031,210,94
2025-02-12,SKU-031,123,87
2025-02-19,SKU-031,287,93
2025-02-26,SKU-031,199,87
2025-03-05,SKU-031,117,83
2025-03-12,SKU-031,352,75
2025-03-19,SKU-031,272,80
2025-03-26,SKU-031,521,64
2025-04-02,SKU-031,446,75
2025-04-09,SKU-031,343,102
2025-04-16,SKU-031,268,75
2025-04-23,SKU-031,184,84
2025-04-30,SKU-031,371,101
2025-05-07,SKU-031,257,114
2025-05-14,SKU-031,143,114
2025-05-21,SKU-031,312,76
2025-05-28,SKU-031,202,110
2025-06-11,SKU-031,400,105
2025-06-18,SKU-031,300,100
2025-06-25,SKU-031,210,90
2025-07-02,SKU-031,89,120
2025-07-09,SKU-031,284,110
2025-07-16,SKU-031,145,139
2025-07-23,SKU-031,407,101
2025-07-30,SKU-031,294,113
2025-08-06,SKU-031,216,78
2025-08-13,SKU-031,126,90
2025-08-20,SKU-031,445,69
2025-08-27,SKU-031,384,62
2025-09-03,SKU-031,314,69
2025-09-10,SKU-031,232,82
2025-09-17,SKU-031,152,80
2025-09-24,SKU-031,367,100
2025-10-01,SKU-031,282,86
2025-10-08,SKU-031,510,86
2025-10-15,SKU-031,414,95
2025-10-22,SKU-031,321,93
2025-10-29,SKU-031,229,92
2025-11-05,SKU-031,134,95
2025-11-12,SKU-031,423,96
2025-11-19,SKU-031,319,104
2025-11-26,SKU-031,208,111
2025-12-03,SKU-031,116,91
2025-12-10,SKU-031,299,106
2025-12-17,SKU-031,201,99
2025-12-24,SKU-031,423,101
2024-01-10,SKU-032,768,111
2024-01-17,SKU-032,683,84
2024-01-24,SKU-032,591,92
2024-01-31,SKU-032,502,89
2024-02-07,SKU-032,420,82
2024-02-14,SKU-032,336,84
2024-02-21,SKU-032,245,91
2024-02-28,SKU-032,140,105
2024-03-06,SKU-032,49,92
2024-03-13,SKU-032,263,116
2024-03-20,SKU-032,167,96
2024-03-27,SKU-032,79,88
2024-04-03,SKU-032,0,100
2024-04-17,SKU-032,154,87
2024-04-24,SKU-032,51,103
2024-05-01,SKU-032,324,92
2024-05-08,SKU-032,236,87
2024-05-15,SKU-032,500,81
2024-05-22,SKU-032,411,89
2024-05-29,SKU-032,318,93
2024-06-05,SKU-032,220,98
2024-06-12,SKU-032,122,97
2024-06-19,SKU-032,421,64
2024-06-26,SKU-032,336,84
2024-07-03,SKU-032,215,121
2024-07-10,SKU-032,484,99
2024-07-17,SKU-032,405,79
2024-07-24,SKU-032,313,92
2024-07-31,SKU-032,207,106
2024-08-07,SKU-032,446,73
2024-08-14,SKU-032,343,102
2024-08-21,SKU-032,233,111
2024-08-28,SKU-032,158,75
2024-09-04,SKU-032,494,114
2024-09-11,SKU-032,397,97
2024-09-18,SKU-032,316,81
2024-09-25,SKU-032,251,65
2024-10-02,SKU-032,511,92
2024-10-09,SKU-032,416,95
2024-10-16,SKU-032,304,111
2024-10-23,SKU-032,208,96
2024-10-30,SKU-032,408,107
2024-11-06,SKU-032,284,124
2024-11-13,SKU-032,205,79
2024-11-20,SKU-032,105,100
2024-11-27,SKU-032,343,84
2024-12-04,SKU-032,269,74
2024-12-11,SKU-032,388,110
2024-12-18,SKU-032,317,71
2024-12-25,SKU-032,239,78
2025-01-01,SKU-032,468,88
2025-01-08,SKU-032,372,96
2025-01-15,SKU-032,276,95
2025-01-22,SKU-032,198,79
2025-01-29,SKU-032,106,92
2025-02-05,SKU-032,387,87
2025-02-12,SKU-032,282,106
2025-02-19,SKU-032,166,116
2025-02-26,SKU-032,82,84
2025-03-05,SKU-032,259,102
2025-03-12,SKU-032,161,98
2025-03-19,SKU-032,69,92
2025-03-26,SKU-032,0,93
2025-04-02,SKU-032,0,81
2025-04-09,SKU-032,310,100
2025-04-16,SKU-032,222,89
2025-04-23,SKU-032,138,84
2025-04-30,SKU-032,335,83
2025-05-07,SKU-032,244,91
2025-05-14,SKU-032,482,99
2025-05-21,SKU-032,397,84
2025-05-28,SKU-032,317,80
2025-06-04,SKU-032,199,118
2025-06-11,SKU-032,364,102
2025-06-18,SKU-032,279,84
2025-06-25,SKU-032,144,135
2025-07-02,SKU-032,348,112
2025-07-09,SKU-032,247,102
2025-07-16,SKU-032,163,84
2025-07-23,SKU-032,457,106
2025-07-30,SKU-032,367,90
2025-08-06,SKU-032,250,117
2025-08-13,SKU-032,184,66
2025-08-20,SKU-032,446,90
2025-08-27,SKU-032,337,110
2025-09-03,SKU-032,211,125
2025-09-10,SKU-032,130,81
2025-09-17,SKU-032,360,90
2025-09-24,SKU-032,248,112
2025-10-01,SKU-032,131,118
2025-10-08,SKU-032,375,107
2025-10-15,SKU-032,277,98
2025-10-22,SKU-032,171,106
2025-10-29,SKU-032,448,105
2025-11-05,SKU-032,359,89
2025-11-12,SKU-032,252,107
2025-11-19,SKU-032,151,101
2025-11-26,SKU-032,373,84
2025-12-03,SKU-032,329,44
2025-12-10,SKU-032,246,83
2025-12-17,SKU-032,460,84
2025-12-24,SKU-032,342,118
2024-01-03,SKU-033,624,114
2024-01-10,SKU-033,506,119
2024-01-17,SKU-033,394,112
2024-01-24,SKU-033,274,120
2024-01-31,SKU-033,544,150
2024-02-07,SKU-033,412,131
2024-02-14,SKU-033,273,139
2024-02-21,SKU-033,162,111
2024-02-28,SKU-033,464,117
2024-03-06,SKU-033,342,122
2024-03-13,SKU-033,235,107
2024-03-20,SKU-033,527,98
2024-03-27,SKU-033,380,147
2024-04-03,SKU-033,271,110
2024-04-10,SKU-033,588,117
2024-04-17,SKU-033,503,85
2024-04-24,SKU-033,356,147
2024-05-01,SKU-033,249,107
2024-05-08,SKU-033,112,136
2024-05-15,SKU-033,0,116
2024-05-22,SKU-033,332,125
2024-05-29,SKU-033,159,173
2024-06-05,SKU-033,3,156
2024-06-12,SKU-033,281,118
2024-06-19,SKU-033,123,158
2024-06-26,SKU-033,0,138
2024-07-03,SKU-033,0,138
2024-07-10,SKU-033,0,124
2024-07-17,SKU-033,411,105
2024-07-24,SKU-033,314,97
2024-07-31,SKU-033,166,147
2024-08-07,SKU-033,592,104
2024-08-14,SKU-033,470,122
2024-08-21,SKU-033,379,91
2024-08-28,SKU-033,234,145
2024-09-04,SKU-033,457,118
2024-09-11,SKU-033,319,138
2024-09-18,SKU-033,177,142
2024-09-25,SKU-033,530,119
2024-10-02,SKU-033,389,142
2024-10-09,SKU-033,218,171
2024-10-16,SKU-033,471,125
2024-10-23,SKU-033,349,122
2024-10-30,SKU-033,224,125
2024-11-06,SKU-033,439,115
2024-11-13,SKU-033,294,145
2024-12-04,SKU-033,317,108
2024-12-11,SKU-033,204,113
2024-12-18,SKU-033,342,155
2024-12-25,SKU-033,255,88
2025-01-01,SKU-033,560,120
2025-01-08,SKU-033,435,125
2025-01-15,SKU-033,323,112
2025-01-22,SKU-033,208,115
2025-01-29,SKU-033,421,139
2025-02-05,SKU-033,293,128
2025-02-12,SKU-033,148,145
2025-02-19,SKU-033,528,119
2025-02-26,SKU-033,409,119
2025-03-05,SKU-033,274,135
2025-03-12,SKU-033,147,127
2025-03-19,SKU-033,439,122
2025-03-26,SKU-033,322,116
2025-04-02,SKU-033,562,115
2025-04-09,SKU-033,427,135
2025-04-16,SKU-033,306,121
2025-04-23,SKU-033,187,119
2025-04-30,SKU-033,65,122
2025-05-07,SKU-033,0,133
2025-05-14,SKU-033,353,107
2025-05-21,SKU-033,246,107
2025-05-28,SKU-033,113,133
2025-06-04,SKU-033,3,110
2025-06-11,SKU-033,276,146
2025-06-18,SKU-033,139,137
2025-06-25,SKU-033,7,132
2025-07-02,SKU-033,0,106
2025-07-09,SKU-033,429,116
2025-07-16,SKU-033,300,129
2025-07-23,SKU-033,169,130
2025-07-30,SKU-033,508,119
2025-08-06,SKU-033,382,126
2025-08-13,SKU-033,237,145
2025-08-20,SKU-033,104,134
2025-08-27,SKU-033,534,126
2025-09-03,SKU-033,430,104
2025-09-10,SKU-033,317,113
2025-09-17,SKU-033,197,121
2025-09-24,SKU-033,493,96
2025-10-01,SKU-033,363,130
2025-10-08,SKU-033,537,144
2025-10-15,SKU-033,419,118
2025-10-22,SKU-033,282,137
2025-10-29,SKU-033,599,133
2025-11-05,SKU-033,482,117
2025-11-12,SKU-033,364,118
2025-11-19,SKU-033,624,110
2025-11-26,SKU-033,476,147
2025-12-03,SKU-033,330,147
2025-12-10,SKU-033,195,134
2025-12-17,SKU-033,70,126
2025-12-24,SKU-033,392,134
2024-01-03,SKU-034,736,153
2024-01-10,SKU-034,593,143
2024-01-17,SKU-034,420,173
2024-01-24,SKU-034,314,106
2024-01-31,SKU-034,186,129
2024-02-07,SKU-034,69,117
2024-02-14,SKU-034,0,142
2024-02-21,SKU-034,0,127
2024-02-28,SKU-034,338,146
2024-03-06,SKU-034,238,101
2024-03-13,SKU-034,547,167
2024-03-20,SKU-034,391,156
2024-03-27,SKU-034,236,155
2024-04-03,SKU-034,122,113
2024-04-10,SKU-034,451,107
2024-04-17,SKU-034,318,133
2024-04-24,SKU-034,719,93
2024-05-01,SKU-034,577,142
2024-05-08,SKU-034,426,151
2024-05-15,SKU-034,313,113
2024-05-22,SKU-034,626,89
2024-05-29,SKU-034,509,117
2024-06-05,SKU-034,382,127
2024-06-12,SKU-034,251,131
2024-06-19,SKU-034,549,121
2024-06-26,SKU-034,422,126
2024-07-03,SKU-034,289,133
2024-07-10,SKU-034,554,139
2024-07-17,SKU-034,427,126
2024-07-24,SKU-034,264,164
2024-07-31,SKU-034,454,128
2024-08-07,SKU-034,295,158
2024-08-14,SKU-034,155,140
2024-08-21,SKU-034,505,149
2024-08-28,SKU-034,383,122
2024-09-04,SKU-034,274,109
2024-09-11,SKU-034,699,119
2024-09-18,SKU-034,576,123
2024-09-25,SKU-034,458,117
2024-10-02,SKU-034,317,141
2024-10-09,SKU-034,542,123
2024-10-16,SKU-034,456,86
2024-10-23,SKU-034,383,73
2024-10-30,SKU-034,689,105
2024-11-06,SKU-034,573,116
2024-11-13,SKU-034,428,144
2024-11-20,SKU-034,346,82
2024-11-27,SKU-034,191,155
2024-12-04,SKU-034,446,127
2024-12-11,SKU-034,318,128
2024-12-18,SKU-034,496,109
2024-12-25,SKU-034,366,130
2025-01-01,SKU-034,252,113
2025-01-08,SKU-034,645,129
2025-01-15,SKU-034,528,117
2025-01-22,SKU-034,410,118
2025-01-29,SKU-034,274,136
2025-02-05,SKU-034,153,122
2025-02-12,SKU-034,564,108
2025-02-19,SKU-034,428,135
2025-02-26,SKU-034,296,132
2025-03-05,SKU-034,135,161
2025-03-12,SKU-034,23,112
2025-03-19,SKU-034,265,130
2025-03-26,SKU-034,116,149
2025-04-02,SKU-034,0,146
2025-04-09,SKU-034,0,134
2025-04-16,SKU-034,273,125
2025-04-23,SKU-034,168,105
2025-04-30,SKU-034,29,140
2025-05-07,SKU-034,437,124
2025-05-14,SKU-034,310,127
2025-05-21,SKU-034,542,116
2025-05-28,SKU-034,415,126
2025-06-04,SKU-034,319,96
2025-06-11,SKU-034,569,86
2025-06-18,SKU-034,443,126
2025-06-25,SKU-034,324,120
2025-07-02,SKU-034,608,147
2025-07-09,SKU-034,510,99
2025-07-16,SKU-034,386,124
2025-07-23,SKU-034,254,132
2025-07-30,SKU-034,664,128
2025-08-06,SKU-034,540,124
2025-08-13,SKU-034,416,124
2025-08-20,SKU-034,285,130
2025-08-27,SKU-034,154,132
2025-09-03,SKU-034,366,129
2025-09-10,SKU-034,273,92
2025-09-17,SKU-034,556,141
2025-09-24,SKU-034,455,101
2025-10-01,SKU-034,356,99
2025-10-08,SKU-034,689,97
2025-10-15,SKU-034,549,140
2025-10-22,SKU-034,439,110
2025-10-29,SKU-034,325,114
2025-11-05,SKU-034,634,92
2025-11-12,SKU-034,528,106
2025-11-19,SKU-034,396,132
2025-11-26,SKU-034,322,74
2025-12-03,SKU-034,700,142
2025-12-10,SKU-034,581,119
2025-12-17,SKU-034,448,133
2025-12-24,SKU-034,336,112
2024-01-03,SKU-035,702,106
2024-01-10,SKU-035,608,94
2024-01-17,SKU-035,532,76
2024-01-24,SKU-035,412,120
2024-01-31,SKU-035,311,101
2024-02-07,SKU-035,209,102
2024-02-14,SKU-035,100,109
2024-02-21,SKU-035,0,114
2024-02-28,SKU-035,233,97
2024-03-06,SKU-035,123,110
2024-03-13,SKU-035,0,134
2024-03-20,SKU-035,0,43
2024-03-27,SKU-035,209,93
2024-04-03,SKU-035,114,95
2024-04-10,SKU-035,369,110
2024-04-17,SKU-035,263,106
2024-04-24,SKU-035,152,111
2024-05-01,SKU-035,405,86
2024-05-08,SKU-035,281,124
2024-05-15,SKU-035,184,98
2024-05-22,SKU-035,440,76
2024-05-29,SKU-035,332,108
2024-06-05,SKU-035,238,94
2024-06-12,SKU-035,399,134
2024-06-19,SKU-035,298,101
2024-06-26,SKU-035,228,70
2024-07-03,SKU-035,470,117
2024-07-10,SKU-035,355,115
2024-07-17,SKU-035,269,86
2024-07-24,SKU-035,168,101
2024-07-31,SKU-035,488,121
2024-08-07,SKU-035,407,81
2024-08-14,SKU-035,255,152
2024-08-21,SKU-035,160,95
2024-08-28,SKU-035,392,73
2024-09-04,SKU-035,269,123
2024-09-11,SKU-035,164,104
2024-09-18,SKU-035,468,105
2024-09-25,SKU-035,341,127
2024-10-02,SKU-035,274,67
2024-10-09,SKU-035,160,114
2024-10-16,SKU-035,546,90
2024-10-23,SKU-035,467,79
2024-10-30,SKU-035,374,93
2024-11-06,SKU-035,267,107
2024-11-13,SKU-035,154,113
2024-11-20,SKU-035,493,118
2024-11-27,SKU-035,371,122
2024-12-04,SKU-035,286,86
2024-12-11,SKU-035,182,103
2024-12-18,SKU-035,421,91
2024-12-25,SKU-035,286,134
2025-01-01,SKU-035,152,134
2025-01-08,SKU-035,448,117
2025-01-15,SKU-035,376,72
2025-01-22,SKU-035,268,108
2025-01-29,SKU-035,165,103
2025-02-05,SKU-035,92,73
2025-02-12,SKU-035,0,142
2025-02-19,SKU-035,209,88
2025-02-26,SKU-035,96,113
2025-03-05,SKU-035,314,95
2025-03-12,SKU-035,217,98
2025-03-19,SKU-035,94,123
2025-03-26,SKU-035,0,124
2025-04-02,SKU-035,0,97
2025-04-09,SKU-035,303,99
2025-04-16,SKU-035,185,118
2025-04-23,SKU-035,73,112
2025-04-30,SKU-035,324,86
2025-05-07,SKU-035,221,103
2025-05-14,SKU-035,469,102
2025-05-21,SKU-035,329,140
2025-05-28,SKU-035,223,106
2025-06-04,SKU-035,117,106
2025-06-11,SKU-035,369,120
2025-06-18,SKU-035,262,107
2025-06-25,SKU-035,128,134
2025-07-02,SKU-035,455,100
2025-07-09,SKU-035,363,92
2025-07-16,SKU-035,258,105
2025-07-23,SKU-035,451,94
2025-07-30,SKU-035,342,110
2025-08-06,SKU-035,216,126
2025-08-13,SKU-035,344,87
2025-08-20,SKU-035,280,64
2025-08-27,SKU-035,567,98
2025-09-03,SKU-035,480,87
2025-09-17,SKU-035,273,102
2025-09-24,SKU-035,170,103
2025-10-01,SKU-035,395,126
2025-10-08,SKU-035,313,82
2025-10-15,SKU-035,213,99
2025-10-22,SKU-035,526,96
2025-10-29,SKU-035,411,115
2025-11-05,SKU-035,300,111
2025-11-12,SKU-035,195,105
2025-11-19,SKU-035,468,110
2025-11-26,SKU-035,346,121
2025-12-03,SKU-035,271,75
2025-12-10,SKU-035,171,100
2025-12-17,SKU-035,406,116
2025-12-24,SKU-035,313,92
2024-01-03,SKU-036,800,90
2024-01-10,SKU-036,718,82
2024-01-17,SKU-036,616,102
2024-01-24,SKU-036,539,77
2024-01-31,SKU-036,450,89
2024-02-07,SKU-036,373,77
2024-02-14,SKU-036,291,82
2024-02-21,SKU-036,211,80
2024-02-28,SKU-036,481,85
2024-03-06,SKU-036,389,91
2024-03-13,SKU-036,301,89
2024-03-20,SKU-036,193,108
2024-03-27,SKU-036,122,71
2024-04-03,SKU-036,345,78
2024-04-10,SKU-036,266,78
2024-04-17,SKU-036,201,66
2024-04-24,SKU-036,453,77
2024-05-01,SKU-036,378,74
2024-05-08,SKU-036,276,102
2024-05-15,SKU-036,166,110
2024-05-22,SKU-036,106,60
2024-05-29,SKU-036,419,74
2024-06-05,SKU-036,335,84
2024-06-12,SKU-036,263,73
2024-06-19,SKU-036,175,88
2024-06-26,SKU-036,377,80
2024-07-03,SKU-036,282,95
2024-07-10,SKU-036,214,68
2024-07-17,SKU-036,467,71
2024-07-24,SKU-036,378,89
2024-07-31,SKU-036,307,71
2024-08-07,SKU-036,212,95
2024-08-14,SKU-036,116,97
2024-08-21,SKU-036,319,106
2024-08-28,SKU-036,237,82
2024-09-04,SKU-036,408,99
2024-09-11,SKU-036,303,105
2024-09-18,SKU-036,181,122
2024-09-25,SKU-036,421,114
2024-10-02,SKU-036,351,71
2024-10-09,SKU-036,273,78
2024-10-16,SKU-036,399,97
2024-10-23,SKU-036,302,97
2024-10-30,SKU-036,219,83
2024-11-06,SKU-036,142,77
2024-11-13,SKU-036,352,81
2024-11-20,SKU-036,260,92
2024-11-27,SKU-036,185,75
2024-12-04,SKU-036,434,75
2024-12-11,SKU-036,342,92
2024-12-18,SKU-036,265,77
2024-12-25,SKU-036,169,95
2025-01-01,SKU-036,387,106
2025-01-08,SKU-036,290,98
2025-01-15,SKU-036,192,98
2025-01-22,SKU-036,121,71
2025-01-29,SKU-036,395,89
2025-02-05,SKU-036,280,115
2025-02-12,SKU-036,197,83
2025-02-19,SKU-036,125,71
2025-02-26,SKU-036,337,96
2025-03-05,SKU-036,246,91
2025-03-12,SKU-036,128,118
2025-03-19,SKU-036,369,105
2025-03-26,SKU-036,270,98
2025-04-02,SKU-036,213,58
2025-04-09,SKU-036,107,105
2025-04-16,SKU-036,376,95
2025-04-23,SKU-036,297,79
2025-04-30,SKU-036,192,105
2025-05-07,SKU-036,97,94
2025-05-14,SKU-036,312,76
2025-05-21,SKU-036,221,91
2025-05-28,SKU-036,416,67
2025-06-04,SKU-036,330,85
2025-06-11,SKU-036,270,60
2025-06-18,SKU-036,184,86
2025-06-25,SKU-036,351,67
2025-07-02,SKU-036,264,88
2025-07-09,SKU-036,181,83
2025-07-16,SKU-036,354,75
2025-07-23,SKU-036,275,79
2025-07-30,SKU-036,180,95
2025-08-06,SKU-036,389,104
2025-08-13,SKU-036,277,112
2025-08-20,SKU-036,194,83
2025-08-27,SKU-036,408,92
2025-09-03,SKU-036,319,89
2025-09-10,SKU-036,221,99
2025-09-17,SKU-036,434,110
2025-09-24,SKU-036,336,98
2025-10-01,SKU-036,233,103
2025-10-08,SKU-036,386,84
2025-10-15,SKU-036,288,98
2025-10-22,SKU-036,203,85
2025-10-29,SKU-036,414,104
2025-11-05,SKU-036,341,73
2025-11-12,SKU-036,245,96
2025-11-19,SKU-036,134,111
2025-11-26,SKU-036,341,104
2025-12-03,SKU-036,278,63
2025-12-10,SKU-036,192,86
2025-12-17,SKU-036,436,74
2025-12-24,SKU-036,340,96
2024-01-03,SKU-037,454,104
2024-01-10,SKU-037,366,88
2024-01-17,SKU-037,271,95
2024-01-24,SKU-037,198,73
2024-01-31,SKU-037,385,116
2024-02-07,SKU-037,280,105
2024-02-14,SKU-037,181,98
2024-02-21,SKU-037,458,109
2024-02-28,SKU-037,366,92
2024-03-06,SKU-037,260,106
2024-03-13,SKU-037,161,99
2024-03-20,SKU-037,396,71
2024-03-27,SKU-037,302,94
2024-04-03,SKU-037,197,105
2024-04-10,SKU-037,469,77
2024-04-17,SKU-037,348,121
2024-04-24,SKU-037,252,96
2024-05-01,SKU-037,161,91
2024-05-08,SKU-037,393,106
2024-05-15,SKU-037,320,73
2024-05-22,SKU-037,204,115
2024-05-29,SKU-037,372,73
2024-06-05,SKU-037,255,117
2024-06-12,SKU-037,156,99
2024-06-19,SKU-037,76,81
2024-06-26,SKU-037,341,87
2024-07-03,SKU-037,232,108
2024-07-10,SKU-037,449,102
2024-07-17,SKU-037,349,100
2024-07-24,SKU-037,254,96
2024-07-31,SKU-037,466,97
2024-08-07,SKU-037,378,88
2024-08-14,SKU-037,273,106
2024-08-21,SKU-037,186,87
2024-08-28,SKU-037,89,97
2024-09-04,SKU-037,419,71
2024-09-11,SKU-037,323,96
2024-09-18,SKU-037,251,72
2024-09-25,SKU-037,447,114
2024-10-02,SKU-037,342,105
2024-10-09,SKU-037,250,92
2024-10-16,SKU-037,185,66
2024-10-23,SKU-037,372,105
2024-10-30,SKU-037,271,102
2024-11-06,SKU-037,160,111
2024-11-13,SKU-037,409,97
2024-11-20,SKU-037,296,113
2024-11-27,SKU-037,219,76
2024-12-04,SKU-037,127,92
2024-12-11,SKU-037,325,107
2024-12-18,SKU-037,221,104
2024-12-25,SKU-037,106,115
2025-01-01,SKU-037,320,102
2025-01-08,SKU-037,232,88
2025-01-15,SKU-037,123,109
2025-01-22,SKU-037,309,83
2025-01-29,SKU-037,232,77
2025-02-05,SKU-037,136,96
2025-02-12,SKU-037,388,89
2025-02-19,SKU-037,305,83
2025-02-26,SKU-037,211,94
2025-03-05,SKU-037,437,77
2025-03-12,SKU-037,351,86
2025-03-19,SKU-037,242,110
2025-03-26,SKU-037,165,77
2025-04-02,SKU-037,424,102
2025-04-09,SKU-037,359,65
2025-04-16,SKU-037,259,100
2025-04-23,SKU-037,465,95
2025-04-30,SKU-037,371,94
2025-05-07,SKU-037,277,94
2025-05-14,SKU-037,183,94
2025-05-21,SKU-037,376,97
2025-05-28,SKU-037,265,112
2025-06-04,SKU-037,159,105
2025-06-11,SKU-037,81,78
2025-06-18,SKU-037,347,100
2025-06-25,SKU-037,263,85
2025-07-02,SKU-037,482,106
2025-07-09,SKU-037,389,93
2025-07-16,SKU-037,315,74
2025-07-23,SKU-037,231,83
2025-07-30,SKU-037,139,92
2025-08-06,SKU-037,383,99
2025-08-13,SKU-037,295,88
2025-08-20,SKU-037,193,102
2025-08-27,SKU-037,110,82
2025-09-03,SKU-037,422,65
2025-09-10,SKU-037,339,84
2025-09-17,SKU-037,268,71
2025-09-24,SKU-037,171,97
2025-10-01,SKU-037,442,87
2025-10-08,SKU-037,342,100
2025-10-15,SKU-037,261,81
2025-10-22,SKU-037,187,74
2025-10-29,SKU-037,397,94
2025-11-05,SKU-037,308,89
2025-11-12,SKU-037,219,89
2025-11-19,SKU-037,118,101
2025-11-26,SKU-037,445,63
2025-12-03,SKU-037,338,107
2025-12-10,SKU-037,239,99
2025-12-17,SKU-037,416,91
2025-12-24,SKU-037,327,89
2024-01-03,SKU-038,1298,122
2024-01-10,SKU-038,1180,118
2024-01-17,SKU-038,1027,153
2024-01-24,SKU-038,907,119
2024-01-31,SKU-038,768,140
2024-02-07,SKU-038,646,121
2024-02-14,SKU-038,525,121
2024-02-21,SKU-038,375,150
2024-02-28,SKU-038,214,161
2024-03-06,SKU-038,490,105
2024-03-13,SKU-038,312,178
2024-03-20,SKU-038,193,119
2024-03-27,SKU-038,75,118
2024-04-03,SKU-038,503,113
2024-04-10,SKU-038,377,126
2024-04-17,SKU-038,218,159
2024-04-24,SKU-038,48,171
2024-05-01,SKU-038,460,145
2024-05-08,SKU-038,349,111
2024-05-15,SKU-038,763,130
2024-05-22,SKU-038,637,126
2024-05-29,SKU-038,481,156
2024-06-05,SKU-038,345,137
2024-06-12,SKU-038,691,109
2024-06-19,SKU-038,573,118
2024-06-26,SKU-038,437,136
2024-07-03,SKU-038,301,136
2024-07-10,SKU-038,693,170
2024-07-17,SKU-038,548,145
2024-07-24,SKU-038,396,152
2024-07-31,SKU-038,262,133
2024-08-07,SKU-038,756,128
2024-08-14,SKU-038,580,176
2024-08-21,SKU-038,420,159
2024-08-28,SKU-038,244,177
2024-09-04,SKU-038,708,109
2024-09-11,SKU-038,573,135
2024-09-18,SKU-038,401,172
2024-09-25,SKU-038,238,163
2024-10-02,SKU-038,593,141
2024-10-09,SKU-038,441,152
2024-10-16,SKU-038,271,170
2024-10-23,SKU-038,588,160
2024-10-30,SKU-038,421,167
2024-11-06,SKU-038,276,145
2024-11-13,SKU-038,524,139
2024-11-20,SKU-038,409,115
2024-11-27,SKU-038,263,146
2024-12-04,SKU-038,729,122
2024-12-11,SKU-038,602,126
2024-12-18,SKU-038,479,123
2024-12-25,SKU-038,342,137
2025-01-01,SKU-038,726,128
2025-01-08,SKU-038,579,148
2025-01-15,SKU-038,430,148
2025-01-22,SKU-038,289,142
2025-01-29,SKU-038,136,152
2025-02-05,SKU-038,0,141
2025-02-12,SKU-038,372,217
2025-02-19,SKU-038,209,163
2025-02-26,SKU-038,62,147
2025-03-05,SKU-038,0,138
2025-03-12,SKU-038,0,151
2025-03-19,SKU-038,429,140
2025-03-26,SKU-038,324,105
2025-04-02,SKU-038,186,138
2025-04-09,SKU-038,587,110
2025-04-16,SKU-038,444,143
2025-04-23,SKU-038,319,125
2025-04-30,SKU-038,671,134
2025-05-07,SKU-038,517,154
2025-05-14,SKU-038,355,162
2025-05-21,SKU-038,247,108
2025-05-28,SKU-038,533,186
2025-06-04,SKU-038,416,117
2025-06-11,SKU-038,310,106
2025-06-18,SKU-038,134,176
2025-06-25,SKU-038,576,148
2025-07-02,SKU-038,391,185
2025-07-09,SKU-038,252,139
2025-07-16,SKU-038,526,157
2025-07-23,SKU-038,356,169
2025-07-30,SKU-038,211,145
2025-08-06,SKU-038,603,116
2025-08-13,SKU-038,469,135
2025-08-20,SKU-038,311,158
2025-08-27,SKU-038,719,121
2025-09-03,SKU-038,561,158
2025-09-10,SKU-038,410,151
2025-09-17,SKU-038,256,154
2025-09-24,SKU-038,625,135
2025-10-01,SKU-038,449,176
2025-10-08,SKU-038,309,140
2025-10-15,SKU-038,626,95
2025-10-22,SKU-038,484,142
2025-10-29,SKU-038,341,143
2025-11-05,SKU-038,638,125
2025-11-12,SKU-038,470,168
2025-11-19,SKU-038,323,147
2025-11-26,SKU-038,663,110
2025-12-03,SKU-038,525,138
2025-12-10,SKU-038,367,159
2025-12-17,SKU-038,228,138
2025-12-24,SKU-038,629,134
2024-01-03,SKU-039,1181,142
2024-01-10,SKU-039,1046,136
2024-01-17,SKU-039,884,162
2024-01-24,SKU-039,715,169
2024-01-31,SKU-039,575,140
2024-02-07,SKU-039,398,177
2024-02-14,SKU-039,212,186
2024-02-21,SKU-039,21,191
2024-02-28,SKU-039,0,153
2024-03-06,SKU-039,0,123
2024-03-13,SKU-039,447,161
2024-03-20,SKU-039,276,171
2024-03-27,SKU-039,520,175
2024-04-03,SKU-039,378,142
2024-04-10,SKU-039,245,133
2024-04-17,SKU-039,75,170
2024-04-24,SKU-039,0,141
2024-05-01,SKU-039,422,100
2024-05-08,SKU-039,764,163
2024-05-15,SKU-039,612,153
2024-05-22,SKU-039,448,163
2024-05-29,SKU-039,335,113
2024-06-05,SKU-039,631,198
2024-06-12,SKU-039,489,141
2024-06-19,SKU-039,363,126
2024-06-26,SKU-039,678,141
2024-07-03,SKU-039,536,142
2024-07-10,SKU-039,365,172
2024-07-17,SKU-039,215,150
2024-07-24,SKU-039,738,150
2024-07-31,SKU-039,600,137
2024-08-07,SKU-039,432,168
2024-08-14,SKU-039,274,158
2024-08-21,SKU-039,695,138
2024-08-28,SKU-039,563,132
2024-09-04,SKU-039,366,197
2024-09-11,SKU-039,229,137
2024-09-18,SKU-039,706,112
2024-09-25,SKU-039,560,146
2024-10-02,SKU-039,441,118
2024-10-09,SKU-039,262,179
2024-10-16,SKU-039,669,144
2024-10-23,SKU-039,567,102
2024-10-30,SKU-039,420,147
2024-11-06,SKU-039,711,138
2024-11-13,SKU-039,561,150
2024-11-20,SKU-039,406,155
2024-11-27,SKU-039,289,118
2024-12-04,SKU-039,661,131
2024-12-11,SKU-039,495,166
2024-12-18,SKU-039,356,139
2024-12-25,SKU-039,710,172
2025-01-01,SKU-039,523,187
2025-01-08,SKU-039,397,126
2025-01-15,SKU-039,255,142
2025-01-22,SKU-039,69,186
2025-01-29,SKU-039,0,167
2025-02-05,SKU-039,467,121
2025-02-12,SKU-039,333,134
2025-02-19,SKU-039,208,125
2025-02-26,SKU-039,500,151
2025-03-05,SKU-039,343,156
2025-03-12,SKU-039,196,147
2025-03-19,SKU-039,70,126
2025-03-26,SKU-039,345,113
2025-04-02,SKU-039,181,163
2025-04-09,SKU-039,43,138
2025-04-16,SKU-039,0,172
2025-04-23,SKU-039,396,121
2025-04-30,SKU-039,685,185
2025-05-07,SKU-039,518,167
2025-05-14,SKU-039,330,188
2025-05-21,SKU-039,172,158
2025-05-28,SKU-039,705,118
2025-06-04,SKU-039,548,157
2025-06-11,SKU-039,427,121
2025-06-18,SKU-039,310,117
2025-06-25,SKU-039,610,154
2025-07-02,SKU-039,477,133
2025-07-09,SKU-039,317,160
2025-07-16,SKU-039,689,130
2025-07-23,SKU-039,547,142
2025-07-30,SKU-039,388,160
2025-08-06,SKU-039,262,126
2025-08-13,SKU-039,654,146
2025-08-20,SKU-039,492,162
2025-08-27,SKU-039,327,165
2025-09-03,SKU-039,649,128
2025-09-10,SKU-039,482,167
2025-09-17,SKU-039,347,134
2025-09-24,SKU-039,691,155
2025-10-01,SKU-039,542,149
2025-10-08,SKU-039,408,134
2025-10-15,SKU-039,257,151
2025-10-22,SKU-039,795,143
2025-10-29,SKU-039,670,125
2025-11-05,SKU-039,481,189
2025-11-12,SKU-039,335,146
2025-11-19,SKU-039,595,135
2025-11-26,SKU-039,457,137
2025-12-03,SKU-039,350,108
2025-12-10,SKU-039,652,126
2025-12-17,SKU-039,513,139
2025-12-24,SKU-039,352,161
2024-01-03,SKU-040,1057,133
2024-01-10,SKU-040,985,72
2024-01-17,SKU-040,889,96
2024-01-24,SKU-040,764,125
2024-01-31,SKU-040,651,114
2024-02-07,SKU-040,532,118
2024-02-14,SKU-040,399,133
2024-02-21,SKU-040,278,121
2024-03-06,SKU-040,520,109
2024-03-13,SKU-040,404,116
2024-03-20,SKU-040,292,113
2024-03-27,SKU-040,543,110
2024-04-03,SKU-040,417,126
2024-04-10,SKU-040,289,128
2024-04-17,SKU-040,605,135
2024-04-24,SKU-040,475,130
2024-05-01,SKU-040,352,123
2024-05-08,SKU-040,568,137
2024-05-15,SKU-040,453,114
2024-05-22,SKU-040,330,123
2024-05-29,SKU-040,649,91
2024-06-05,SKU-040,524,126
2024-06-12,SKU-040,385,139
2024-06-19,SKU-040,278,107
2024-06-26,SKU-040,677,119
2024-07-03,SKU-040,562,115
2024-07-10,SKU-040,471,91
2024-07-17,SKU-040,363,108
2024-07-24,SKU-040,247,116
2024-07-31,SKU-040,566,96
2024-08-07,SKU-040,450,115
2024-08-14,SKU-040,334,117
2024-08-21,SKU-040,217,116
2024-08-28,SKU-040,461,132
2024-09-04,SKU-040,333,128
2024-09-11,SKU-040,617,122
2024-09-18,SKU-040,491,126
2024-09-25,SKU-040,385,107
2024-10-02,SKU-040,267,118
2024-10-09,SKU-040,177,89
2024-10-16,SKU-040,480,119
2024-10-23,SKU-040,340,140
2024-10-30,SKU-040,218,121
2024-11-06,SKU-040,548,124
2024-11-13,SKU-040,408,140
2024-11-20,SKU-040,271,137
2024-11-27,SKU-040,122,150
2024-12-04,SKU-040,361,104
2024-12-11,SKU-040,650,105
2024-12-18,SKU-040,555,95
2024-12-25,SKU-040,421,134
2025-01-01,SKU-040,320,101
2025-01-08,SKU-040,191,130
2025-01-15,SKU-040,509,126
2025-01-22,SKU-040,380,129
2025-01-29,SKU-040,275,105
2025-02-05,SKU-040,191,84
2025-02-12,SKU-040,479,114
2025-02-19,SKU-040,351,128
2025-02-26,SKU-040,239,112
2025-03-05,SKU-040,535,127
2025-03-12,SKU-040,425,110
2025-03-19,SKU-040,332,93
2025-03-26,SKU-040,192,140
2025-04-02,SKU-040,405,126
2025-04-09,SKU-040,280,125
2025-04-16,SKU-040,664,111
2025-04-23,SKU-040,539,126
2025-04-30,SKU-040,438,101
2025-05-07,SKU-040,301,136
2025-05-14,SKU-040,172,130
2025-05-21,SKU-040,435,88
2025-05-28,SKU-040,333,102
2025-06-04,SKU-040,546,118
2025-06-11,SKU-040,417,129
2025-06-18,SKU-040,276,141
2025-06-25,SKU-040,176,100
2025-07-02,SKU-040,480,125
2025-07-09,SKU-040,374,106
2025-07-16,SKU-040,234,141
2025-07-23,SKU-040,626,104
2025-07-30,SKU-040,501,125
2025-08-06,SKU-040,381,121
2025-08-13,SKU-040,285,96
2025-08-20,SKU-040,165,120
2025-08-27,SKU-040,446,91
2025-09-03,SKU-040,310,136
2025-09-10,SKU-040,646,116
2025-09-17,SKU-040,534,112
2025-09-24,SKU-040,401,133
2025-10-01,SKU-040,303,98
2025-10-08,SKU-040,179,125
2025-10-15,SKU-040,407,147
2025-10-22,SKU-040,291,116
2025-10-29,SKU-040,619,113
2025-11-05,SKU-040,505,113
2025-11-12,SKU-040,384,121
2025-11-19,SKU-040,267,116
2025-11-26,SKU-040,130,138
2025-12-03,SKU-040,480,162
2025-12-10,SKU-040,387,94
2025-12-17,SKU-040,243,143
2025-12-24,SKU-040,556,110
2024-01-03,SKU-041,744,75
2024-01-10,SKU-041,658,86
2024-01-17,SKU-041,592,66
2024-01-24,SKU-041,493,99
2024-01-31,SKU-041,399,95
2024-02-07,SKU-041,347,51
2024-02-14,SKU-041,252,95
2024-02-21,SKU-041,164,88
2024-02-28,SKU-041,403,90
2024-03-06,SKU-041,311,92
2024-03-13,SKU-041,210,101
2024-03-20,SKU-041,472,89
2024-03-27,SKU-041,385,87
2024-04-03,SKU-041,297,88
2024-04-10,SKU-041,205,92
2024-04-17,SKU-041,104,101
2024-04-24,SKU-041,292,99
2024-05-01,SKU-041,183,109
2024-05-08,SKU-041,93,90
2024-05-15,SKU-041,6,86
2024-05-22,SKU-041,0,89
2024-05-29,SKU-041,309,69
2024-06-05,SKU-041,201,108
2024-06-12,SKU-041,119,82
2024-06-19,SKU-041,15,104
2024-06-26,SKU-041,327,86
2024-07-03,SKU-041,223,104
2024-07-10,SKU-041,142,80
2024-07-17,SKU-041,77,65
2024-07-24,SKU-041,0,91
2024-07-31,SKU-041,296,87
2024-08-07,SKU-041,208,88
2024-08-14,SKU-041,128,80
2024-08-21,SKU-041,397,99
2024-08-28,SKU-041,309,88
2024-09-04,SKU-041,210,99
2024-09-11,SKU-041,112,98
2024-09-18,SKU-041,318,105
2024-09-25,SKU-041,242,76
2024-10-02,SKU-041,501,100
2024-10-09,SKU-041,414,86
2024-10-16,SKU-041,320,95
2024-10-23,SKU-041,220,99
2024-10-30,SKU-041,134,87
2024-11-06,SKU-041,423,92
2024-11-13,SKU-041,337,87
2024-11-20,SKU-041,264,72
2024-11-27,SKU-041,168,96
2024-12-04,SKU-041,317,108
2024-12-11,SKU-041,207,110
2024-12-18,SKU-041,376,97
2024-12-25,SKU-041,280,97
2025-01-01,SKU-041,205,75
2025-01-08,SKU-041,452,94
2025-01-15,SKU-041,363,89
2025-01-22,SKU-041,281,82
2025-01-29,SKU-041,197,84
2025-02-05,SKU-041,422,76
2025-02-12,SKU-041,317,105
2025-02-19,SKU-041,233,84
2025-02-26,SKU-041,149,83
2025-03-05,SKU-041,299,94
2025-03-12,SKU-041,206,93
2025-03-19,SKU-041,399,104
2025-03-26,SKU-041,332,67
2025-04-02,SKU-041,237,95
2025-04-09,SKU-041,149,88
2025-04-16,SKU-041,436,113
2025-04-23,SKU-041,343,93
2025-04-30,SKU-041,235,107
2025-05-07,SKU-041,143,93
2025-05-14,SKU-041,41,101
2025-05-21,SKU-041,0,83
2025-05-28,SKU-041,226,96
2025-06-04,SKU-041,148,78
2025-06-11,SKU-041,40,108
2025-06-18,SKU-041,367,96
2025-06-25,SKU-041,278,89
2025-07-02,SKU-041,209,70
2025-07-09,SKU-041,139,69
2025-07-16,SKU-041,49,91
2025-07-23,SKU-041,0,84
2025-07-30,SKU-041,295,84
2025-08-06,SKU-041,201,94
2025-08-13,SKU-041,455,87
2025-08-20,SKU-041,367,88
2025-08-27,SKU-041,284,83
2025-09-03,SKU-041,199,85
2025-09-10,SKU-041,142,57
2025-09-17,SKU-041,478,80
2025-09-24,SKU-041,397,81
2025-10-01,SKU-041,316,81
2025-10-08,SKU-041,240,76
2025-10-15,SKU-041,138,102
2025-10-22,SKU-041,356,105
2025-10-29,SKU-041,281,75
2025-11-05,SKU-041,209,72
2025-11-12,SKU-041,124,86
2025-11-19,SKU-041,393,92
2025-11-26,SKU-041,319,73
2025-12-03,SKU-041,221,99
2025-12-10,SKU-041,426,76
2025-12-17,SKU-041,329,96
2025-12-24,SKU-041,218,111
2024-01-03,SKU-042,739,133
2024-01-10,SKU-042,649,90
2024-01-17,SKU-042,541,108
2024-01-24,SKU-042,442,100
2024-01-31,SKU-042,326,116
2024-02-07,SKU-042,217,108
2024-02-14,SKU-042,108,110
2024-02-21,SKU-042,447,101
2024-02-28,SKU-042,336,112
2024-03-06,SKU-042,197,139
2024-03-13,SKU-042,470,93
2024-03-20,SKU-042,350,119
2024-03-27,SKU-042,255,96
2024-04-03,SKU-042,632,95
2024-04-10,SKU-042,500,132
2024-04-17,SKU-042,373,128
2024-04-24,SKU-042,246,127
2024-05-01,SKU-042,497,141
2024-05-08,SKU-042,374,123
2024-05-15,SKU-042,258,116
2024-05-22,SKU-042,168,90
2024-05-29,SKU-042,425,122
2024-06-05,SKU-042,314,111
2024-06-12,SKU-042,206,108
2024-06-19,SKU-042,377,113
2024-06-26,SKU-042,269,108
2024-07-03,SKU-042,588,123
2024-07-10,SKU-042,475,113
2024-07-17,SKU-042,357,119
2024-07-24,SKU-042,237,119
2024-07-31,SKU-042,536,88
2024-08-07,SKU-042,440,97
2024-08-14,SKU-042,302,138
2024-08-21,SKU-042,186,116
2024-08-28,SKU-042,501,76
2024-09-04,SKU-042,399,102
2024-09-11,SKU-042,295,104
2024-09-18,SKU-042,178,117
2024-09-25,SKU-042,442,98
2024-10-02,SKU-042,310,132
2024-10-09,SKU-042,218,93
2024-10-16,SKU-042,129,88
2024-10-23,SKU-042,519,122
2024-10-30,SKU-042,382,137
2024-11-06,SKU-042,262,120
2024-11-13,SKU-042,158,103
2024-11-20,SKU-042,496,100
2024-11-27,SKU-042,369,127
2024-12-04,SKU-042,265,104
2024-12-11,SKU-042,172,93
2024-12-18,SKU-042,441,121
2024-12-25,SKU-042,346,95
2025-01-01,SKU-042,224,122
2025-01-08,SKU-042,525,109
2025-01-15,SKU-042,426,98
2025-01-22,SKU-042,301,125
2025-01-29,SKU-042,159,142
2025-02-05,SKU-042,420,102
2025-02-12,SKU-042,308,112
2025-02-19,SKU-042,615,107
2025-02-26,SKU-042,519,96
2025-03-05,SKU-042,397,122
2025-03-12,SKU-042,303,94
2025-03-19,SKU-042,170,133
2025-03-26,SKU-042,462,85
2025-04-02,SKU-042,343,120
2025-04-09,SKU-042,203,140
2025-04-16,SKU-042,92,111
2025-04-23,SKU-042,346,119
2025-04-30,SKU-042,232,115
2025-05-07,SKU-042,141,91
2025-05-14,SKU-042,415,96
2025-05-21,SKU-042,308,107
2025-05-28,SKU-042,471,106
2025-06-04,SKU-042,377,94
2025-06-11,SKU-042,285,93
2025-06-18,SKU-042,550,111
2025-06-25,SKU-042,425,125
2025-07-02,SKU-042,311,114
2025-07-09,SKU-042,198,113
2025-07-16,SKU-042,424,92
2025-07-23,SKU-042,339,85
2025-07-30,SKU-042,544,97
2025-08-06,SKU-042,438,106
2025-08-13,SKU-042,326,112
2025-08-20,SKU-042,224,103
2025-08-27,SKU-042,120,103
2025-09-03,SKU-042,397,97
2025-09-10,SKU-042,289,108
2025-09-17,SKU-042,184,105
2025-09-24,SKU-042,323,102
2025-10-01,SKU-042,219,104
2025-10-08,SKU-042,449,94
2025-10-15,SKU-042,360,89
2025-10-22,SKU-042,241,119
2025-10-29,SKU-042,120,122
2025-11-05,SKU-042,446,115
2025-11-12,SKU-042,352,95
2025-11-19,SKU-042,252,99
2025-11-26,SKU-042,508,89
2025-12-03,SKU-042,398,110
2025-12-10,SKU-042,292,106
2025-12-17,SKU-042,210,82
2025-12-24,SKU-042,420,114
2024-01-03,SKU-043,1053,127
2024-01-10,SKU-043,937,116
2024-01-17,SKU-043,783,154
2024-01-24,SKU-043,634,149
2024-01-31,SKU-043,513,121
2024-02-07,SKU-043,384,130
2024-02-14,SKU-043,301,82
2024-02-21,SKU-043,609,131
2024-02-28,SKU-043,477,131
2024-03-06,SKU-043,361,117
2024-03-13,SKU-043,264,97
2024-03-20,SKU-043,166,98
2024-03-27,SKU-043,425,121
2024-04-03,SKU-043,319,106
2024-04-10,SKU-043,205,114
2024-04-17,SKU-043,444,97
2024-04-24,SKU-043,308,136
2024-05-01,SKU-043,193,115
2024-05-08,SKU-043,86,107
2024-05-15,SKU-043,366,158
2024-05-22,SKU-043,268,97
2024-05-29,SKU-043,152,116
2024-06-05,SKU-043,32,119
2024-06-12,SKU-043,0,99
2024-06-19,SKU-043,229,127
2024-06-26,SKU-043,138,92
2024-07-03,SKU-043,514,123
2024-07-10,SKU-043,387,127
2024-07-17,SKU-043,267,120
2024-07-24,SKU-043,646,109
2024-07-31,SKU-043,512,134
2024-08-07,SKU-043,405,106
2024-08-14,SKU-043,289,117
2024-08-21,SKU-043,144,145
2024-08-28,SKU-043,412,122
2024-09-04,SKU-043,283,129
2024-09-11,SKU-043,113,170
2024-09-18,SKU-043,369,122
2024-10-02,SKU-043,414,118
2024-10-09,SKU-043,286,128
2024-10-16,SKU-043,560,136
2024-10-23,SKU-043,437,123
2024-10-30,SKU-043,310,127
2024-11-06,SKU-043,192,118
2024-11-13,SKU-043,492,91
2024-11-20,SKU-043,386,106
2024-11-27,SKU-043,261,125
2024-12-04,SKU-043,595,116
2024-12-11,SKU-043,494,101
2024-12-18,SKU-043,355,139
2024-12-25,SKU-043,214,141
2025-01-01,SKU-043,132,82
2025-01-08,SKU-043,377,134
2025-01-15,SKU-043,257,120
2025-01-22,SKU-043,154,103
2025-01-29,SKU-043,538,97
2025-02-05,SKU-043,447,92
2025-02-12,SKU-043,308,139
2025-02-19,SKU-043,681,91
2025-02-26,SKU-043,533,148
2025-03-05,SKU-043,406,127
2025-03-12,SKU-043,297,109
2025-03-19,SKU-043,618,129
2025-03-26,SKU-043,500,118
2025-04-02,SKU-043,372,127
2025-04-09,SKU-043,253,119
2025-04-16,SKU-043,525,130
2025-04-23,SKU-043,411,115
2025-04-30,SKU-043,292,119
2025-05-07,SKU-043,189,103
2025-05-14,SKU-043,65,124
2025-05-21,SKU-043,0,115
2025-05-28,SKU-043,339,112
2025-06-04,SKU-043,187,153
2025-06-11,SKU-043,592,105
2025-06-18,SKU-043,472,120
2025-06-25,SKU-043,335,137
2025-07-02,SKU-043,210,124
2025-07-09,SKU-043,58,152
2025-07-16,SKU-043,0,103
2025-07-23,SKU-043,0,99
2025-07-30,SKU-043,720,126
2025-08-06,SKU-043,566,154
2025-08-13,SKU-043,426,140
2025-08-20,SKU-043,306,120
2025-08-27,SKU-043,612,139
2025-09-03,SKU-043,486,127
2025-09-10,SKU-043,354,132
2025-09-17,SKU-043,245,109
2025-09-24,SKU-043,155,90
2025-10-01,SKU-043,480,133
2025-10-08,SKU-043,373,107
2025-10-15,SKU-043,251,122
2025-10-22,SKU-043,577,144
2025-10-29,SKU-043,475,102
2025-11-05,SKU-043,361,114
2025-11-12,SKU-043,232,129
2025-11-19,SKU-043,519,138
2025-11-26,SKU-043,393,126
2025-12-03,SKU-043,274,119
2025-12-10,SKU-043,178,95
2025-12-17,SKU-043,451,96
2025-12-24,SKU-043,341,110
2024-01-03,SKU-044,907,115
2024-01-10,SKU-044,782,125
2024-01-17,SKU-044,620,162
2024-01-24,SKU-044,503,117
2024-01-31,SKU-044,370,133
2024-02-07,SKU-044,223,147
2024-02-14,SKU-044,645,112
2024-02-21,SKU-044,494,152
2024-02-28,SKU-044,335,159
2024-03-06,SKU-044,209,125
2024-03-13,SKU-044,465,185
2024-03-20,SKU-044,342,122
2024-03-27,SKU-044,222,120
2024-04-03,SKU-044,681,124
2024-04-10,SKU-044,568,114
2024-04-17,SKU-044,388,179
2024-04-24,SKU-044,260,129
2024-05-01,SKU-044,513,119
2024-05-08,SKU-044,392,121
2024-05-15,SKU-044,605,196
2024-05-22,SKU-044,473,132
2024-05-29,SKU-044,321,152
2024-06-05,SKU-044,684,153
2024-06-12,SKU-044,582,102
2024-06-19,SKU-044,424,158
2024-06-26,SKU-044,638,164
2024-07-03,SKU-044,506,131
2024-07-10,SKU-044,360,146
2024-07-17,SKU-044,677,136
2024-07-24,SKU-044,544,132
2024-07-31,SKU-044,355,190
2024-08-07,SKU-044,730,148
2024-08-14,SKU-044,574,156
2024-08-21,SKU-044,423,151
2024-08-28,SKU-044,282,141
2024-09-04,SKU-044,536,155
2024-09-11,SKU-044,400,136
2024-09-18,SKU-044,263,138
2024-09-25,SKU-044,671,156
2024-10-02,SKU-044,566,104
2024-10-09,SKU-044,431,136
2024-10-16,SKU-044,653,133
2024-10-23,SKU-044,480,173
2024-11-06,SKU-044,750,173
2024-11-13,SKU-044,631,120
2024-11-20,SKU-044,488,143
2024-11-27,SKU-044,363,125
2024-12-04,SKU-044,819,136
2024-12-11,SKU-044,680,140
2024-12-18,SKU-044,521,159
2024-12-25,SKU-044,402,119
2025-01-01,SKU-044,687,182
2025-01-08,SKU-044,536,150
2025-01-15,SKU-044,356,180
2025-01-22,SKU-044,617,155
2025-01-29,SKU-044,487,130
2025-02-05,SKU-044,329,158
2025-02-12,SKU-044,196,133
2025-02-19,SKU-044,518,112
2025-02-26,SKU-044,368,150
2025-03-05,SKU-044,771,149
2025-03-12,SKU-044,644,127
2025-03-19,SKU-044,497,147
2025-03-26,SKU-044,383,114
2025-04-02,SKU-044,838,170
2025-04-09,SKU-044,645,193
2025-04-16,SKU-044,496,149
2025-04-23,SKU-044,350,146
2025-04-30,SKU-044,669,145
2025-05-07,SKU-044,501,168
2025-05-14,SKU-044,340,161
2025-05-21,SKU-044,694,105
2025-05-28,SKU-044,563,132
2025-06-04,SKU-044,439,124
2025-06-11,SKU-044,761,148
2025-06-18,SKU-044,620,141
2025-06-25,SKU-044,460,160
2025-07-02,SKU-044,349,111
2025-07-09,SKU-044,213,136
2025-07-16,SKU-044,669,142
2025-07-23,SKU-044,483,186
2025-07-30,SKU-044,344,139
2025-08-06,SKU-044,177,167
2025-08-13,SKU-044,504,159
2025-08-20,SKU-044,377,127
2025-08-27,SKU-044,878,118
2025-09-03,SKU-044,755,123
2025-09-10,SKU-044,601,155
2025-09-17,SKU-044,446,155
2025-09-24,SKU-044,317,129
2025-10-01,SKU-044,151,166
2025-10-08,SKU-044,516,148
2025-10-15,SKU-044,368,149
2025-10-22,SKU-044,237,130
2025-10-29,SKU-044,523,101
2025-11-05,SKU-044,367,156
2025-11-12,SKU-044,246,121
2025-11-19,SKU-044,559,150
2025-11-26,SKU-044,414,145
2025-12-03,SKU-044,795,177
2025-12-17,SKU-044,536,117
2025-12-24,SKU-044,408,128
2024-01-03,SKU-045,844,129
2024-01-10,SKU-045,697,147
2024-01-17,SKU-045,534,163
2024-01-24,SKU-045,410,124
2024-01-31,SKU-045,803,136
2024-02-07,SKU-045,714,89
2024-02-14,SKU-045,577,137
2024-02-21,SKU-045,427,149
2024-02-28,SKU-045,311,117
2024-03-06,SKU-045,167,143
2024-03-13,SKU-045,635,154
2024-03-20,SKU-045,478,157
2024-03-27,SKU-045,327,151
2024-04-03,SKU-045,169,158
2024-04-10,SKU-045,466,133
2024-04-17,SKU-045,350,116
2024-04-24,SKU-045,653,164
2024-05-01,SKU-045,462,191
2024-05-08,SKU-045,348,114
2024-05-15,SKU-045,719,108
2024-05-22,SKU-045,587,132
2024-05-29,SKU-045,463,125
2024-06-05,SKU-045,308,155
2024-06-12,SKU-045,172,135
2024-06-19,SKU-045,446,144
2024-06-26,SKU-045,284,162
2024-07-03,SKU-045,643,128
2024-07-10,SKU-045,467,176
2024-07-17,SKU-045,332,135
2024-07-24,SKU-045,662,123
2024-07-31,SKU-045,507,154
2024-08-14,SKU-045,740,126
2024-08-21,SKU-045,604,136
2024-08-28,SKU-045,499,105
2024-09-04,SKU-045,355,144
2024-09-11,SKU-045,249,106
2024-09-18,SKU-045,612,131
2024-09-25,SKU-045,449,162
2024-10-02,SKU-045,302,147
2024-10-09,SKU-045,198,104
2024-10-16,SKU-045,643,131
2024-10-23,SKU-045,518,125
2024-10-30,SKU-045,370,148
2024-11-06,SKU-045,707,99
2024-11-13,SKU-045,561,146
2024-11-20,SKU-045,385,176
2024-11-27,SKU-045,252,133
2024-12-04,SKU-045,85,167
2024-12-11,SKU-045,564,152
2024-12-18,SKU-045,451,113
2024-12-25,SKU-045,308,143
2025-01-01,SKU-045,752,140
2025-01-08,SKU-045,648,104
2025-01-15,SKU-045,483,165
2025-01-22,SKU-045,331,152
2025-01-29,SKU-045,668,137
2025-02-05,SKU-045,476,192
2025-02-12,SKU-045,315,161
2025-02-19,SKU-045,177,139
2025-02-26,SKU-045,597,148
2025-03-05,SKU-045,466,131
2025-03-12,SKU-045,343,123
2025-03-19,SKU-045,641,155
2025-03-26,SKU-045,504,137
2025-04-02,SKU-045,410,95
2025-04-09,SKU-045,300,110
2025-04-16,SKU-045,591,139
2025-04-23,SKU-045,474,118
2025-04-30,SKU-045,303,171
2025-05-07,SKU-045,766,132
2025-05-14,SKU-045,627,138
2025-05-21,SKU-045,498,129
2025-05-28,SKU-045,360,138
2025-06-04,SKU-045,232,128
2025-06-11,SKU-045,555,129
2025-06-18,SKU-045,418,137
2025-06-25,SKU-045,638,165
2025-07-02,SKU-045,489,149
2025-07-09,SKU-045,370,119
2025-07-16,SKU-045,190,180
2025-07-23,SKU-045,577,131
2025-07-30,SKU-045,421,156
2025-08-06,SKU-045,276,145
2025-08-13,SKU-045,148,128
2025-08-20,SKU-045,598,182
2025-08-27,SKU-045,460,138
2025-09-03,SKU-045,331,130
2025-09-10,SKU-045,221,109
2025-09-17,SKU-045,422,180
2025-09-24,SKU-045,271,151
2025-10-01,SKU-045,614,136
2025-10-08,SKU-045,518,96
2025-10-15,SKU-045,358,159
2025-10-22,SKU-045,223,136
2025-10-29,SKU-045,478,143
2025-11-05,SKU-045,333,145
2025-11-12,SKU-045,195,138
2025-11-19,SKU-045,476,148
2025-11-26,SKU-045,352,124
2025-12-03,SKU-045,684,157
2025-12-10,SKU-045,547,137
2025-12-17,SKU-045,416,131
2025-12-24,SKU-045,287,129
2024-01-03,SKU-046,960,144
2024-01-10,SKU-046,836,124
2024-01-17,SKU-046,700,136
2024-01-24,SKU-046,578,121
2024-01-31,SKU-046,453,126
2024-02-07,SKU-046,338,115
2024-02-14,SKU-046,188,150
2024-02-21,SKU-046,64,123
2024-02-28,SKU-046,302,162
2024-03-06,SKU-046,184,118
2024-03-13,SKU-046,60,124
2024-03-20,SKU-046,432,127
2024-03-27,SKU-046,322,110
2024-04-03,SKU-046,191,131
2024-04-10,SKU-046,22,168
2024-04-17,SKU-046,465,123
2024-04-24,SKU-046,300,165
2024-05-01,SKU-046,690,152
2024-05-08,SKU-046,522,167
2024-05-15,SKU-046,364,158
2024-05-22,SKU-046,244,120
2024-05-29,SKU-046,645,123
2024-06-05,SKU-046,502,143
2024-06-12,SKU-046,382,121
2024-06-19,SKU-046,216,165
2024-06-26,SKU-046,521,140
2024-07-03,SKU-046,372,149
2024-07-10,SKU-046,228,144
2024-07-17,SKU-046,608,124
2024-07-24,SKU-046,489,119
2024-07-31,SKU-046,382,107
2024-08-07,SKU-046,607,136
2024-08-14,SKU-046,462,145
2024-08-21,SKU-046,338,124
2024-08-28,SKU-046,664,145
2024-09-04,SKU-046,515,149
2024-09-11,SKU-046,377,137
2024-09-18,SKU-046,261,117
2024-09-25,SKU-046,690,172
2024-10-02,SKU-046,517,173
2024-10-09,SKU-046,401,116
2024-10-16,SKU-046,274,128
2024-10-23,SKU-046,573,134
2024-10-30,SKU-046,459,114
2024-11-06,SKU-046,316,143
2024-11-13,SKU-046,718,152
2024-11-20,SKU-046,632,86
2024-11-27,SKU-046,517,115
2024-12-04,SKU-046,386,131
2024-12-11,SKU-046,223,163
2024-12-18,SKU-046,630,154
2024-12-25,SKU-046,507,124
2025-01-01,SKU-046,351,155
2025-01-08,SKU-046,547,124
2025-01-15,SKU-046,433,114
2025-01-22,SKU-046,282,151
2025-01-29,SKU-046,138,144
2025-02-05,SKU-046,0,151
2025-02-12,SKU-046,156,151
2025-02-19,SKU-046,11,146
2025-02-26,SKU-046,332,172
2025-03-05,SKU-046,205,127
2025-03-12,SKU-046,43,162
2025-03-19,SKU-046,0,130
2025-03-26,SKU-046,418,158
2025-04-02,SKU-046,246,172
2025-04-09,SKU-046,95,151
2025-04-16,SKU-046,330,154
2025-04-23,SKU-046,201,129
2025-04-30,SKU-046,604,143
2025-05-07,SKU-046,449,154
2025-05-14,SKU-046,336,114
2025-05-21,SKU-046,531,161
2025-05-28,SKU-046,397,134
2025-06-04,SKU-046,274,123
2025-06-11,SKU-046,635,136
2025-06-18,SKU-046,500,135
2025-06-25,SKU-046,342,157
2025-07-02,SKU-046,208,134
2025-07-09,SKU-046,687,110
2025-07-16,SKU-046,538,149
2025-07-23,SKU-046,381,157
2025-07-30,SKU-046,210,171
2025-08-06,SKU-046,571,109
2025-08-13,SKU-046,445,126
2025-08-20,SKU-046,342,103
2025-08-27,SKU-046,619,120
2025-09-03,SKU-046,472,147
2025-09-10,SKU-046,350,123
2025-09-17,SKU-046,695,115
2025-09-24,SKU-046,535,160
2025-10-01,SKU-046,367,168
2025-10-08,SKU-046,233,134
2025-10-15,SKU-046,626,168
2025-10-22,SKU-046,488,138
2025-10-29,SKU-046,365,123
2025-11-05,SKU-046,714,124
2025-11-12,SKU-046,559,155
2025-11-19,SKU-046,458,101
2025-11-26,SKU-046,294,164
2025-12-03,SKU-046,572,132
2025-12-10,SKU-046,426,146
2025-12-17,SKU-046,321,104
2025-12-24,SKU-046,600,140
2024-01-03,SKU-047,772,78
2024-01-10,SKU-047,702,70
2024-01-17,SKU-047,606,96
2024-01-24,SKU-047,514,92
2024-01-31,SKU-047,412,102
2024-02-07,SKU-047,-324,88
2024-02-14,SKU-047,219,105
2024-02-21,SKU-047,405,89
2024-02-28,SKU-047,318,87
2024-03-06,SKU-047,250,68
2024-03-13,SKU-047,461,92
2024-03-20,SKU-047,371,90
2024-03-27,SKU-047,298,73
2024-04-03,SKU-047,237,61
2024-04-10,SKU-047,159,78
2024-04-17,SKU-047,432,68
2024-04-24,SKU-047,335,97
2024-05-01,SKU-047,252,84
2024-05-08,SKU-047,161,91
2024-05-15,SKU-047,273,99
2024-05-22,SKU-047,187,86
2024-05-29,SKU-047,98,89
2024-06-05,SKU-047,274,96
2024-06-12,SKU-047,198,76
2024-06-19,SKU-047,416,65
2024-06-26,SKU-047,326,90
2024-07-03,SKU-047,258,68
2024-07-10,SKU-047,188,70
2024-07-17,SKU-047,348,83
2024-07-24,SKU-047,244,104
2024-07-31,SKU-047,144,100
2024-08-07,SKU-047,412,76
2024-08-14,SKU-047,343,69
2024-08-21,SKU-047,259,84
2024-08-28,SKU-047,206,53
2024-09-04,SKU-047,385,99
2024-09-11,SKU-047,303,83
2024-09-18,SKU-047,201,102
2024-09-25,SKU-047,140,60
2024-10-02,SKU-047,331,114
2024-10-09,SKU-047,233,97
2024-10-16,SKU-047,150,84
2024-10-23,SKU-047,319,89
2024-10-30,SKU-047,226,93
2024-11-06,SKU-047,410,88
2024-11-13,SKU-047,329,80
2024-11-20,SKU-047,250,79
2024-11-27,SKU-047,170,80
2024-12-04,SKU-047,391,72
2024-12-11,SKU-047,299,92
2024-12-18,SKU-047,216,83
2024-12-25,SKU-047,135,81
2025-01-01,SKU-047,349,81
2025-01-08,SKU-047,289,61
2025-01-15,SKU-047,204,84
2025-01-22,SKU-047,138,66
2025-01-29,SKU-047,347,83
2025-02-05,SKU-047,263,84
2025-02-12,SKU-047,172,91
2025-02-19,SKU-047,74,98
2025-02-26,SKU-047,339,94
2025-03-05,SKU-047,240,99
2025-03-12,SKU-047,157,83
2025-03-19,SKU-047,351,80
2025-03-26,SKU-047,269,82
2025-04-02,SKU-047,173,96
2025-04-09,SKU-047,395,120
2025-04-16,SKU-047,313,82
2025-04-23,SKU-047,235,77
2025-04-30,SKU-047,152,83
2025-05-07,SKU-047,342,87
2025-05-14,SKU-047,256,86
2025-05-21,SKU-047,174,82
2025-05-28,SKU-047,94,80
2025-06-04,SKU-047,273,102
2025-06-11,SKU-047,189,84
2025-06-18,SKU-047,440,82
2025-06-25,SKU-047,356,84
2025-07-02,SKU-047,262,94
2025-07-09,SKU-047,212,50
2025-07-16,SKU-047,436,79
2025-07-23,SKU-047,358,78
2025-07-30,SKU-047,274,84
2025-08-06,SKU-047,171,102
2025-08-13,SKU-047,387,95
2025-08-20,SKU-047,286,101
2025-08-27,SKU-047,210,76
2025-09-03,SKU-047,116,94
2025-09-10,SKU-047,349,109
2025-09-17,SKU-047,259,90
2025-09-24,SKU-047,178,81
2025-10-01,SKU-047,410,81
2025-10-08,SKU-047,335,76
2025-10-15,SKU-047,260,75
2025-10-22,SKU-047,449,94
2025-10-29,SKU-047,349,100
2025-11-05,SKU-047,287,62
2025-11-12,SKU-047,208,79
2025-11-19,SKU-047,461,79
2025-11-26,SKU-047,375,85
2025-12-03,SKU-047,318,57
2025-12-10,SKU-047,236,82
2025-12-17,SKU-047,397,79
2025-12-24,SKU-047,314,83
2024-01-03,SKU-048,576,75
2024-01-10,SKU-048,495,81
2024-01-17,SKU-048,397,99
2024-01-24,SKU-048,298,99
2024-01-31,SKU-048,191,107
2024-02-07,SKU-048,87,104
2024-02-14,SKU-048,0,106
2024-02-21,SKU-048,0,102
2024-02-28,SKU-048,198,87
2024-03-06,SKU-048,101,98
2024-03-13,SKU-048,7,94
2024-03-20,SKU-048,174,104
2024-03-27,SKU-048,90,83
2024-04-03,SKU-048,0,95
2024-04-10,SKU-048,302,99
2024-04-17,SKU-048,237,65
2024-04-24,SKU-048,471,111
2024-05-01,SKU-048,397,74
2024-05-08,SKU-048,299,98
2024-05-15,SKU-048,178,121
2024-05-22,SKU-048,378,90
2024-05-29,SKU-048,271,107
2024-06-05,SKU-048,186,85
2024-06-12,SKU-048,455,81
2024-06-19,SKU-048,372,83
2024-06-26,SKU-048,295,78
2024-07-03,SKU-048,208,86
2024-07-10,SKU-048,429,105
2024-07-17,SKU-048,293,136
2024-07-24,SKU-048,218,75
2024-07-31,SKU-048,120,97
2024-08-07,SKU-048,497,86
2024-08-14,SKU-048,412,86
2024-08-21,SKU-048,337,75
2024-08-28,SKU-048,241,95
2024-09-04,SKU-048,459,97
2024-09-11,SKU-048,370,89
2024-09-18,SKU-048,276,94
2024-09-25,SKU-048,183,93
2024-10-02,SKU-048,390,91
2024-10-09,SKU-048,303,87
2024-10-16,SKU-048,199,104
2024-10-23,SKU-048,423,82
2024-10-30,SKU-048,335,88
2024-11-06,SKU-048,250,85
2024-11-13,SKU-048,438,83
2024-11-20,SKU-048,350,89
2024-11-27,SKU-048,242,107
2024-12-04,SKU-048,141,101
2024-12-11,SKU-048,428,101
2024-12-18,SKU-048,340,87
2024-12-25,SKU-048,267,74
2025-01-01,SKU-048,192,75
2025-01-08,SKU-048,513,92
2025-01-15,SKU-048,425,88
2025-01-22,SKU-048,355,70
2025-01-29,SKU-048,265,90
2025-02-05,SKU-048,167,98
2025-02-12,SKU-048,74,93
2025-02-19,SKU-048,282,78
2025-02-26,SKU-048,194,88
2025-03-05,SKU-048,118,76
2025-03-12,SKU-048,19,98
2025-03-19,SKU-048,200,127
2025-03-26,SKU-048,81,120
2025-04-02,SKU-048,0,83
2025-04-09,SKU-048,0,99
2025-04-16,SKU-048,335,72
2025-04-23,SKU-048,504,91
2025-04-30,SKU-048,409,95
2025-05-07,SKU-048,298,111
2025-05-14,SKU-048,222,77
2025-05-21,SKU-048,377,87
2025-05-28,SKU-048,283,94
2025-06-04,SKU-048,207,76
2025-06-11,SKU-048,463,98
2025-06-18,SKU-048,377,86
2025-06-25,SKU-048,317,60
2025-07-02,SKU-048,233,84
2025-07-09,SKU-048,461,82
2025-07-16,SKU-048,365,96
2025-07-23,SKU-048,273,92
2025-07-30,SKU-048,189,84
2025-08-06,SKU-048,491,87
2025-08-13,SKU-048,392,99
2025-08-20,SKU-048,273,119
2025-08-27,SKU-048,165,108
2025-09-03,SKU-048,401,110
2025-09-10,SKU-048,307,94
2025-09-17,SKU-048,234,74
2025-09-24,SKU-048,472,114
2025-10-01,SKU-048,368,104
2025-10-08,SKU-048,257,111
2025-10-15,SKU-048,181,76
2025-10-22,SKU-048,484,82
2025-10-29,SKU-048,387,97
2025-11-05,SKU-048,308,80
2025-11-12,SKU-048,209,99
2025-11-19,SKU-048,458,71
2025-11-26,SKU-048,345,112
2025-12-03,SKU-048,244,102
2025-12-10,SKU-048,160,84
2025-12-17,SKU-048,63,97
2025-12-24,SKU-048,261,111
2024-01-03,SKU-049,1045,145
2024-01-10,SKU-049,904,141
2024-01-17,SKU-049,764,140
2024-01-24,SKU-049,637,127
2024-01-31,SKU-049,511,127
2024-02-07,SKU-049,389,121
2024-02-14,SKU-049,257,132
2024-02-21,SKU-049,182,75
2024-02-28,SKU-049,406,129
2024-03-06,SKU-049,269,137
2024-03-13,SKU-049,158,112
2024-03-20,SKU-049,454,108
2024-03-27,SKU-049,354,101
2024-04-03,SKU-049,242,111
2024-04-10,SKU-049,133,110
2024-04-17,SKU-049,4,129
2024-04-24,SKU-049,0,97
2024-05-01,SKU-049,377,119
2024-05-08,SKU-049,514,134
2024-05-15,SKU-049,387,127
2024-05-22,SKU-049,272,115
2024-05-29,SKU-049,524,108
2024-06-05,SKU-049,399,125
2024-06-12,SKU-049,260,139
2024-06-19,SKU-049,598,114
2024-06-26,SKU-049,474,124
2024-07-03,SKU-049,335,139
2024-07-10,SKU-049,216,120
2024-07-17,SKU-049,555,154
2024-07-24,SKU-049,441,114
2024-07-31,SKU-049,339,102
2024-08-07,SKU-049,246,93
2024-08-14,SKU-049,594,102
2024-08-21,SKU-049,473,121
2024-08-28,SKU-049,328,145
2024-09-04,SKU-049,181,147
2024-09-11,SKU-049,504,132
2024-09-18,SKU-049,372,132
2024-09-25,SKU-049,264,108
2024-10-02,SKU-049,608,118
2024-10-09,SKU-049,467,141
2024-10-16,SKU-049,331,135
2024-10-23,SKU-049,219,112
2024-10-30,SKU-049,470,157
2024-11-06,SKU-049,367,104
2024-11-13,SKU-049,249,118
2024-11-20,SKU-049,508,143
2024-11-27,SKU-049,377,131
2024-12-04,SKU-049,244,134
2024-12-11,SKU-049,471,97
2024-12-18,SKU-049,343,128
2024-12-25,SKU-049,218,125
2025-01-01,SKU-049,564,128
2025-01-08,SKU-049,479,86
2025-01-15,SKU-049,366,112
2025-01-22,SKU-049,264,102
2025-01-29,SKU-049,150,114
2025-02-05,SKU-049,510,120
2025-02-12,SKU-049,366,144
2025-02-26,SKU-049,106,111
2025-03-05,SKU-049,5,101
2025-03-12,SKU-049,231,97
2025-03-19,SKU-049,138,93
2025-03-26,SKU-049,395,119
2025-04-02,SKU-049,256,139
2025-04-09,SKU-049,121,135
2025-04-16,SKU-049,27,94
2025-04-23,SKU-049,252,139
2025-04-30,SKU-049,487,150
2025-05-07,SKU-049,386,101
2025-05-14,SKU-049,247,139
2025-05-21,SKU-049,576,121
2025-05-28,SKU-049,475,101
2025-06-04,SKU-049,362,113
2025-06-11,SKU-049,267,95
2025-06-18,SKU-049,621,132
2025-06-25,SKU-049,501,120
2025-07-02,SKU-049,376,125
2025-07-09,SKU-049,301,75
2025-07-16,SKU-049,612,116
2025-07-23,SKU-049,489,123
2025-07-30,SKU-049,371,118
2025-08-06,SKU-049,266,106
2025-08-13,SKU-049,469,115
2025-08-20,SKU-049,354,115
2025-08-27,SKU-049,244,110
2025-09-03,SKU-049,605,117
2025-09-10,SKU-049,456,149
2025-09-17,SKU-049,310,146
2025-09-24,SKU-049,197,112
2025-10-01,SKU-049,623,105
2025-10-08,SKU-049,503,121
2025-10-15,SKU-049,380,122
2025-10-22,SKU-049,280,100
2025-10-29,SKU-049,541,101
2025-11-05,SKU-049,420,121
2025-11-12,SKU-049,305,115
2025-11-19,SKU-049,601,138
2025-11-26,SKU-049,453,148
2025-12-03,SKU-049,350,103
2025-12-10,SKU-049,262,88
2025-12-17,SKU-049,443,88
2025-12-24,SKU-049,307,136
2024-01-03,SKU-050,795,105
2024-01-10,SKU-050,678,117
2024-01-17,SKU-050,615,63
2024-01-24,SKU-050,510,105
2024-01-31,SKU-050,423,87
2024-02-07,SKU-050,301,122
2024-02-14,SKU-050,223,78
2024-02-21,SKU-050,530,125
2024-02-28,SKU-050,420,110
2024-03-06,SKU-050,333,87
2024-03-13,SKU-050,243,90
2024-03-20,SKU-050,146,97
2024-03-27,SKU-050,441,117
2024-04-03,SKU-050,334,107
2024-04-10,SKU-050,250,84
2024-04-17,SKU-050,148,102
2024-04-24,SKU-050,347,100
2024-05-01,SKU-050,223,124
2024-05-08,SKU-050,496,88
2024-05-15,SKU-050,353,143
2024-05-22,SKU-050,252,101
2024-05-29,SKU-050,166,86
2024-06-05,SKU-050,398,83
2024-06-12,SKU-050,295,103
2024-06-19,SKU-050,184,110
2024-06-26,SKU-050,420,132
2024-07-03,SKU-050,340,80
2024-07-10,SKU-050,246,93
2024-07-17,SKU-050,130,116
2024-07-24,SKU-050,348,115
2024-07-31,SKU-050,235,113
2024-08-07,SKU-050,534,104
2024-08-14,SKU-050,446,89
2024-08-21,SKU-050,346,100
2024-08-28,SKU-050,247,99
2024-09-04,SKU-050,495,91
2024-09-11,SKU-050,412,83
2024-09-18,SKU-050,317,95
2024-09-25,SKU-050,221,96
2024-10-02,SKU-050,548,105
2024-10-09,SKU-050,468,80
2024-10-16,SKU-050,367,100
2024-10-23,SKU-050,243,124
2024-10-30,SKU-050,458,65
2024-11-06,SKU-050,363,95
2024-11-13,SKU-050,278,85
2024-11-20,SKU-050,592,90
2024-11-27,SKU-050,460,132
2024-12-04,SKU-050,385,75
2024-12-11,SKU-050,257,129
2024-12-18,SKU-050,540,100
2024-12-25,SKU-050,424,116
2025-01-01,SKU-050,298,126
2025-01-08,SKU-050,207,92
2025-01-15,SKU-050,558,104
2025-01-22,SKU-050,443,115
2025-01-29,SKU-050,314,129
2025-02-05,SKU-050,232,82
2025-02-12,SKU-050,120,113
2025-02-19,SKU-050,363,117
2025-02-26,SKU-050,275,87
2025-03-05,SKU-050,480,86
2025-03-12,SKU-050,367,113
2025-03-19,SKU-050,262,105
2025-03-26,SKU-050,162,100
2025-04-02,SKU-050,464,83
2025-04-09,SKU-050,386,78
2025-04-16,SKU-050,315,71
2025-04-23,SKU-050,193,122
2025-04-30,SKU-050,410,99
2025-05-07,SKU-050,329,80
2025-05-14,SKU-050,225,104
2025-05-21,SKU-050,549,104
2025-05-28,SKU-050,464,85
2025-06-04,SKU-050,361,103
2025-06-11,SKU-050,270,91
2025-06-18,SKU-050,543,100
2025-06-25,SKU-050,416,127
2025-07-02,SKU-050,315,101
2025-07-09,SKU-050,218,97
2025-07-16,SKU-050,130,88
2025-07-23,SKU-050,413,117
2025-07-30,SKU-050,281,132
2025-08-06,SKU-050,167,113
2025-08-13,SKU-050,88,79
2025-08-20,SKU-050,355,93
2025-08-27,SKU-050,238,117
2025-09-03,SKU-050,465,101
2025-09-10,SKU-050,348,117
2025-09-17,SKU-050,253,95
2025-09-24,SKU-050,157,96
2025-10-01,SKU-050,421,93
2025-10-08,SKU-050,318,103
2025-10-15,SKU-050,251,67
2025-10-22,SKU-050,590,76
2025-10-29,SKU-050,513,77
2025-11-05,SKU-050,406,108
2025-11-12,SKU-050,294,112
2025-11-19,SKU-050,192,101
2025-11-26,SKU-050,414,119
2025-12-03,SKU-050,322,92
2025-12-10,SKU-050,218,104
2025-12-17,SKU-050,85,133
2025-12-24,SKU-050,393,87
2024-01-03,SKU-051,839,155
2024-01-10,SKU-051,670,169
2024-01-17,SKU-051,583,88
2024-01-24,SKU-051,468,114
2024-01-31,SKU-051,736,178
2024-02-07,SKU-051,575,160
2024-02-14,SKU-051,421,155
2024-02-21,SKU-051,260,161
2024-02-28,SKU-051,93,168
2024-03-06,SKU-051,471,154
2024-03-13,SKU-051,362,109
2024-03-20,SKU-051,187,175
2024-03-27,SKU-051,664,146
2024-04-03,SKU-051,511,153
2024-04-10,SKU-051,386,125
2024-04-17,SKU-051,794,151
2024-04-24,SKU-051,645,149
2024-05-01,SKU-051,503,142
2024-05-08,SKU-051,325,178
2024-05-15,SKU-051,156,169
2024-05-22,SKU-051,51,105
2024-05-29,SKU-051,311,133
2024-06-05,SKU-051,184,127
2024-06-12,SKU-051,29,155
2024-06-19,SKU-051,388,142
2024-06-26,SKU-051,232,156
2024-07-03,SKU-051,62,171
2024-07-10,SKU-051,0,145
2024-07-17,SKU-051,386,122
2024-07-24,SKU-051,703,166
2024-07-31,SKU-051,564,139
2024-08-07,SKU-051,419,144
2024-08-14,SKU-051,267,152
2024-08-21,SKU-051,460,153
2024-08-28,SKU-051,303,157
2024-09-04,SKU-051,151,152
2024-09-11,SKU-051,435,162
2024-09-18,SKU-051,287,148
2024-09-25,SKU-051,691,161
2024-10-02,SKU-051,533,159
2024-10-09,SKU-051,402,131
2024-10-16,SKU-051,644,149
2024-10-23,SKU-051,510,134
2024-10-30,SKU-051,369,141
2024-11-06,SKU-051,803,123
2024-11-13,SKU-051,685,117
2024-11-20,SKU-051,509,176
2024-11-27,SKU-051,352,157
2024-12-04,SKU-051,673,159
2024-12-11,SKU-051,578,95
2024-12-18,SKU-051,411,167
2024-12-25,SKU-051,647,157
2025-01-01,SKU-051,490,157
2025-01-08,SKU-051,344,146
2025-01-15,SKU-051,649,157
2025-01-22,SKU-051,474,175
2025-01-29,SKU-051,347,127
2025-02-05,SKU-051,206,140
2025-02-12,SKU-051,526,150
2025-02-19,SKU-051,396,130
2025-02-26,SKU-051,261,135
2025-03-05,SKU-051,580,110
2025-03-12,SKU-051,438,142
2025-03-19,SKU-051,622,140
2025-03-26,SKU-051,439,183
2025-04-02,SKU-051,306,133
2025-04-09,SKU-051,722,123
2025-04-16,SKU-051,557,165
2025-04-23,SKU-051,403,154
2025-04-30,SKU-051,261,142
2025-05-07,SKU-051,115,146
2025-05-14,SKU-051,0,155
2025-05-21,SKU-051,0,152
2025-05-28,SKU-051,459,158
2025-06-04,SKU-051,304,155
2025-06-11,SKU-051,185,119
2025-06-18,SKU-051,658,142
2025-06-25,SKU-051,524,134
2025-07-02,SKU-051,403,120
2025-07-09,SKU-051,258,146
2025-07-16,SKU-051,106,152
2025-07-23,SKU-051,512,92
2025-07-30,SKU-051,389,123
2025-08-06,SKU-051,242,147
2025-08-13,SKU-051,700,179
2025-08-20,SKU-051,556,145
2025-09-03,SKU-051,797,147
2025-09-10,SKU-051,673,123
2025-09-17,SKU-051,526,147
2025-09-24,SKU-051,393,133
2025-10-01,SKU-051,240,153
2025-10-15,SKU-051,377,138
2025-10-22,SKU-051,216,160
2025-10-29,SKU-051,621,167
2025-11-05,SKU-051,449,172
2025-11-12,SKU-051,314,135
2025-11-19,SKU-051,183,131
2025-11-26,SKU-051,455,156
2025-12-03,SKU-051,328,127
2025-12-10,SKU-051,184,144
2025-12-17,SKU-051,652,123
2025-12-24,SKU-051,513,139
2024-01-03,SKU-052,735,135
2024-01-10,SKU-052,616,120
2024-01-17,SKU-052,454,162
2024-01-24,SKU-052,296,158
2024-01-31,SKU-052,182,114
2024-02-07,SKU-052,50,132
2024-02-14,SKU-052,0,147
2024-02-21,SKU-052,318,178
2024-02-28,SKU-052,190,128
2024-03-06,SKU-052,593,130
2024-03-13,SKU-052,434,159
2024-03-20,SKU-052,291,143
2024-03-27,SKU-052,137,154
2024-04-03,SKU-052,0,170
2024-04-10,SKU-052,0,190
2024-04-17,SKU-052,327,125
2024-04-24,SKU-052,162,164
2024-05-01,SKU-052,506,104
2024-05-08,SKU-052,399,108
2024-05-15,SKU-052,828,154
2024-05-22,SKU-052,646,182
2024-05-29,SKU-052,504,141
2024-06-05,SKU-052,350,154
2024-06-12,SKU-052,785,126
2024-06-19,SKU-052,638,146
2024-06-26,SKU-052,458,180
2024-07-03,SKU-052,317,141
2024-07-10,SKU-052,611,127
2024-07-17,SKU-052,449,161
2024-07-24,SKU-052,287,162
2024-07-31,SKU-052,729,132
2024-08-07,SKU-052,617,113
2024-08-14,SKU-052,493,123
2024-08-21,SKU-052,368,125
2024-08-28,SKU-052,727,174
2024-09-04,SKU-052,590,137
2024-09-11,SKU-052,466,123
2024-09-18,SKU-052,334,132
2024-09-25,SKU-052,777,162
2024-10-02,SKU-052,611,166
2024-10-09,SKU-052,449,162
2024-10-16,SKU-052,313,136
2024-10-23,SKU-052,640,188
2024-10-30,SKU-052,470,171
2024-11-06,SKU-052,306,164
2024-11-13,SKU-052,595,104
2024-11-20,SKU-052,471,124
2024-11-27,SKU-052,361,110
2024-12-04,SKU-052,780,133
2024-12-11,SKU-052,633,147
2024-12-18,SKU-052,502,131
2024-12-25,SKU-052,358,144
2025-01-01,SKU-052,762,129
2025-01-08,SKU-052,602,160
2025-01-15,SKU-052,442,160
2025-01-22,SKU-052,295,147
2025-01-29,SKU-052,168,127
2025-02-05,SKU-052,13,155
2025-02-12,SKU-052,330,137
2025-02-19,SKU-052,171,158
2025-02-26,SKU-052,30,141
2025-03-05,SKU-052,316,111
2025-03-12,SKU-052,152,164
2025-03-19,SKU-052,20,132
2025-03-26,SKU-052,444,155
2025-04-02,SKU-052,278,165
2025-04-09,SKU-052,163,116
2025-04-16,SKU-052,398,139
2025-04-23,SKU-052,248,150
2025-04-30,SKU-052,606,147
2025-05-07,SKU-052,425,180
2025-05-14,SKU-052,315,111
2025-05-21,SKU-052,752,118
2025-05-28,SKU-052,638,115
2025-06-04,SKU-052,485,153
2025-06-11,SKU-052,366,119
2025-06-18,SKU-052,761,122
2025-06-25,SKU-052,652,109
2025-07-02,SKU-052,516,136
2025-07-09,SKU-052,368,148
2025-07-16,SKU-052,697,127
2025-07-23,SKU-052,526,170
2025-07-30,SKU-052,373,153
2025-08-06,SKU-052,225,148
2025-08-13,SKU-052,587,122
2025-08-20,SKU-052,438,149
2025-08-27,SKU-052,303,136
2025-09-03,SKU-052,603,151
2025-09-10,SKU-052,455,148
2025-09-17,SKU-052,310,145
2025-09-24,SKU-052,680,165
2025-10-08,SKU-052,345,180
2025-10-15,SKU-052,212,133
2025-10-22,SKU-052,608,117
2025-10-29,SKU-052,453,155
2025-11-05,SKU-052,302,151
2025-11-12,SKU-052,627,135
2025-11-19,SKU-052,500,126
2025-11-26,SKU-052,354,146
2025-12-03,SKU-052,656,154
2025-12-10,SKU-052,537,120
2025-12-24,SKU-052,693,187
2024-01-03,SKU-053,888,128
2024-01-10,SKU-053,775,113
2024-01-17,SKU-053,667,108
2024-01-24,SKU-053,582,85
2024-01-31,SKU-053,485,97
2024-02-07,SKU-053,327,158
2024-02-14,SKU-053,204,123
2024-02-21,SKU-053,456,110
2024-02-28,SKU-053,340,116
2024-03-06,SKU-053,735,119
2024-03-13,SKU-053,596,140
2024-03-20,SKU-053,445,151
2024-03-27,SKU-053,311,133
2024-04-03,SKU-053,534,122
2024-04-10,SKU-053,407,127
2024-04-17,SKU-053,308,99
2024-04-24,SKU-053,186,123
2024-05-01,SKU-053,60,125
2024-05-08,SKU-053,0,119
2024-05-15,SKU-053,439,139
2024-05-22,SKU-053,320,119
2024-05-29,SKU-053,223,97
2024-06-05,SKU-053,98,125
2024-06-12,SKU-053,0,105
2024-06-19,SKU-053,387,120
2024-06-26,SKU-053,230,158
2024-07-03,SKU-053,96,134
2024-07-10,SKU-053,0,143
2024-07-17,SKU-053,0,140
2024-07-24,SKU-053,245,82
2024-07-31,SKU-053,630,139
2024-08-07,SKU-053,501,129
2024-08-14,SKU-053,352,149
2024-08-21,SKU-053,217,134
2024-08-28,SKU-053,567,108
2024-09-04,SKU-053,418,149
2024-09-11,SKU-053,247,172
2024-09-18,SKU-053,111,135
2024-09-25,SKU-053,403,129
2024-10-02,SKU-053,279,124
2024-10-09,SKU-053,687,143
2024-10-16,SKU-053,589,98
2024-10-23,SKU-053,471,118
2024-10-30,SKU-053,365,107
2024-11-06,SKU-053,232,133
2024-11-13,SKU-053,582,127
2024-11-20,SKU-053,449,133
2024-11-27,SKU-053,327,122
2024-12-04,SKU-053,199,128
2024-12-11,SKU-053,492,125
2024-12-18,SKU-053,357,135
2024-12-25,SKU-053,619,156
2025-01-01,SKU-053,475,144
2025-01-08,SKU-053,324,151
2025-01-15,SKU-053,502,120
2025-01-22,SKU-053,362,139
2025-01-29,SKU-053,619,131
2025-02-05,SKU-053,477,142
2025-02-19,SKU-053,647,136
2025-02-26,SKU-053,496,151
2025-03-05,SKU-053,372,124
2025-03-12,SKU-053,254,118
2025-03-19,SKU-053,678,125
2025-03-26,SKU-053,542,136
2025-04-02,SKU-053,429,112
2025-04-09,SKU-053,316,113
2025-04-16,SKU-053,205,112
2025-04-23,SKU-053,621,150
2025-04-30,SKU-053,481,140
2025-05-07,SKU-053,371,110
2025-05-14,SKU-053,291,80
2025-05-21,SKU-053,145,145
2025-05-28,SKU-053,30,116
2025-06-04,SKU-053,281,88
2025-06-11,SKU-053,176,106
2025-06-18,SKU-053,548,105
2025-06-25,SKU-053,411,137
2025-07-02,SKU-053,296,115
2025-07-09,SKU-053,106,190
2025-07-16,SKU-053,0,144
2025-07-23,SKU-053,346,144
2025-07-30,SKU-053,218,129
2025-08-06,SKU-053,454,164
2025-08-13,SKU-053,353,101
2025-08-20,SKU-053,627,109
2025-08-27,SKU-053,481,146
2025-09-03,SKU-053,360,121
2025-09-10,SKU-053,581,135
2025-09-17,SKU-053,482,99
2025-09-24,SKU-053,363,119
2025-10-01,SKU-053,585,112
2025-10-08,SKU-053,440,145
2025-10-15,SKU-053,285,156
2025-10-22,SKU-053,541,122
2025-10-29,SKU-053,376,165
2025-11-05,SKU-053,247,130
2025-11-12,SKU-053,78,169
2025-11-19,SKU-053,288,131
2025-11-26,SKU-053,647,119
2025-12-03,SKU-053,536,111
2025-12-10,SKU-053,387,149
2025-12-17,SKU-053,259,128
2025-12-24,SKU-053,131,127
2024-01-03,SKU-054,448,92
2024-01-10,SKU-054,350,99
2024-01-17,SKU-054,262,88
2024-01-24,SKU-054,186,75
2024-01-31,SKU-054,434,52
2024-02-14,SKU-054,248,81
2024-02-21,SKU-054,465,103
2024-02-28,SKU-054,403,63
2024-03-06,SKU-054,299,103
2024-03-13,SKU-054,187,113
2024-03-20,SKU-054,63,124
2024-03-27,SKU-054,362,77
2024-04-03,SKU-054,302,60
2024-04-10,SKU-054,226,76
2024-04-17,SKU-054,135,91
2024-04-24,SKU-054,410,66
2024-05-01,SKU-054,325,86
2024-05-08,SKU-054,215,109
2024-05-15,SKU-054,383,92
2024-05-22,SKU-054,286,97
2024-05-29,SKU-054,188,97
2024-06-05,SKU-054,373,107
2024-06-12,SKU-054,293,80
2024-06-19,SKU-054,210,83
2024-06-26,SKU-054,118,92
2024-07-03,SKU-054,331,96
2024-07-10,SKU-054,250,81
2024-07-17,SKU-054,410,109
2024-07-24,SKU-054,335,75
2024-07-31,SKU-054,240,95
2024-08-07,SKU-054,411,79
2024-08-14,SKU-054,317,94
2024-08-21,SKU-054,227,90
2024-08-28,SKU-054,453,74
2024-09-04,SKU-054,378,75
2024-09-11,SKU-054,264,114
2024-09-18,SKU-054,190,74
2024-09-25,SKU-054,513,100
2024-10-02,SKU-054,423,90
2024-10-09,SKU-054,311,112
2024-10-16,SKU-054,240,70
2024-10-23,SKU-054,489,94
2024-10-30,SKU-054,396,92
2024-11-06,SKU-054,322,75
2024-11-13,SKU-054,229,93
2024-11-20,SKU-054,156,73
2024-11-27,SKU-054,342,60
2024-12-04,SKU-054,240,101
2024-12-11,SKU-054,179,61
2024-12-18,SKU-054,322,92
2024-12-25,SKU-054,227,95
2025-01-01,SKU-054,135,92
2025-01-08,SKU-054,358,103
2025-01-15,SKU-054,278,80
2025-01-22,SKU-054,500,103
2025-01-29,SKU-054,412,87
2025-02-05,SKU-054,312,101
2025-02-12,SKU-054,202,110
2025-02-19,SKU-054,515,68
2025-02-26,SKU-054,426,89
2025-03-05,SKU-054,327,99
2025-03-12,SKU-054,246,80
2025-03-19,SKU-054,118,128
2025-03-26,SKU-054,283,95
2025-04-02,SKU-054,205,79
2025-04-09,SKU-054,130,75
2025-04-16,SKU-054,406,83
2025-04-23,SKU-054,310,96
2025-04-30,SKU-054,215,95
2025-05-07,SKU-054,419,60
2025-05-14,SKU-054,337,82
2025-05-21,SKU-054,232,105
2025-05-28,SKU-054,129,103
2025-06-04,SKU-054,376,63
2025-06-11,SKU-054,285,91
2025-06-18,SKU-054,178,107
2025-06-25,SKU-054,77,101
2025-07-02,SKU-054,392,77
2025-07-09,SKU-054,299,93
2025-07-16,SKU-054,180,119
2025-07-23,SKU-054,76,104
2025-07-30,SKU-054,377,82
2025-08-06,SKU-054,273,104
2025-08-13,SKU-054,169,104
2025-08-20,SKU-054,411,112
2025-08-27,SKU-054,329,82
2025-09-03,SKU-054,236,94
2025-09-10,SKU-054,148,87
2025-09-17,SKU-054,386,87
2025-09-24,SKU-054,281,105
2025-10-01,SKU-054,206,74
2025-10-08,SKU-054,128,78
2025-10-15,SKU-054,409,89
2025-10-22,SKU-054,309,101
2025-10-29,SKU-054,230,79
2025-11-05,SKU-054,146,84
2025-11-12,SKU-054,410,87
2025-11-19,SKU-054,303,108
2025-11-26,SKU-054,220,83
2025-12-03,SKU-054,416,83
2025-12-10,SKU-054,343,73
2025-12-17,SKU-054,275,68
2024-01-03,SKU-055,879,164
2024-01-10,SKU-055,706,173
2024-01-17,SKU-055,514,192
2024-01-24,SKU-055,395,120
2024-01-31,SKU-055,815,173
2024-02-07,SKU-055,671,143
2024-02-14,SKU-055,526,145
2024-02-21,SKU-055,374,152
2024-02-28,SKU-055,822,167
2024-03-06,SKU-055,686,136
2024-03-13,SKU-055,550,136
2024-03-20,SKU-055,374,177
2024-03-27,SKU-055,205,168
2024-04-03,SKU-055,525,165
2024-04-10,SKU-055,396,129
2024-04-17,SKU-055,208,188
2024-04-24,SKU-055,503,115
2024-05-01,SKU-055,361,142
2024-05-08,SKU-055,198,163
2024-05-15,SKU-055,49,149
2024-05-22,SKU-055,492,141
2024-05-29,SKU-055,346,146
2024-06-05,SKU-055,186,161
2024-06-12,SKU-055,26,159
2024-06-19,SKU-055,447,168
2024-06-26,SKU-055,297,150
2024-07-03,SKU-055,128,169
2024-07-10,SKU-055,0,139
2024-07-17,SKU-055,421,192
2024-07-24,SKU-055,780,194
2024-07-31,SKU-055,642,139
2024-08-07,SKU-055,487,155
2024-08-14,SKU-055,372,115
2024-08-21,SKU-055,198,174
2024-08-28,SKU-055,516,182
2024-09-04,SKU-055,378,138
2024-09-11,SKU-055,208,170
2024-09-18,SKU-055,455,174
2024-09-25,SKU-055,299,156
2024-10-02,SKU-055,147,152
2024-10-09,SKU-055,563,126
2024-10-16,SKU-055,421,141
2024-10-23,SKU-055,270,151
2024-10-30,SKU-055,565,178
2024-11-06,SKU-055,396,170
2024-11-13,SKU-055,185,210
2024-11-20,SKU-055,582,133
2024-11-27,SKU-055,439,143
2024-12-04,SKU-055,294,144
2024-12-11,SKU-055,480,150
2024-12-18,SKU-055,345,135
2024-12-25,SKU-055,757,173
2025-01-01,SKU-055,619,138
2025-01-08,SKU-055,491,128
2025-01-15,SKU-055,343,148
2025-01-22,SKU-055,632,212
2025-01-29,SKU-055,468,164
2025-02-05,SKU-055,342,126
2025-02-12,SKU-055,181,161
2025-02-19,SKU-055,490,163
2025-02-26,SKU-055,299,191
2025-03-05,SKU-055,153,146
2025-03-12,SKU-055,551,145
2025-03-19,SKU-055,397,154
2025-03-26,SKU-055,762,162
2025-04-02,SKU-055,636,126
2025-04-09,SKU-055,509,127
2025-04-16,SKU-055,373,136
2025-04-23,SKU-055,209,164
2025-04-30,SKU-055,65,145
2025-05-07,SKU-055,0,160
2025-05-14,SKU-055,506,157
2025-05-21,SKU-055,360,146
2025-05-28,SKU-055,231,130
2025-06-04,SKU-055,93,137
2025-06-11,SKU-055,319,127
2025-06-18,SKU-055,140,179
2025-06-25,SKU-055,0,172
2025-07-02,SKU-055,295,157
2025-07-09,SKU-055,127,168
2025-07-16,SKU-055,0,178
2025-07-23,SKU-055,0,151
2025-08-06,SKU-055,682,176
2025-08-13,SKU-055,538,143
2025-08-20,SKU-055,401,138
2025-08-27,SKU-055,242,159
2025-09-03,SKU-055,647,143
2025-09-10,SKU-055,497,150
2025-09-17,SKU-055,364,133
2025-09-24,SKU-055,634,180
2025-10-01,SKU-055,518,116
2025-10-08,SKU-055,387,131
2025-10-15,SKU-055,233,154
2025-10-22,SKU-055,719,166
2025-10-29,SKU-055,535,184
2025-11-05,SKU-055,390,145
2025-11-12,SKU-055,276,114
2025-11-19,SKU-055,468,146
2025-11-26,SKU-055,344,124
2025-12-03,SKU-055,678,175
2025-12-10,SKU-055,527,151
2025-12-17,SKU-055,350,177
2025-12-24,SKU-055,181,169
2024-01-03,SKU-056,932,108
2024-01-10,SKU-056,821,112
2024-01-17,SKU-056,724,96
2024-01-24,SKU-056,616,108
2024-01-31,SKU-056,540,76
2024-02-07,SKU-056,448,93
2024-02-14,SKU-056,348,99
2024-02-21,SKU-056,257,91
2024-02-28,SKU-056,160,97
2024-03-06,SKU-056,37,123
2024-03-13,SKU-056,206,97
2024-03-20,SKU-056,90,116
2024-03-27,SKU-056,303,113
2024-04-03,SKU-056,177,126
2024-04-10,SKU-056,64,113
2024-04-17,SKU-056,0,81
2024-04-24,SKU-056,261,105
2024-05-01,SKU-056,462,117
2024-05-08,SKU-056,366,96
2024-05-15,SKU-056,238,127
2024-05-22,SKU-056,541,95
2024-05-29,SKU-056,427,114
2024-06-05,SKU-056,319,109
2024-06-12,SKU-056,209,110
2024-06-19,SKU-056,513,91
2024-06-26,SKU-056,422,91
2024-07-03,SKU-056,309,113
2024-07-10,SKU-056,242,67
2024-07-17,SKU-056,441,105
2024-07-24,SKU-056,349,92
2024-07-31,SKU-056,208,141
2024-08-07,SKU-056,481,124
2024-08-14,SKU-056,386,95
2024-08-21,SKU-056,314,72
2024-08-28,SKU-056,219,95
2024-09-04,SKU-056,531,106
2024-09-11,SKU-056,427,104
2024-09-18,SKU-056,332,95
2024-09-25,SKU-056,221,111
2024-10-02,SKU-056,511,119
2024-10-09,SKU-056,409,102
2024-10-16,SKU-056,329,80
2024-10-23,SKU-056,227,101
2024-10-30,SKU-056,458,91
2024-11-06,SKU-056,338,121
2024-11-13,SKU-056,269,69
2024-11-20,SKU-056,451,102
2024-11-27,SKU-056,344,107
2024-12-04,SKU-056,240,104
2024-12-11,SKU-056,445,97
2024-12-18,SKU-056,332,113
2024-12-25,SKU-056,209,123
2025-01-01,SKU-056,504,118
2025-01-08,SKU-056,396,107
2025-01-15,SKU-056,283,114
2025-01-22,SKU-056,198,84
2025-01-29,SKU-056,77,122
2025-02-05,SKU-056,0,89
2025-02-12,SKU-056,289,92
2025-02-19,SKU-056,183,106
2025-02-26,SKU-056,60,124
2025-03-05,SKU-056,210,108
2025-03-12,SKU-056,95,115
2025-03-19,SKU-056,8,88
2025-03-26,SKU-056,260,109
2025-04-02,SKU-056,152,108
2025-04-09,SKU-056,52,100
2025-04-16,SKU-056,339,88
2025-04-23,SKU-056,242,98
2025-04-30,SKU-056,435,94
2025-05-07,SKU-056,325,110
2025-05-14,SKU-056,203,122
2025-05-21,SKU-056,434,117
2025-05-28,SKU-056,310,124
2025-06-04,SKU-056,205,105
2025-06-11,SKU-056,381,154
2025-06-18,SKU-056,291,90
2025-06-25,SKU-056,200,91
2025-07-02,SKU-056,469,106
2025-07-09,SKU-056,378,91
2025-07-16,SKU-056,287,91
2025-07-23,SKU-056,545,116
2025-07-30,SKU-056,447,98
2025-08-06,SKU-056,360,87
2025-08-13,SKU-056,235,125
2025-08-20,SKU-056,549,105
2025-08-27,SKU-056,438,111
2025-09-03,SKU-056,358,80
2025-09-10,SKU-056,277,81
2025-09-17,SKU-056,578,99
2025-09-24,SKU-056,468,109
2025-10-01,SKU-056,374,94
2025-10-08,SKU-056,265,109
2025-10-15,SKU-056,418,116
2025-10-22,SKU-056,310,108
2025-10-29,SKU-056,219,91
2025-11-05,SKU-056,533,101
2025-11-12,SKU-056,425,108
2025-11-19,SKU-056,301,124
2025-12-03,SKU-056,426,108
2025-12-10,SKU-056,311,115
2025-12-17,SKU-056,193,118
2025-12-24,SKU-056,490,86
2024-01-03,SKU-057,809,111
2024-01-10,SKU-057,724,85
2024-01-17,SKU-057,606,118
2024-01-24,SKU-057,484,123
2024-01-31,SKU-057,322,161
2024-02-07,SKU-057,222,100
2024-02-14,SKU-057,657,109
2024-02-21,SKU-057,530,127
2024-02-28,SKU-057,404,126
2024-03-06,SKU-057,278,126
2024-03-13,SKU-057,-133,144
2024-03-20,SKU-057,251,131
2024-03-27,SKU-057,122,128
2024-04-03,SKU-057,374,109
2024-04-10,SKU-057,270,104
2024-04-17,SKU-057,621,122
2024-04-24,SKU-057,525,96
2024-05-01,SKU-057,373,151
2024-05-08,SKU-057,255,118
2024-05-15,SKU-057,127,128
2024-05-22,SKU-057,406,108
2024-05-29,SKU-057,279,126
2024-06-05,SKU-057,609,116
2024-06-12,SKU-057,526,82
2024-06-19,SKU-057,423,103
2024-06-26,SKU-057,323,100
2024-07-03,SKU-057,650,79
2024-07-10,SKU-057,553,96
2024-07-17,SKU-057,455,99
2024-07-24,SKU-057,311,144
2024-07-31,SKU-057,228,83
2024-08-07,SKU-057,371,116
2024-08-14,SKU-057,233,138
2024-08-21,SKU-057,476,124
2024-08-28,SKU-057,353,122
2024-09-04,SKU-057,254,99
2024-09-11,SKU-057,546,88
2024-09-18,SKU-057,430,116
2024-09-25,SKU-057,303,128
2024-10-02,SKU-057,544,120
2024-10-09,SKU-057,428,116
2024-10-16,SKU-057,298,131
2024-10-23,SKU-057,171,127
2024-10-30,SKU-057,439,107
2024-11-06,SKU-057,338,101
2024-11-13,SKU-057,556,103
2024-11-20,SKU-057,439,117
2024-11-27,SKU-057,356,83
2024-12-04,SKU-057,216,140
2024-12-11,SKU-057,392,125
2024-12-18,SKU-057,254,139
2024-12-25,SKU-057,114,139
2025-01-01,SKU-057,378,84
2025-01-08,SKU-057,243,135
2025-01-15,SKU-057,639,77
2025-01-22,SKU-057,534,106
2025-01-29,SKU-057,390,144
2025-02-05,SKU-057,282,108
2025-02-12,SKU-057,189,92
2025-02-19,SKU-057,498,107
2025-02-26,SKU-057,419,80
2025-03-05,SKU-057,297,122
2025-03-12,SKU-057,516,138
2025-03-19,SKU-057,393,123
2025-03-26,SKU-057,258,135
2025-04-02,SKU-057,474,118
2025-04-09,SKU-057,349,125
2025-04-16,SKU-057,226,123
2025-04-23,SKU-057,80,145
2025-04-30,SKU-057,353,116
2025-05-07,SKU-057,236,116
2025-05-14,SKU-057,122,114
2025-05-21,SKU-057,458,130
2025-05-28,SKU-057,319,139
2025-06-04,SKU-057,591,86
2025-06-11,SKU-057,488,103
2025-06-18,SKU-057,361,127
2025-06-25,SKU-057,227,134
2025-07-02,SKU-057,98,129
2025-07-09,SKU-057,374,103
2025-07-16,SKU-057,274,100
2025-07-23,SKU-057,147,127
2025-07-30,SKU-057,558,98
2025-08-06,SKU-057,455,103
2025-08-13,SKU-057,353,102
2025-08-27,SKU-057,481,121
2025-09-03,SKU-057,355,126
2025-09-10,SKU-057,226,129
2025-09-17,SKU-057,505,110
2025-09-24,SKU-057,373,131
2025-10-01,SKU-057,285,89
2025-10-08,SKU-057,181,104
2025-10-15,SKU-057,515,155
2025-10-22,SKU-057,388,128
2025-10-29,SKU-057,268,120
2025-11-05,SKU-057,148,120
2025-11-12,SKU-057,501,141
2025-11-19,SKU-057,368,133
2025-11-26,SKU-057,234,134
2025-12-03,SKU-057,151,83
2025-12-10,SKU-057,565,98
2025-12-17,SKU-057,472,94
2025-12-24,SKU-057,367,105
2024-01-03,SKU-058,1127,173
2024-01-10,SKU-058,1001,126
2024-01-17,SKU-058,879,122
2024-01-24,SKU-058,750,129
2024-01-31,SKU-058,587,163
2024-02-07,SKU-058,442,144
2024-02-14,SKU-058,306,136
2024-02-21,SKU-058,187,119
2024-02-28,SKU-058,54,133
2024-03-06,SKU-058,405,112
2024-03-13,SKU-058,269,136
2024-03-20,SKU-058,142,127
2024-03-27,SKU-058,381,124
2024-04-03,SKU-058,277,104
2024-04-10,SKU-058,162,115
2024-04-17,SKU-058,434,166
2024-04-24,SKU-058,309,124
2024-05-01,SKU-058,210,99
2024-05-08,SKU-058,623,129
2024-05-15,SKU-058,486,136
2024-05-22,SKU-058,378,109
2024-05-29,SKU-058,235,142
2024-06-05,SKU-058,610,94
2024-06-12,SKU-058,478,132
2024-06-19,SKU-058,358,121
2024-06-26,SKU-058,220,137
2024-07-03,SKU-058,593,134
2024-07-10,SKU-058,424,169
2024-07-17,SKU-058,283,140
2024-07-24,SKU-058,477,127
2024-07-31,SKU-058,333,145
2024-08-07,SKU-058,150,183
2024-08-14,SKU-058,0,163
2024-08-21,SKU-058,277,138
2024-08-28,SKU-058,536,138
2024-09-04,SKU-058,420,116
2024-09-11,SKU-058,284,136
2024-09-18,SKU-058,147,136
2024-09-25,SKU-058,549,130
2024-10-02,SKU-058,406,143
2024-10-09,SKU-058,276,130
2024-10-16,SKU-058,488,153
2024-10-23,SKU-058,352,137
2024-10-30,SKU-058,236,115
2024-11-06,SKU-058,555,139
2024-11-13,SKU-058,418,137
2024-11-20,SKU-058,246,171
2024-11-27,SKU-058,610,122
2024-12-04,SKU-058,459,150
2024-12-11,SKU-058,329,131
2024-12-18,SKU-058,201,128
2024-12-25,SKU-058,632,130
2025-01-01,SKU-058,517,114
2025-01-08,SKU-058,405,113
2025-01-15,SKU-058,236,168
2025-01-22,SKU-058,132,104
2025-01-29,SKU-058,15,117
2025-02-05,SKU-058,390,113
2025-02-12,SKU-058,274,116
2025-02-19,SKU-058,160,114
2025-02-26,SKU-058,38,122
2025-03-05,SKU-058,420,114
2025-03-12,SKU-058,331,89
2025-03-19,SKU-058,210,122
2025-03-26,SKU-058,54,156
2025-04-02,SKU-058,429,142
2025-04-09,SKU-058,288,141
2025-04-16,SKU-058,159,130
2025-04-23,SKU-058,0,172
2025-04-30,SKU-058,333,147
2025-05-07,SKU-058,193,141
2025-05-14,SKU-058,649,125
2025-05-21,SKU-058,477,171
2025-05-28,SKU-058,348,129
2025-06-04,SKU-058,229,119
2025-06-11,SKU-058,664,88
2025-06-18,SKU-058,551,112
2025-06-25,SKU-058,451,100
2025-07-02,SKU-058,312,139
2025-07-09,SKU-058,704,133
2025-07-16,SKU-058,558,147
2025-07-23,SKU-058,427,130
2025-07-30,SKU-058,269,159
2025-08-06,SKU-058,615,124
2025-08-13,SKU-058,465,150
2025-08-20,SKU-058,354,111
2025-08-27,SKU-058,211,143
2025-09-03,SKU-058,546,116
2025-09-10,SKU-058,402,144
2025-09-17,SKU-058,267,134
2025-09-24,SKU-058,473,139
2025-10-01,SKU-058,325,148
2025-10-08,SKU-058,200,125
2025-10-15,SKU-058,582,127
2025-10-22,SKU-058,441,141
2025-10-29,SKU-058,305,136
2025-11-05,SKU-058,605,125
2025-11-12,SKU-058,484,122
2025-11-19,SKU-058,346,138
2025-11-26,SKU-058,210,136
2025-12-03,SKU-058,534,105
2025-12-10,SKU-058,388,146
2025-12-17,SKU-058,276,112
2025-12-24,SKU-058,528,140
2024-01-03,SKU-059,760,77
2024-01-10,SKU-059,634,126
2024-01-17,SKU-059,536,98
2024-01-24,SKU-059,446,89
2024-01-31,SKU-059,381,65
2024-02-07,SKU-059,298,82
2024-02-14,SKU-059,211,87
2024-02-21,SKU-059,408,85
2024-02-28,SKU-059,325,83
2024-03-06,SKU-059,256,69
2024-03-13,SKU-059,563,90
2024-03-20,SKU-059,483,80
2024-03-27,SKU-059,386,97
2024-04-03,SKU-059,300,86
2024-04-10,SKU-059,224,77
2024-04-17,SKU-059,138,86
2024-04-24,SKU-059,395,101
2024-05-01,SKU-059,310,85
2024-05-08,SKU-059,228,82
2024-05-15,SKU-059,146,82
2024-05-22,SKU-059,61,85
2024-05-29,SKU-059,0,75
2024-06-05,SKU-059,201,100
2024-06-12,SKU-059,140,60
2024-06-19,SKU-059,392,99
2024-06-26,SKU-059,313,79
2024-07-03,SKU-059,230,83
2024-07-10,SKU-059,147,83
2024-07-17,SKU-059,46,101
2024-07-24,SKU-059,370,79
2024-07-31,SKU-059,279,91
2024-08-07,SKU-059,199,80
2024-08-14,SKU-059,370,125
2024-08-21,SKU-059,269,101
2024-08-28,SKU-059,167,102
2024-09-04,SKU-059,435,119
2024-09-11,SKU-059,350,85
2024-09-18,SKU-059,238,112
2024-09-25,SKU-059,154,84
2024-10-02,SKU-059,335,89
2024-10-09,SKU-059,247,87
2024-10-16,SKU-059,443,84
2024-10-23,SKU-059,351,92
2024-10-30,SKU-059,288,63
2024-11-06,SKU-059,181,107
2024-11-13,SKU-059,457,83
2024-11-20,SKU-059,357,100
2024-11-27,SKU-059,295,62
2024-12-04,SKU-059,209,86
2024-12-11,SKU-059,372,57
2024-12-18,SKU-059,272,101
2024-12-25,SKU-059,434,82
2025-01-01,SKU-059,345,89
2025-01-08,SKU-059,260,84
2025-01-15,SKU-059,502,89
2025-01-22,SKU-059,428,74
2025-01-29,SKU-059,325,103
2025-02-05,SKU-059,213,112
2025-02-12,SKU-059,118,95
2025-02-19,SKU-059,371,99
2025-02-26,SKU-059,273,98
2025-03-05,SKU-059,188,85
2025-03-12,SKU-059,537,92
2025-03-19,SKU-059,471,66
2025-03-26,SKU-059,345,126
2025-04-02,SKU-059,255,90
2025-04-09,SKU-059,145,109
2025-04-16,SKU-059,44,101
2025-04-23,SKU-059,377,120
2025-04-30,SKU-059,278,100
2025-05-07,SKU-059,192,85
2025-05-14,SKU-059,91,101
2025-05-21,SKU-059,0,99
2025-05-28,SKU-059,234,87
2025-06-04,SKU-059,159,75
2025-06-11,SKU-059,49,110
2025-06-18,SKU-059,0,70
2025-06-25,SKU-059,274,118
2025-07-02,SKU-059,192,82
2025-07-09,SKU-059,98,94
2025-07-16,SKU-059,16,82
2025-07-23,SKU-059,282,93
2025-07-30,SKU-059,180,101
2025-08-06,SKU-059,369,100
2025-08-13,SKU-059,303,66
2025-08-20,SKU-059,207,96
2025-08-27,SKU-059,90,117
2025-09-03,SKU-059,441,73
2025-09-10,SKU-059,350,91
2025-09-17,SKU-059,251,99
2025-09-24,SKU-059,458,101
2025-10-01,SKU-059,382,76
2025-10-08,SKU-059,278,104
2025-10-29,SKU-059,283,100
2025-11-05,SKU-059,200,83
2025-11-12,SKU-059,97,102
2025-11-19,SKU-059,331,75
2025-11-26,SKU-059,228,103
2025-12-03,SKU-059,149,79
2025-12-10,SKU-059,348,94
2025-12-17,SKU-059,260,88
2025-12-24,SKU-059,404,92
2024-01-03,SKU-060,725,76
2024-01-10,SKU-060,634,91
2024-01-17,SKU-060,532,102
2024-01-24,SKU-060,437,95
2024-01-31,SKU-060,323,114
2024-02-07,SKU-060,209,114
2024-02-14,SKU-060,109,100
2024-02-21,SKU-060,6,103
2024-02-28,SKU-060,0,95
2024-03-06,SKU-060,286,95
2024-03-13,SKU-060,192,94
2024-03-20,SKU-060,98,93
2024-03-27,SKU-060,273,109
2024-04-03,SKU-060,176,97
2024-04-10,SKU-060,83,93
2024-04-17,SKU-060,203,108
2024-04-24,SKU-060,374,84
2024-05-01,SKU-060,277,97
2024-05-08,SKU-060,190,86
2024-05-15,SKU-060,404,71
2024-05-22,SKU-060,318,85
2024-05-29,SKU-060,224,95
2024-06-05,SKU-060,365,77
2024-06-12,SKU-060,274,91
2024-06-19,SKU-060,166,109
2024-06-26,SKU-060,81,85
2024-07-03,SKU-060,373,74
2024-07-10,SKU-060,284,89
2024-07-17,SKU-060,203,81
2024-07-24,SKU-060,460,86
2024-07-31,SKU-060,373,87
2024-08-07,SKU-060,276,97
2024-08-14,SKU-060,202,74
2024-08-21,SKU-060,331,113
2024-08-28,SKU-060,244,86
2024-09-04,SKU-060,190,54
2024-09-11,SKU-060,468,79
2024-09-18,SKU-060,382,86
2024-09-25,SKU-060,305,77
2024-10-02,SKU-060,218,87
2024-10-09,SKU-060,455,77
2024-10-16,SKU-060,346,109
2024-10-23,SKU-060,253,93
2024-10-30,SKU-060,168,86
2024-11-06,SKU-060,484,65
2024-11-13,SKU-060,404,80
2024-11-20,SKU-060,308,96
2024-11-27,SKU-060,227,81
2024-12-04,SKU-060,457,90
2024-12-11,SKU-060,376,80
2024-12-18,SKU-060,284,92
2024-12-25,SKU-060,215,70
2025-01-01,SKU-060,387,105
2025-01-08,SKU-060,306,80
2025-01-15,SKU-060,220,86
2025-01-22,SKU-060,146,74
2025-01-29,SKU-060,395,95
2025-02-05,SKU-060,295,99
2025-02-12,SKU-060,180,115
2025-02-19,SKU-060,80,100
2025-02-26,SKU-060,0,94
2025-03-05,SKU-060,230,80
2025-03-12,SKU-060,118,113
2025-03-19,SKU-060,15,103
2025-03-26,SKU-060,254,81
2025-04-02,SKU-060,180,74
2025-04-09,SKU-060,87,92
2025-04-16,SKU-060,367,72
2025-04-23,SKU-060,287,80
2025-04-30,SKU-060,193,94
2025-05-07,SKU-060,357,78
2025-05-14,SKU-060,276,81
2025-05-21,SKU-060,194,82
2025-05-28,SKU-060,454,78
2025-06-04,SKU-060,350,104
2025-06-11,SKU-060,259,91
2025-06-18,SKU-060,173,86
2025-06-25,SKU-060,469,83
2025-07-09,SKU-060,283,103
2025-07-16,SKU-060,204,79
2025-07-23,SKU-060,332,92
2025-07-30,SKU-060,240,92
2025-08-06,SKU-060,154,85
2025-08-13,SKU-060,449,106
2025-08-20,SKU-060,345,104
2025-08-27,SKU-060,268,76
2025-09-03,SKU-060,191,77
2025-09-10,SKU-060,388,104
2025-09-17,SKU-060,300,88
2025-09-24,SKU-060,220,80
2025-10-01,SKU-060,447,95
2025-10-08,SKU-060,352,95
2025-10-15,SKU-060,256,96
2025-10-22,SKU-060,169,87
2025-10-29,SKU-060,469,76
2025-11-05,SKU-060,380,89
2025-11-12,SKU-060,278,102
2025-11-19,SKU-060,209,69
2025-11-26,SKU-060,397,78
2025-12-03,SKU-060,322,75
2025-12-10,SKU-060,223,99
2025-12-17,SKU-060,392,75
2025-12-24,SKU-060,299,93
2024-01-03,SKU-061,971,154
2024-01-10,SKU-061,883,88
2024-01-17,SKU-061,760,123
2024-01-24,SKU-061,623,137
2024-01-31,SKU-061,539,84
2024-02-07,SKU-061,414,126
2024-02-14,SKU-061,281,133
2024-02-21,SKU-061,173,108
2024-02-28,SKU-061,59,114
2024-03-06,SKU-061,0,103
2024-03-20,SKU-061,137,116
2024-03-27,SKU-061,4,133
2024-04-03,SKU-061,334,142
2024-04-10,SKU-061,176,158
2024-04-17,SKU-061,48,128
2024-04-24,SKU-061,0,137
2024-05-01,SKU-061,183,155
2024-05-08,SKU-061,422,106
2024-05-15,SKU-061,328,94
2024-05-22,SKU-061,556,145
2024-05-29,SKU-061,430,126
2024-06-05,SKU-061,303,127
2024-06-12,SKU-061,591,143
2024-06-19,SKU-061,422,170
2024-06-26,SKU-061,287,135
2024-07-03,SKU-061,160,126
2024-07-10,SKU-061,507,128
2024-07-17,SKU-061,369,138
2024-07-24,SKU-061,274,94
2024-07-31,SKU-061,642,98
2024-08-07,SKU-061,501,141
2024-08-14,SKU-061,383,118
2024-08-21,SKU-061,243,140
2024-08-28,SKU-061,554,117
2024-09-04,SKU-061,434,120
2024-09-11,SKU-061,312,122
2024-09-18,SKU-061,479,138
2024-09-25,SKU-061,362,117
2024-10-02,SKU-061,257,105
2024-10-09,SKU-061,649,134
2024-10-16,SKU-061,531,119
2024-10-23,SKU-061,381,150
2024-10-30,SKU-061,272,109
2024-11-06,SKU-061,539,95
2024-11-13,SKU-061,398,141
2024-11-20,SKU-061,242,156
2024-11-27,SKU-061,606,137
2024-12-04,SKU-061,516,90
2024-12-11,SKU-061,361,156
2024-12-18,SKU-061,239,122
2024-12-25,SKU-061,571,111
2025-01-01,SKU-061,446,126
2025-01-08,SKU-061,316,130
2025-01-15,SKU-061,564,132
2025-01-22,SKU-061,410,154
2025-01-29,SKU-061,274,137
2025-02-05,SKU-061,107,167
2025-02-12,SKU-061,0,142
2025-02-19,SKU-061,187,152
2025-02-26,SKU-061,88,99
2025-03-05,SKU-061,0,114
2025-03-12,SKU-061,427,124
2025-03-19,SKU-061,307,120
2025-03-26,SKU-061,193,114
2025-04-02,SKU-061,73,121
2025-04-09,SKU-061,298,148
2025-04-16,SKU-061,196,102
2025-04-23,SKU-061,60,136
2025-04-30,SKU-061,273,139
2025-05-07,SKU-061,527,135
2025-05-14,SKU-061,410,117
2025-05-21,SKU-061,264,146
2025-05-28,SKU-061,565,125
2025-06-04,SKU-061,443,122
2025-06-11,SKU-061,302,141
2025-06-18,SKU-061,507,131
2025-06-25,SKU-061,376,131
2025-07-02,SKU-061,237,139
2025-07-09,SKU-061,666,103
2025-07-16,SKU-061,557,109
2025-07-23,SKU-061,422,134
2025-07-30,SKU-061,277,146
2025-08-06,SKU-061,452,123
2025-08-13,SKU-061,339,113
2025-08-20,SKU-061,205,135
2025-08-27,SKU-061,609,136
2025-09-03,SKU-061,461,147
2025-09-10,SKU-061,343,118
2025-09-17,SKU-061,243,101
2025-09-24,SKU-061,517,140
2025-10-01,SKU-061,410,107
2025-10-08,SKU-061,311,99
2025-10-15,SKU-061,577,145
2025-10-22,SKU-061,436,140
2025-10-29,SKU-061,336,101
2025-11-05,SKU-061,220,116
2025-11-12,SKU-061,575,172
2025-11-19,SKU-061,436,139
2025-11-26,SKU-061,330,106
2025-12-03,SKU-061,194,136
2025-12-10,SKU-061,579,115
2025-12-17,SKU-061,447,133
2025-12-24,SKU-061,338,109
2024-01-03,SKU-062,695,105
2024-01-10,SKU-062,599,96
2024-01-17,SKU-062,516,83
2024-01-24,SKU-062,437,79
2024-01-31,SKU-062,343,93
2024-02-07,SKU-062,264,79
2024-02-14,SKU-062,184,80
2024-02-21,SKU-062,397,95
2024-02-28,SKU-062,304,93
2024-03-06,SKU-062,217,87
2024-03-13,SKU-062,139,78
2024-03-20,SKU-062,310,81
2024-03-27,SKU-062,220,90
2024-04-03,SKU-062,137,83
2024-04-10,SKU-062,283,80
2024-04-17,SKU-062,191,92
2024-04-24,SKU-062,105,87
2024-05-01,SKU-062,34,71
2024-05-08,SKU-062,0,73
2024-05-15,SKU-062,240,66
2024-05-22,SKU-062,184,55
2024-05-29,SKU-062,91,94
2024-06-05,SKU-062,265,75
2024-06-12,SKU-062,174,91
2024-06-19,SKU-062,82,92
2024-06-26,SKU-062,337,95
2024-07-03,SKU-062,271,66
2024-07-10,SKU-062,193,78
2024-07-17,SKU-062,91,102
2024-07-24,SKU-062,338,78
2024-07-31,SKU-062,254,84
2024-08-07,SKU-062,174,80
2024-08-14,SKU-062,95,79
2024-08-21,SKU-062,364,85
2024-08-28,SKU-062,313,51
2024-09-04,SKU-062,249,65
2024-09-11,SKU-062,389,75
2024-09-18,SKU-062,304,84
2024-09-25,SKU-062,233,72
2024-10-02,SKU-062,399,87
2024-10-09,SKU-062,338,62
2024-10-16,SKU-062,262,76
2024-10-23,SKU-062,452,95
2024-10-30,SKU-062,384,68
2024-11-06,SKU-062,296,88
2024-11-13,SKU-062,237,59
2024-11-20,SKU-062,166,70
2024-11-27,SKU-062,365,88
2024-12-04,SKU-062,269,96
2024-12-11,SKU-062,185,84
2024-12-18,SKU-062,100,85
2024-12-25,SKU-062,265,89
2025-01-01,SKU-062,164,101
2025-01-08,SKU-062,84,80
2025-01-15,SKU-062,329,77
2025-01-22,SKU-062,255,74
2025-01-29,SKU-062,161,94
2025-02-05,SKU-062,90,71
2025-02-12,SKU-062,364,76
2025-02-19,SKU-062,289,75
2025-02-26,SKU-062,205,84
2025-03-05,SKU-062,322,98
2025-03-12,SKU-062,239,84
2025-03-19,SKU-062,155,83
2025-03-26,SKU-062,63,92
2025-04-02,SKU-062,247,103
2025-04-09,SKU-062,163,84
2025-04-16,SKU-062,83,81
2025-04-23,SKU-062,267,67
2025-04-30,SKU-062,193,74
2025-05-07,SKU-062,135,58
2025-05-14,SKU-062,49,85
2025-05-21,SKU-062,0,73
2025-05-28,SKU-062,168,75
2025-06-04,SKU-062,72,96
2025-06-11,SKU-062,247,77
2025-06-18,SKU-062,153,94
2025-06-25,SKU-062,64,90
2025-07-02,SKU-062,301,77
2025-07-09,SKU-062,223,78
2025-07-16,SKU-062,165,58
2025-07-23,SKU-062,71,94
2025-07-30,SKU-062,0,82
2025-08-06,SKU-062,0,76
2025-08-13,SKU-062,156,80
2025-08-27,SKU-062,276,81
2025-09-03,SKU-062,199,77
2025-09-10,SKU-062,103,96
2025-09-17,SKU-062,279,78
2025-09-24,SKU-062,183,96
2025-10-01,SKU-062,101,82
2025-10-08,SKU-062,283,96
2025-10-15,SKU-062,209,74
2025-10-22,SKU-062,145,64
2025-10-29,SKU-062,361,80
2025-11-05,SKU-062,273,89
2025-11-19,SKU-062,108,73
2025-11-26,SKU-062,281,79
2025-12-03,SKU-062,194,87
2025-12-10,SKU-062,423,86
2025-12-17,SKU-062,356,67
2025-12-24,SKU-062,266,91
2024-01-03,SKU-063,784,140
2024-01-17,SKU-063,520,125
2024-01-24,SKU-063,417,103
2024-01-31,SKU-063,689,60
2024-02-07,SKU-063,578,110
2024-02-14,SKU-063,419,159
2024-02-21,SKU-063,307,112
2024-02-28,SKU-063,178,129
2024-03-06,SKU-063,432,162
2024-03-13,SKU-063,293,140
2024-03-20,SKU-063,723,110
2024-03-27,SKU-063,608,116
2024-04-03,SKU-063,474,134
2024-04-10,SKU-063,351,123
2024-04-17,SKU-063,730,134
2024-04-24,SKU-063,564,166
2024-05-01,SKU-063,448,116
2024-05-08,SKU-063,328,120
2024-05-15,SKU-063,167,161
2024-05-22,SKU-063,524,103
2024-05-29,SKU-063,396,128
2024-06-05,SKU-063,284,111
2024-06-12,SKU-063,618,113
2024-06-19,SKU-063,471,147
2024-06-26,SKU-063,363,108
2024-07-03,SKU-063,246,117
2024-07-10,SKU-063,477,134
2024-07-17,SKU-063,311,166
2024-07-24,SKU-063,690,126
2024-07-31,SKU-063,591,100
2024-08-07,SKU-063,476,115
2024-08-14,SKU-063,330,146
2024-08-21,SKU-063,554,146
2024-08-28,SKU-063,423,131
2024-09-04,SKU-063,330,93
2024-09-11,SKU-063,794,83
2024-09-18,SKU-063,651,143
2024-09-25,SKU-063,518,132
2024-10-02,SKU-063,373,146
2024-10-09,SKU-063,235,137
2024-10-16,SKU-063,566,136
2024-10-23,SKU-063,428,138
2024-10-30,SKU-063,279,149
2024-11-06,SKU-063,164,115
2024-11-13,SKU-063,510,144
2024-11-20,SKU-063,400,109
2024-11-27,SKU-063,309,91
2024-12-04,SKU-063,604,105
2024-12-11,SKU-063,426,179
2024-12-18,SKU-063,324,102
2024-12-25,SKU-063,226,97
2025-01-01,SKU-063,590,137
2025-01-08,SKU-063,462,128
2025-01-15,SKU-063,327,135
2025-01-22,SKU-063,196,131
2025-01-29,SKU-063,581,116
2025-02-05,SKU-063,419,162
2025-02-12,SKU-063,316,103
2025-02-19,SKU-063,666,151
2025-02-26,SKU-063,554,111
2025-03-05,SKU-063,434,120
2025-03-12,SKU-063,286,148
2025-03-19,SKU-063,649,139
2025-03-26,SKU-063,537,111
2025-04-02,SKU-063,410,127
2025-04-09,SKU-063,236,175
2025-04-16,SKU-063,99,137
2025-04-23,SKU-063,556,119
2025-04-30,SKU-063,411,145
2025-05-07,SKU-063,272,139
2025-05-14,SKU-063,144,128
2025-05-21,SKU-063,554,87
2025-05-28,SKU-063,425,129
2025-06-04,SKU-063,284,142
2025-06-11,SKU-063,139,145
2025-06-18,SKU-063,600,106
2025-06-25,SKU-063,445,155
2025-07-02,SKU-063,306,138
2025-07-09,SKU-063,197,109
2025-07-16,SKU-063,668,93
2025-07-23,SKU-063,544,124
2025-07-30,SKU-063,423,121
2025-08-06,SKU-063,276,147
2025-08-13,SKU-063,722,133
2025-08-20,SKU-063,564,158
2025-08-27,SKU-063,440,124
2025-09-03,SKU-063,333,107
2025-09-10,SKU-063,616,132
2025-09-17,SKU-063,457,159
2025-09-24,SKU-063,292,165
2025-10-01,SKU-063,572,186
2025-10-08,SKU-063,436,136
2025-10-15,SKU-063,311,125
2025-10-22,SKU-063,170,141
2025-10-29,SKU-063,406,109
2025-11-05,SKU-063,734,151
2025-11-12,SKU-063,607,127
2025-11-19,SKU-063,460,147
2025-11-26,SKU-063,297,163
2025-12-03,SKU-063,193,104
2025-12-10,SKU-063,487,130
2025-12-17,SKU-063,387,101
2025-12-24,SKU-063,709,134
2024-01-03,SKU-064,562,117
2024-01-10,SKU-064,455,106
2024-01-17,SKU-064,351,104
2024-01-24,SKU-064,242,110
2024-01-31,SKU-064,446,80
2024-02-07,SKU-064,337,109
2024-02-14,SKU-064,227,110
2024-02-21,SKU-064,157,70
2024-02-28,SKU-064,344,114
2024-03-06,SKU-064,243,101
2024-03-13,SKU-064,169,75
2024-03-20,SKU-064,417,99
2024-03-27,SKU-064,314,103
2024-04-03,SKU-064,224,90
2024-04-10,SKU-064,446,101
2024-04-17,SKU-064,345,101
2024-04-24,SKU-064,241,104
2024-05-01,SKU-064,117,124
2024-05-08,SKU-064,336,96
2024-05-15,SKU-064,248,88
2024-05-22,SKU-064,168,81
2024-05-29,SKU-064,347,122
2024-06-05,SKU-064,256,91
2024-06-12,SKU-064,148,107
2024-06-19,SKU-064,383,107
2024-06-26,SKU-064,301,82
2024-07-03,SKU-064,197,104
2024-07-10,SKU-064,408,96
2024-07-17,SKU-064,323,85
2024-07-24,SKU-064,211,112
2024-07-31,SKU-064,112,100
2024-08-07,SKU-064,416,106
2024-08-14,SKU-064,297,120
2024-08-21,SKU-064,202,95
2024-08-28,SKU-064,144,58
2024-09-04,SKU-064,431,111
2024-09-11,SKU-064,339,91
2024-09-18,SKU-064,236,104
2024-09-25,SKU-064,121,115
2024-10-02,SKU-064,326,85
2024-10-09,SKU-064,215,111
2024-10-16,SKU-064,128,87
2024-10-23,SKU-064,418,98
2024-10-30,SKU-064,309,109
2024-11-13,SKU-064,573,65
2024-11-20,SKU-064,485,88
2024-11-27,SKU-064,385,100
2024-12-04,SKU-064,288,97
2024-12-11,SKU-064,194,94
2024-12-18,SKU-064,440,67
2024-12-25,SKU-064,336,104
2025-01-01,SKU-064,248,88
2025-01-08,SKU-064,183,65
2025-01-15,SKU-064,373,119
2025-01-22,SKU-064,293,80
2025-01-29,SKU-064,206,87
2025-02-05,SKU-064,455,108
2025-02-12,SKU-064,378,77
2025-02-19,SKU-064,302,76
2025-02-26,SKU-064,175,127
2025-03-05,SKU-064,459,68
2025-03-12,SKU-064,364,95
2025-03-19,SKU-064,256,108
2025-03-26,SKU-064,418,112
2025-04-02,SKU-064,312,106
2025-04-09,SKU-064,238,74
2025-04-23,SKU-064,487,81
2025-04-30,SKU-064,377,110
2025-05-07,SKU-064,279,98
2025-05-14,SKU-064,195,84
2025-05-21,SKU-064,413,103
2025-05-28,SKU-064,318,95
2025-06-04,SKU-064,214,104
2025-06-11,SKU-064,132,83
2025-06-18,SKU-064,379,79
2025-06-25,SKU-064,257,122
2025-07-02,SKU-064,147,110
2025-07-09,SKU-064,296,108
2025-07-16,SKU-064,174,122
2025-07-23,SKU-064,88,86
2025-07-30,SKU-064,336,118
2025-08-06,SKU-064,218,118
2025-08-13,SKU-064,130,88
2025-08-20,SKU-064,467,54
2025-08-27,SKU-064,382,85
2025-09-03,SKU-064,283,99
2025-09-10,SKU-064,204,79
2025-09-24,SKU-064,274,108
2025-10-01,SKU-064,148,125
2025-10-08,SKU-064,380,98
2025-10-15,SKU-064,303,78
2025-10-22,SKU-064,474,82
2025-10-29,SKU-064,365,109
2025-11-05,SKU-064,276,90
2025-11-12,SKU-064,493,119
2025-11-19,SKU-064,392,101
2025-11-26,SKU-064,298,94
2025-12-03,SKU-064,214,83
2025-12-10,SKU-064,451,96
2025-12-17,SKU-064,354,97
2025-12-24,SKU-064,255,99
2024-01-03,SKU-065,605,139
2024-01-10,SKU-065,485,120
2024-01-17,SKU-065,359,126
2024-01-24,SKU-065,658,155
2024-01-31,SKU-065,552,106
2024-02-07,SKU-065,441,111
2024-02-14,SKU-065,322,119
2024-02-21,SKU-065,216,106
2024-02-28,SKU-065,425,149
2024-03-06,SKU-065,294,131
2024-03-13,SKU-065,503,112
2024-03-20,SKU-065,366,136
2024-03-27,SKU-065,703,128
2024-04-03,SKU-065,570,133
2024-04-10,SKU-065,426,144
2024-04-17,SKU-065,318,108
2024-04-24,SKU-065,194,124
2024-05-01,SKU-065,40,154
2024-05-08,SKU-065,0,105
2024-05-15,SKU-065,360,109
2024-05-22,SKU-065,218,142
2024-05-29,SKU-065,563,121
2024-06-05,SKU-065,442,121
2024-06-12,SKU-065,338,104
2024-06-19,SKU-065,177,160
2024-06-26,SKU-065,54,123
2024-07-03,SKU-065,343,93
2024-07-10,SKU-065,176,166
2024-07-17,SKU-065,53,123
2024-07-24,SKU-065,0,100
2024-07-31,SKU-065,330,157
2024-08-07,SKU-065,213,117
2024-08-14,SKU-065,545,137
2024-08-21,SKU-065,417,128
2024-08-28,SKU-065,299,118
2024-09-04,SKU-065,654,121
2024-09-11,SKU-065,543,112
2024-09-18,SKU-065,439,103
2024-09-25,SKU-065,285,154
2024-10-02,SKU-065,199,86
2024-10-09,SKU-065,569,128
2024-10-16,SKU-065,469,100
2024-10-23,SKU-065,346,123
2024-10-30,SKU-065,211,135
2024-11-06,SKU-065,613,105
2024-11-13,SKU-065,490,123
2024-11-20,SKU-065,397,93
2024-11-27,SKU-065,286,111
2024-12-04,SKU-065,554,124
2024-12-11,SKU-065,491,63
2024-12-18,SKU-065,389,102
2024-12-25,SKU-065,266,123
2025-01-01,SKU-065,641,143
2025-01-08,SKU-065,550,91
2025-01-15,SKU-065,408,142
2025-01-22,SKU-065,273,135
2025-01-29,SKU-065,142,131
2025-02-05,SKU-065,392,125
2025-02-12,SKU-065,276,117
2025-02-19,SKU-065,146,130
2025-02-26,SKU-065,533,106
2025-03-05,SKU-065,434,99
2025-03-12,SKU-065,306,128
2025-03-19,SKU-065,644,140
2025-03-26,SKU-065,565,79
2025-04-02,SKU-065,437,128
2025-04-09,SKU-065,309,128
2025-04-16,SKU-065,170,138
2025-04-23,SKU-065,566,118
2025-04-30,SKU-065,437,129
2025-05-07,SKU-065,313,125
2025-05-14,SKU-065,202,111
2025-05-21,SKU-065,500,147
2025-05-28,SKU-065,382,118
2025-06-04,SKU-065,261,121
2025-06-11,SKU-065,151,109
2025-06-18,SKU-065,17,134
2025-06-25,SKU-065,0,120
2025-07-02,SKU-065,379,118
2025-07-09,SKU-065,291,88
2025-07-16,SKU-065,145,145
2025-07-23,SKU-065,412,123
2025-07-30,SKU-065,275,137
2025-08-06,SKU-065,594,117
2025-08-13,SKU-065,466,128
2025-08-20,SKU-065,352,114
2025-08-27,SKU-065,579,133
2025-09-03,SKU-065,464,115
2025-09-10,SKU-065,336,128
2025-09-17,SKU-065,209,128
2025-09-24,SKU-065,431,122
2025-10-08,SKU-065,208,125
2025-10-15,SKU-065,456,112
2025-10-22,SKU-065,330,126
2025-10-29,SKU-065,589,141
2025-11-05,SKU-065,443,146
2025-11-12,SKU-065,328,115
2025-11-19,SKU-065,220,107
2025-11-26,SKU-065,473,114
2025-12-03,SKU-065,367,106
2025-12-10,SKU-065,683,124
2025-12-17,SKU-065,548,134
2025-12-24,SKU-065,403,145
2024-01-03,SKU-066,716,84
2024-01-10,SKU-066,643,74
2024-01-17,SKU-066,579,63
2024-01-24,SKU-066,493,87
2024-01-31,SKU-066,415,78
2024-02-07,SKU-066,345,70
2024-02-14,SKU-066,261,84
2024-02-21,SKU-066,193,69
2024-02-28,SKU-066,124,69
2024-03-06,SKU-066,343,66
2024-03-13,SKU-066,280,64
2024-03-20,SKU-066,193,87
2024-03-27,SKU-066,438,72
2024-04-03,SKU-066,368,70
2024-04-10,SKU-066,278,90
2024-04-17,SKU-066,204,74
2024-04-24,SKU-066,120,84
2024-05-01,SKU-066,69,51
2024-05-08,SKU-066,0,74
2024-05-15,SKU-066,205,63
2024-05-22,SKU-066,124,80
2024-05-29,SKU-066,47,77
2024-06-05,SKU-066,151,122
2024-06-12,SKU-066,64,87
2024-06-19,SKU-066,0,91
2024-06-26,SKU-066,197,91
2024-07-03,SKU-066,123,73
2024-07-10,SKU-066,37,86
2024-07-17,SKU-066,0,79
2024-07-24,SKU-066,178,79
2024-07-31,SKU-066,356,75
2024-08-07,SKU-066,280,76
2024-08-14,SKU-066,204,76
2024-08-21,SKU-066,119,85
2024-08-28,SKU-066,306,79
2024-09-04,SKU-066,241,65
2024-09-11,SKU-066,448,70
2024-09-18,SKU-066,352,96
2024-09-25,SKU-066,274,78
2024-10-02,SKU-066,185,89
2024-10-09,SKU-066,433,79
2024-10-16,SKU-066,363,70
2024-10-23,SKU-066,301,63
2024-10-30,SKU-066,235,66
2024-11-06,SKU-066,141,94
2024-11-13,SKU-066,363,52
2024-11-20,SKU-066,286,77
2024-11-27,SKU-066,203,83
2024-12-04,SKU-066,106,98
2024-12-11,SKU-066,268,88
2024-12-18,SKU-066,200,68
2024-12-25,SKU-066,355,68
2025-01-01,SKU-066,275,80
2025-01-08,SKU-066,174,101
2025-01-15,SKU-066,317,83
2025-01-22,SKU-066,213,104
2025-01-29,SKU-066,311,90
2025-02-05,SKU-066,222,89
2025-02-12,SKU-066,158,63
2025-02-19,SKU-066,97,61
2025-02-26,SKU-066,409,77
2025-03-05,SKU-066,333,76
2025-03-12,SKU-066,256,76
2025-03-19,SKU-066,181,75
2025-03-26,SKU-066,403,81
2025-04-02,SKU-066,314,89
2025-04-09,SKU-066,232,81
2025-04-16,SKU-066,161,71
2025-04-23,SKU-066,81,80
2025-04-30,SKU-066,365,91
2025-05-07,SKU-066,263,102
2025-05-14,SKU-066,197,67
2025-05-21,SKU-066,128,69
2025-05-28,SKU-066,36,92
2025-06-04,SKU-066,0,79
2025-06-11,SKU-066,153,95
2025-06-18,SKU-066,52,101
2025-06-25,SKU-066,0,77
2025-07-02,SKU-066,225,82
2025-07-09,SKU-066,144,81
2025-07-16,SKU-066,59,85
2025-07-23,SKU-066,232,82
2025-07-30,SKU-066,167,65
2025-08-06,SKU-066,368,79
2025-08-13,SKU-066,296,71
2025-08-20,SKU-066,225,71
2025-08-27,SKU-066,459,74
2025-09-03,SKU-066,355,104
2025-09-17,SKU-066,175,80
2025-09-24,SKU-066,367,65
2025-10-01,SKU-066,260,107
2025-10-08,SKU-066,190,70
2025-10-15,SKU-066,347,87
2025-10-22,SKU-066,259,88
2025-10-29,SKU-066,188,70
2025-11-05,SKU-066,111,78
2025-11-12,SKU-066,274,68
2025-11-19,SKU-066,205,68
2025-11-26,SKU-066,123,82
2025-12-03,SKU-066,402,61
2025-12-10,SKU-066,329,73
2025-12-17,SKU-066,255,73
2025-12-24,SKU-066,161,94
2024-01-03,SKU-067,755,85
2024-01-10,SKU-067,679,76
2024-01-17,SKU-067,595,83
2024-01-24,SKU-067,502,93
2024-01-31,SKU-067,405,98
2024-02-07,SKU-067,316,89
2024-02-14,SKU-067,215,101
2024-02-21,SKU-067,113,102
2024-02-28,SKU-067,25,88
2024-03-06,SKU-067,0,107
2024-03-13,SKU-067,0,84
2024-03-20,SKU-067,195,99
2024-03-27,SKU-067,103,92
2024-04-03,SKU-067,13,90
2024-04-10,SKU-067,202,86
2024-04-17,SKU-067,109,93
2024-04-24,SKU-067,227,79
2024-05-01,SKU-067,148,79
2024-05-08,SKU-067,471,60
2024-05-15,SKU-067,385,86
2024-05-22,SKU-067,293,92
2024-05-29,SKU-067,209,85
2024-06-05,SKU-067,122,87
2024-06-12,SKU-067,396,77
2024-06-19,SKU-067,324,72
2024-06-26,SKU-067,225,99
2024-07-03,SKU-067,152,73
2024-07-10,SKU-067,374,78
2024-07-17,SKU-067,299,75
2024-07-24,SKU-067,221,78
2024-07-31,SKU-067,376,90
2024-08-07,SKU-067,275,101
2024-08-14,SKU-067,183,92
2024-08-21,SKU-067,346,74
2024-08-28,SKU-067,250,96
2024-09-04,SKU-067,164,85
2024-09-11,SKU-067,376,73
2024-09-18,SKU-067,311,65
2024-09-25,SKU-067,215,96
2024-10-02,SKU-067,376,72
2024-10-09,SKU-067,301,75
2024-10-16,SKU-067,217,84
2024-10-23,SKU-067,475,54
2024-10-30,SKU-067,394,81
2024-11-06,SKU-067,318,76
2024-11-13,SKU-067,216,102
2024-11-20,SKU-067,126,90
2024-11-27,SKU-067,305,93
2024-12-04,SKU-067,205,100
2024-12-11,SKU-067,121,85
2024-12-18,SKU-067,431,78
2024-12-25,SKU-067,371,59
2025-01-01,SKU-067,284,87
2025-01-08,SKU-067,211,73
2025-01-15,SKU-067,373,86
2025-01-22,SKU-067,308,65
2025-01-29,SKU-067,220,89
2025-02-05,SKU-067,135,84
2025-02-12,SKU-067,54,81
2025-02-19,SKU-067,0,62
2025-02-26,SKU-067,207,102
2025-03-05,SKU-067,113,94
2025-03-12,SKU-067,13,100
2025-03-19,SKU-067,274,67
2025-03-26,SKU-067,188,86
2025-04-02,SKU-067,96,92
2025-04-09,SKU-067,275,78
2025-04-16,SKU-067,204,72
2025-04-23,SKU-067,427,98
2025-04-30,SKU-067,327,100
2025-05-07,SKU-067,264,63
2025-05-14,SKU-067,178,86
2025-05-21,SKU-067,466,76
2025-05-28,SKU-067,373,93
2025-06-04,SKU-067,257,115
2025-06-11,SKU-067,167,91
2025-06-18,SKU-067,360,93
2025-06-25,SKU-067,262,98
2025-07-02,SKU-067,177,85
2025-07-09,SKU-067,366,77
2025-07-16,SKU-067,272,94
2025-07-23,SKU-067,190,83
2025-07-30,SKU-067,374,103
2025-08-06,SKU-067,298,76
2025-08-13,SKU-067,202,96
2025-08-20,SKU-067,345,93
2025-08-27,SKU-067,260,84
2025-09-03,SKU-067,162,98
2025-09-10,SKU-067,379,102
2025-09-17,SKU-067,308,71
2025-09-24,SKU-067,238,70
2025-10-01,SKU-067,373,77
2025-10-08,SKU-067,292,80
2025-10-15,SKU-067,209,83
2025-10-22,SKU-067,350,81
2025-10-29,SKU-067,243,106
2025-11-05,SKU-067,167,77
2025-11-12,SKU-067,333,83
2025-11-19,SKU-067,238,95
2025-11-26,SKU-067,164,74
2025-12-03,SKU-067,373,93
2025-12-10,SKU-067,293,80
2025-12-17,SKU-067,229,64
2025-12-24,SKU-067,451,78
2024-01-03,SKU-068,580,116
2024-01-10,SKU-068,435,145
2024-01-17,SKU-068,310,125
2024-01-24,SKU-068,208,102
2024-01-31,SKU-068,643,98
2024-02-07,SKU-068,497,146
2024-02-14,SKU-068,381,116
2024-02-28,SKU-068,126,122
2024-03-06,SKU-068,476,113
2024-03-13,SKU-068,347,129
2024-03-20,SKU-068,257,90
2024-03-27,SKU-068,148,110
2024-04-03,SKU-068,442,112
2024-04-10,SKU-068,336,106
2024-04-17,SKU-068,196,140
2024-04-24,SKU-068,349,130
2024-05-01,SKU-068,233,116
2024-05-08,SKU-068,93,140
2024-05-15,SKU-068,0,141
2024-05-22,SKU-068,0,138
2024-05-29,SKU-068,349,96
2024-06-05,SKU-068,257,91
2024-06-12,SKU-068,155,102
2024-06-19,SKU-068,427,118
2024-06-26,SKU-068,302,125
2024-07-03,SKU-068,150,152
2024-07-10,SKU-068,24,126
2024-07-17,SKU-068,365,111
2024-07-24,SKU-068,255,110
2024-07-31,SKU-068,522,133
2024-08-07,SKU-068,383,138
2024-08-14,SKU-068,247,136
2024-08-21,SKU-068,463,120
2024-08-28,SKU-068,338,125
2024-09-04,SKU-068,221,117
2024-09-11,SKU-068,494,100
2024-09-18,SKU-068,383,111
2024-09-25,SKU-068,242,140
2024-10-02,SKU-068,126,116
2024-10-09,SKU-068,461,145
2024-10-16,SKU-068,345,115
2024-10-23,SKU-068,232,113
2024-10-30,SKU-068,537,120
2024-11-06,SKU-068,394,143
2024-11-13,SKU-068,270,124
2024-11-20,SKU-068,149,121
2024-11-27,SKU-068,480,115
2024-12-04,SKU-068,369,111
2024-12-11,SKU-068,261,108
2024-12-18,SKU-068,148,113
2024-12-25,SKU-068,545,132
2025-01-01,SKU-068,403,142
2025-01-08,SKU-068,303,100
2025-01-15,SKU-068,182,121
2025-01-22,SKU-068,396,125
2025-01-29,SKU-068,305,90
2025-02-05,SKU-068,633,154
2025-02-12,SKU-068,529,104
2025-02-19,SKU-068,442,87
2025-02-26,SKU-068,334,108
2025-03-05,SKU-068,631,98
2025-03-12,SKU-068,532,99
2025-03-19,SKU-068,446,86
2025-03-26,SKU-068,308,138
2025-04-02,SKU-068,568,132
2025-04-09,SKU-068,454,113
2025-04-16,SKU-068,312,142
2025-04-23,SKU-068,218,94
2025-04-30,SKU-068,99,119
2025-05-07,SKU-068,359,120
2025-05-14,SKU-068,217,142
2025-05-21,SKU-068,99,118
2025-05-28,SKU-068,30,68
2025-06-04,SKU-068,361,109
2025-06-11,SKU-068,260,100
2025-06-18,SKU-068,120,140
2025-06-25,SKU-068,469,133
2025-07-02,SKU-068,342,127
2025-07-09,SKU-068,284,58
2025-07-16,SKU-068,203,82
2025-07-23,SKU-068,128,74
2025-07-30,SKU-068,18,110
2025-08-06,SKU-068,311,125
2025-08-13,SKU-068,188,123
2025-08-20,SKU-068,437,133
2025-08-27,SKU-068,352,85
2025-09-03,SKU-068,502,117
2025-09-10,SKU-068,406,95
2025-09-17,SKU-068,268,138
2025-09-24,SKU-068,167,101
2025-10-01,SKU-068,503,139
2025-10-08,SKU-068,383,120
2025-10-15,SKU-068,236,147
2025-10-22,SKU-068,106,130
2025-10-29,SKU-068,474,116
2025-11-05,SKU-068,347,128
2025-11-12,SKU-068,208,139
2025-11-19,SKU-068,612,99
2025-11-26,SKU-068,513,98
2025-12-03,SKU-068,392,121
2025-12-10,SKU-068,282,110
2025-12-17,SKU-068,169,112
2025-12-24,SKU-068,441,110
2024-01-03,SKU-069,689,109
2024-01-10,SKU-069,534,155
2024-01-17,SKU-069,448,87
2024-01-24,SKU-069,334,114
2024-01-31,SKU-069,208,125
2024-02-07,SKU-069,416,135
2024-02-14,SKU-069,310,106
2024-02-21,SKU-069,555,108
2024-02-28,SKU-069,467,88
2024-03-06,SKU-069,367,100
2024-03-13,SKU-069,252,116
2024-03-20,SKU-069,517,74
2024-03-27,SKU-069,422,95
2024-04-03,SKU-069,344,78
2024-04-10,SKU-069,194,150
2024-04-17,SKU-069,399,102
2024-04-24,SKU-069,278,121
2024-05-01,SKU-069,189,89
2024-05-08,SKU-069,47,142
2024-05-15,SKU-069,0,97
2024-05-22,SKU-069,277,111
2024-05-29,SKU-069,150,126
2024-06-05,SKU-069,40,110
2024-06-12,SKU-069,0,118
2024-06-19,SKU-069,304,121
2024-06-26,SKU-069,170,134
2024-07-03,SKU-069,59,111
2024-07-10,SKU-069,341,133
2024-07-17,SKU-069,252,89
2024-07-24,SKU-069,136,117
2024-07-31,SKU-069,396,95
2024-08-07,SKU-069,283,112
2024-08-14,SKU-069,138,145
2024-08-21,SKU-069,-423,97
2024-08-28,SKU-069,305,118
2024-09-04,SKU-069,181,124
2024-09-11,SKU-069,402,132
2024-09-18,SKU-069,272,130
2024-09-25,SKU-069,174,98
2024-10-02,SKU-069,463,135
2024-10-09,SKU-069,344,119
2024-10-16,SKU-069,249,95
2024-10-23,SKU-069,136,113
2024-10-30,SKU-069,423,126
2024-11-06,SKU-069,299,124
2024-11-13,SKU-069,154,145
2024-11-20,SKU-069,446,120
2024-11-27,SKU-069,347,99
2024-12-04,SKU-069,250,97
2024-12-11,SKU-069,525,121
2024-12-18,SKU-069,389,136
2024-12-25,SKU-069,240,150
2025-01-01,SKU-069,589,111
2025-01-08,SKU-069,459,130
2025-01-15,SKU-069,346,112
2025-01-22,SKU-069,228,118
2025-01-29,SKU-069,558,94
2025-02-05,SKU-069,460,98
2025-02-12,SKU-069,329,131
2025-02-19,SKU-069,231,98
2025-02-26,SKU-069,378,120
2025-03-05,SKU-069,239,139
2025-03-12,SKU-069,442,129
2025-03-19,SKU-069,336,106
2025-03-26,SKU-069,233,104
2025-04-02,SKU-069,496,115
2025-04-09,SKU-069,378,118
2025-04-16,SKU-069,274,104
2025-04-23,SKU-069,160,115
2025-04-30,SKU-069,41,119
2025-05-07,SKU-069,0,151
2025-05-14,SKU-069,306,123
2025-05-21,SKU-069,176,129
2025-05-28,SKU-069,106,71
2025-06-04,SKU-069,408,146
2025-06-11,SKU-069,317,91
2025-06-18,SKU-069,220,97
2025-06-25,SKU-069,107,113
2025-07-02,SKU-069,392,93
2025-07-09,SKU-069,290,102
2025-07-16,SKU-069,180,110
2025-07-23,SKU-069,69,110
2025-07-30,SKU-069,391,96
2025-08-06,SKU-069,280,112
2025-08-13,SKU-069,127,152
2025-08-20,SKU-069,406,117
2025-08-27,SKU-069,320,85
2025-09-03,SKU-069,473,150
2025-09-10,SKU-069,369,103
2025-09-17,SKU-069,233,137
2025-09-24,SKU-069,104,128
2025-10-01,SKU-069,388,106
2025-10-08,SKU-069,272,115
2025-10-15,SKU-069,541,119
2025-10-22,SKU-069,415,126
2025-10-29,SKU-069,267,148
2025-11-05,SKU-069,168,99
2025-11-12,SKU-069,394,120
2025-11-19,SKU-069,298,95
2025-11-26,SKU-069,169,129
2025-12-03,SKU-069,393,121
2025-12-10,SKU-069,259,133
2025-12-17,SKU-069,142,117
2025-12-24,SKU-069,447,144
2024-01-03,SKU-070,677,121
2024-01-10,SKU-070,545,132
2024-01-17,SKU-070,435,110
2024-01-24,SKU-070,319,116
2024-01-31,SKU-070,205,114
2024-02-07,SKU-070,524,115
2024-02-14,SKU-070,439,85
2024-02-21,SKU-070,329,110
2024-02-28,SKU-070,474,108
2024-03-06,SKU-070,368,106
2024-03-13,SKU-070,247,121
2024-03-20,SKU-070,521,96
2024-03-27,SKU-070,363,158
2024-04-03,SKU-070,240,123
2024-04-10,SKU-070,499,123
2024-04-17,SKU-070,381,118
2024-04-24,SKU-070,262,118
2024-05-01,SKU-070,149,114
2024-05-08,SKU-070,513,132
2024-05-15,SKU-070,372,141
2024-05-22,SKU-070,247,124
2024-05-29,SKU-070,557,118
2024-06-05,SKU-070,457,100
2024-06-12,SKU-070,328,129
2024-06-19,SKU-070,209,119
2024-06-26,SKU-070,516,99
2024-07-03,SKU-070,388,128
2024-07-10,SKU-070,263,125
2024-07-17,SKU-070,177,86
2024-07-24,SKU-070,478,133
2024-07-31,SKU-070,364,114
2024-08-07,SKU-070,248,116
2024-08-14,SKU-070,497,108
2024-08-21,SKU-070,406,91
2024-08-28,SKU-070,292,114
2024-09-04,SKU-070,641,98
2024-09-11,SKU-070,542,100
2024-09-18,SKU-070,436,106
2024-09-25,SKU-070,345,91
2024-10-02,SKU-070,211,134
2024-10-09,SKU-070,388,112
2024-10-16,SKU-070,255,133
2024-10-23,SKU-070,151,103
2024-10-30,SKU-070,484,97
2024-11-06,SKU-070,364,120
2024-11-13,SKU-070,261,103
2024-11-20,SKU-070,151,110
2024-11-27,SKU-070,521,113
2024-12-04,SKU-070,425,96
2024-12-11,SKU-070,296,128
2024-12-18,SKU-070,538,84
2024-12-25,SKU-070,450,89
2025-01-01,SKU-070,327,123
2025-01-08,SKU-070,212,115
2025-01-15,SKU-070,289,116
2025-01-22,SKU-070,500,125
2025-01-29,SKU-070,394,105
2025-02-05,SKU-070,287,107
2025-02-12,SKU-070,519,119
2025-02-19,SKU-070,400,119
2025-02-26,SKU-070,285,114
2025-03-05,SKU-070,180,105
2025-03-12,SKU-070,415,94
2025-03-19,SKU-070,300,115
2025-03-26,SKU-070,178,122
2025-04-02,SKU-070,400,151
2025-04-09,SKU-070,309,90
2025-04-16,SKU-070,175,135
2025-04-23,SKU-070,540,97
2025-04-30,SKU-070,434,106
2025-05-07,SKU-070,352,81
2025-05-14,SKU-070,561,92
2025-05-21,SKU-070,481,80
2025-05-28,SKU-070,341,140
2025-06-04,SKU-070,210,131
2025-06-11,SKU-070,94,116
2025-06-18,SKU-070,472,128
2025-06-25,SKU-070,372,100
2025-07-02,SKU-070,249,123
2025-07-09,SKU-070,133,116
2025-07-16,SKU-070,500,77
2025-07-23,SKU-070,412,88
2025-07-30,SKU-070,292,120
2025-08-06,SKU-070,174,119
2025-08-13,SKU-070,427,127
2025-08-20,SKU-070,312,115
2025-08-27,SKU-070,191,121
2025-09-03,SKU-070,515,111
2025-09-10,SKU-070,406,109
2025-09-17,SKU-070,277,129
2025-09-24,SKU-070,180,96
2025-10-01,SKU-070,488,124
2025-10-08,SKU-070,380,108
2025-10-15,SKU-070,283,97
2025-10-22,SKU-070,204,78
2025-10-29,SKU-070,568,76
2025-11-05,SKU-070,475,94
2025-11-12,SKU-070,337,138
2025-11-19,SKU-070,233,104
2025-11-26,SKU-070,120,113
2025-12-03,SKU-070,384,146
2025-12-10,SKU-070,276,109
2025-12-17,SKU-070,562,120
2025-12-24,SKU-070,442,120
2024-01-03,SKU-071,709,115
2024-01-10,SKU-071,586,123
2024-01-17,SKU-071,460,126
2024-01-24,SKU-071,336,124
2024-01-31,SKU-071,239,97
2024-02-07,SKU-071,133,106
2024-02-14,SKU-071,374,104
2024-02-21,SKU-071,284,90
2024-02-28,SKU-071,185,99
2024-03-13,SKU-071,0,105
2024-03-20,SKU-071,314,114
2024-03-27,SKU-071,228,86
2024-04-03,SKU-071,129,99
2024-04-10,SKU-071,24,105
2024-04-17,SKU-071,302,98
2024-04-24,SKU-071,180,122
2024-05-01,SKU-071,535,100
2024-05-08,SKU-071,426,109
2024-05-15,SKU-071,345,81
2024-05-22,SKU-071,239,106
2024-05-29,SKU-071,565,106
2024-06-05,SKU-071,468,96
2024-06-12,SKU-071,371,97
2024-06-19,SKU-071,251,120
2024-06-26,SKU-071,446,94
2024-07-03,SKU-071,325,121
2024-07-10,SKU-071,215,110
2024-07-17,SKU-071,490,106
2024-07-24,SKU-071,377,113
2024-07-31,SKU-071,304,73
2024-08-07,SKU-071,226,78
2024-08-14,SKU-071,128,97
2024-08-21,SKU-071,345,125
2024-08-28,SKU-071,246,99
2024-09-04,SKU-071,471,125
2024-09-11,SKU-071,370,101
2024-09-18,SKU-071,263,107
2024-09-25,SKU-071,124,139
2024-10-02,SKU-071,529,76
2024-10-09,SKU-071,419,110
2024-10-16,SKU-071,316,103
2024-10-23,SKU-071,197,119
2024-10-30,SKU-071,444,109
2024-11-06,SKU-071,350,94
2024-11-13,SKU-071,236,114
2024-11-20,SKU-071,468,113
2024-11-27,SKU-071,374,94
2024-12-04,SKU-071,247,128
2024-12-11,SKU-071,381,108
2024-12-18,SKU-071,299,82
2024-12-25,SKU-071,197,102
2025-01-01,SKU-071,546,97
2025-01-08,SKU-071,427,119
2025-01-15,SKU-071,311,116
2025-01-22,SKU-071,200,110
2025-01-29,SKU-071,105,95
2025-02-05,SKU-071,0,111
2025-02-12,SKU-071,0,103
2025-02-19,SKU-071,199,106
2025-02-26,SKU-071,75,124
2025-03-05,SKU-071,414,91
2025-03-12,SKU-071,318,96
2025-03-19,SKU-071,208,110
2025-03-26,SKU-071,103,106
2025-04-02,SKU-071,391,69
2025-04-09,SKU-071,272,119
2025-04-16,SKU-071,158,114
2025-04-23,SKU-071,52,105
2025-04-30,SKU-071,232,111
2025-05-07,SKU-071,148,85
2025-05-14,SKU-071,340,108
2025-05-21,SKU-071,240,100
2025-05-28,SKU-071,529,118
2025-06-04,SKU-071,433,95
2025-06-11,SKU-071,335,98
2025-06-18,SKU-071,213,122
2025-06-25,SKU-071,511,109
2025-07-02,SKU-071,413,98
2025-07-09,SKU-071,303,110
2025-07-16,SKU-071,205,98
2025-07-23,SKU-071,529,89
2025-07-30,SKU-071,432,97
2025-08-06,SKU-071,345,88
2025-08-13,SKU-071,250,95
2025-08-20,SKU-071,112,137
2025-08-27,SKU-071,368,107
2025-09-03,SKU-071,261,107
2025-09-10,SKU-071,150,110
2025-09-17,SKU-071,454,96
2025-09-24,SKU-071,363,91
2025-10-01,SKU-071,288,75
2025-10-08,SKU-071,490,89
2025-10-15,SKU-071,362,127
2025-10-22,SKU-071,278,85
2025-10-29,SKU-071,177,101
2025-11-05,SKU-071,462,66
2025-11-12,SKU-071,367,96
2025-11-19,SKU-071,298,68
2025-11-26,SKU-071,532,99
2025-12-03,SKU-071,423,109
2025-12-10,SKU-071,319,105
2025-12-17,SKU-071,217,102
2025-12-24,SKU-071,502,124
2024-01-03,SKU-072,823,97
2024-01-10,SKU-072,743,80
2024-01-17,SKU-072,659,84
2024-01-24,SKU-072,567,93
2024-01-31,SKU-072,469,98
2024-02-07,SKU-072,398,71
2024-02-14,SKU-072,317,80
2024-02-21,SKU-072,235,82
2024-02-28,SKU-072,465,93
2024-03-06,SKU-072,385,80
2024-03-13,SKU-072,277,108
2024-03-20,SKU-072,190,87
2024-03-27,SKU-072,125,64
2024-04-03,SKU-072,378,103
2024-04-10,SKU-072,297,81
2024-04-17,SKU-072,208,89
2024-04-24,SKU-072,99,109
2024-05-01,SKU-072,18,82
2024-05-08,SKU-072,199,107
2024-05-15,SKU-072,105,94
2024-05-22,SKU-072,12,93
2024-05-29,SKU-072,324,98
2024-06-05,SKU-072,226,98
2024-06-19,SKU-072,22,126
2024-06-26,SKU-072,211,103
2024-07-03,SKU-072,115,96
2024-07-10,SKU-072,18,97
2024-07-17,SKU-072,0,88
2024-07-24,SKU-072,570,91
2024-07-31,SKU-072,475,95
2024-08-07,SKU-072,381,93
2024-08-14,SKU-072,287,94
2024-08-21,SKU-072,190,97
2024-08-28,SKU-072,515,81
2024-09-04,SKU-072,418,98
2024-09-11,SKU-072,330,88
2024-09-18,SKU-072,236,93
2024-09-25,SKU-072,138,98
2024-10-02,SKU-072,331,85
2024-10-09,SKU-072,223,107
2024-10-16,SKU-072,441,75
2024-10-23,SKU-072,339,102
2024-10-30,SKU-072,245,94
2024-11-06,SKU-072,130,115
2024-11-13,SKU-072,361,94
2024-11-20,SKU-072,272,89
2024-11-27,SKU-072,509,111
2024-12-04,SKU-072,422,87
2024-12-11,SKU-072,330,91
2024-12-18,SKU-072,225,106
2024-12-25,SKU-072,441,107
2025-01-01,SKU-072,369,72
2025-01-08,SKU-072,282,87
2025-01-15,SKU-072,181,101
2025-01-22,SKU-072,311,122
2025-01-29,SKU-072,209,102
2025-02-05,SKU-072,113,96
2025-02-12,SKU-072,278,104
2025-02-19,SKU-072,171,107
2025-02-26,SKU-072,85,86
2025-03-05,SKU-072,290,91
2025-03-12,SKU-072,213,77
2025-03-19,SKU-072,116,97
2025-03-26,SKU-072,391,90
2025-04-02,SKU-072,304,88
2025-04-09,SKU-072,234,70
2025-04-16,SKU-072,131,103
2025-04-23,SKU-072,436,64
2025-04-30,SKU-072,368,67
2025-05-07,SKU-072,280,89
2025-05-14,SKU-072,172,107
2025-05-21,SKU-072,89,83
2025-05-28,SKU-072,0,89
2025-06-04,SKU-072,151,109
2025-06-11,SKU-072,40,111
2025-06-18,SKU-072,0,85
2025-06-25,SKU-072,127,106
2025-07-02,SKU-072,39,88
2025-07-09,SKU-072,0,113
2025-07-16,SKU-072,0,91
2025-07-30,SKU-072,549,118
2025-08-06,SKU-072,465,84
2025-08-13,SKU-072,370,95
2025-08-20,SKU-072,260,110
2025-08-27,SKU-072,156,103
2025-09-03,SKU-072,403,84
2025-09-10,SKU-072,305,98
2025-09-17,SKU-072,217,88
2025-09-24,SKU-072,116,102
2025-10-01,SKU-072,354,73
2025-10-08,SKU-072,257,98
2025-10-15,SKU-072,139,118
2025-10-22,SKU-072,328,82
2025-10-29,SKU-072,251,77
2025-11-05,SKU-072,472,105
2025-11-12,SKU-072,375,97
2025-11-19,SKU-072,288,87
2025-11-26,SKU-072,215,73
2025-12-03,SKU-072,129,86
2025-12-10,SKU-072,426,96
2025-12-17,SKU-072,330,96
2025-12-24,SKU-072,226,104
2024-01-03,SKU-073,1032,84
2024-01-10,SKU-073,916,117
2024-01-17,SKU-073,802,114
2024-01-24,SKU-073,658,143
2024-01-31,SKU-073,508,150
2024-02-07,SKU-073,389,119
2024-02-14,SKU-073,273,116
2024-02-21,SKU-073,160,113
2024-02-28,SKU-073,424,164
2024-03-06,SKU-073,303,121
2024-03-13,SKU-073,184,119
2024-03-20,SKU-073,48,136
2024-03-27,SKU-073,0,126
2024-04-03,SKU-073,424,121
2024-04-10,SKU-073,328,96
2024-04-17,SKU-073,223,105
2024-04-24,SKU-073,90,133
2024-05-01,SKU-073,423,140
2024-05-08,SKU-073,309,115
2024-05-15,SKU-073,646,106
2024-05-22,SKU-073,513,133
2024-05-29,SKU-073,361,152
2024-06-05,SKU-073,246,115
2024-06-12,SKU-073,138,108
2024-06-19,SKU-073,379,104
2024-06-26,SKU-073,253,126
2024-07-03,SKU-073,134,119
2024-07-10,SKU-073,550,131
2024-07-17,SKU-073,451,98
2024-07-24,SKU-073,367,85
2024-07-31,SKU-073,664,134
2024-08-07,SKU-073,563,101
2024-08-14,SKU-073,442,122
2024-08-21,SKU-073,302,139
2024-08-28,SKU-073,624,112
2024-09-04,SKU-073,514,110
2024-09-11,SKU-073,361,153
2024-09-18,SKU-073,243,118
2024-09-25,SKU-073,475,133
2024-10-02,SKU-073,363,112
2024-10-09,SKU-073,269,93
2024-10-16,SKU-073,505,172
2024-10-23,SKU-073,371,134
2024-10-30,SKU-073,230,140
2024-11-06,SKU-073,491,97
2024-11-13,SKU-073,360,131
2024-11-20,SKU-073,278,82
2024-11-27,SKU-073,654,106
2024-12-04,SKU-073,539,115
2024-12-11,SKU-073,407,132
2024-12-18,SKU-073,276,131
2024-12-25,SKU-073,498,142
2025-01-01,SKU-073,389,109
2025-01-08,SKU-073,260,129
2025-01-15,SKU-073,524,115
2025-01-22,SKU-073,410,114
2025-01-29,SKU-073,281,129
2025-02-05,SKU-073,152,129
2025-02-12,SKU-073,354,137
2025-02-19,SKU-073,206,148
2025-02-26,SKU-073,66,140
2025-03-05,SKU-073,0,108
2025-03-12,SKU-073,351,86
2025-03-19,SKU-073,228,123
2025-03-26,SKU-073,97,131
2025-04-02,SKU-073,0,132
2025-04-09,SKU-073,307,119
2025-04-16,SKU-073,160,147
2025-04-23,SKU-073,53,107
2025-04-30,SKU-073,0,115
2025-05-07,SKU-073,690,123
2025-05-14,SKU-073,580,110
2025-05-21,SKU-073,437,142
2025-05-28,SKU-073,278,160
2025-06-18,SKU-073,387,160
2025-06-25,SKU-073,265,121
2025-07-02,SKU-073,567,143
2025-07-09,SKU-073,406,161
2025-07-16,SKU-073,282,124
2025-07-23,SKU-073,180,101
2025-07-30,SKU-073,659,141
2025-08-06,SKU-073,578,82
2025-08-13,SKU-073,438,139
2025-08-20,SKU-073,322,117
2025-08-27,SKU-073,193,128
2025-09-03,SKU-073,637,121
2025-09-10,SKU-073,496,141
2025-09-17,SKU-073,351,145
2025-09-24,SKU-073,241,110
2025-10-01,SKU-073,588,125
2025-10-08,SKU-073,448,140
2025-10-15,SKU-073,326,122
2025-10-22,SKU-073,226,100
2025-10-29,SKU-073,609,134
2025-11-05,SKU-073,550,58
2025-11-12,SKU-073,450,101
2025-11-19,SKU-073,330,120
2025-11-26,SKU-073,569,131
2025-12-03,SKU-073,456,113
2025-12-10,SKU-073,318,138
2025-12-17,SKU-073,209,109
2025-12-24,SKU-073,520,151
2024-01-03,SKU-074,636,92
2024-01-10,SKU-074,518,117
2024-01-17,SKU-074,427,91
2024-01-24,SKU-074,334,93
2024-01-31,SKU-074,243,91
2024-02-07,SKU-074,178,65
2024-02-14,SKU-074,280,91
2024-02-21,SKU-074,190,90
2024-02-28,SKU-074,362,98
2024-03-06,SKU-074,292,71
2024-03-13,SKU-074,195,97
2024-03-20,SKU-074,113,82
2024-03-27,SKU-074,450,80
2024-04-03,SKU-074,377,74
2024-04-10,SKU-074,278,98
2024-04-17,SKU-074,179,100
2024-04-24,SKU-074,303,108
2024-05-01,SKU-074,219,84
2024-05-08,SKU-074,111,108
2024-05-15,SKU-074,15,96
2024-05-22,SKU-074,0,96
2024-05-29,SKU-074,247,81
2024-06-05,SKU-074,166,81
2024-06-12,SKU-074,292,107
2024-06-19,SKU-074,199,93
2024-06-26,SKU-074,124,75
2024-07-03,SKU-074,12,112
2024-07-10,SKU-074,220,97
2024-07-17,SKU-074,154,67
2024-07-24,SKU-074,67,87
2024-07-31,SKU-074,0,112
2024-08-07,SKU-074,268,83
2024-08-14,SKU-074,469,84
2024-08-28,SKU-074,277,102
2024-09-04,SKU-074,176,100
2024-09-11,SKU-074,64,112
2024-09-18,SKU-074,324,111
2024-09-25,SKU-074,230,94
2024-10-02,SKU-074,402,104
2024-10-09,SKU-074,303,98
2024-10-16,SKU-074,211,93
2024-10-23,SKU-074,99,112
2024-10-30,SKU-074,256,98
2024-11-06,SKU-074,168,88
2024-11-13,SKU-074,475,95
2024-11-20,SKU-074,357,118
2024-11-27,SKU-074,282,75
2024-12-04,SKU-074,197,85
2024-12-11,SKU-074,482,91
2024-12-18,SKU-074,364,118
2024-12-25,SKU-074,259,105
2025-01-01,SKU-074,162,97
2025-01-08,SKU-074,92,70
2025-01-15,SKU-074,329,96
2025-01-22,SKU-074,226,104
2025-01-29,SKU-074,440,74
2025-02-05,SKU-074,314,126
2025-02-12,SKU-074,227,88
2025-02-19,SKU-074,375,96
2025-02-26,SKU-074,268,107
2025-03-05,SKU-074,183,84
2025-03-12,SKU-074,87,97
2025-03-19,SKU-074,281,92
2025-03-26,SKU-074,182,99
2025-04-02,SKU-074,419,109
2025-04-09,SKU-074,338,81
2025-04-16,SKU-074,246,92
2025-04-23,SKU-074,149,96
2025-04-30,SKU-074,58,91
2025-05-07,SKU-074,0,97
2025-05-14,SKU-074,0,80
2025-05-21,SKU-074,211,122
2025-05-28,SKU-074,104,107
2025-06-04,SKU-074,8,95
2025-06-11,SKU-074,206,68
2025-06-18,SKU-074,110,96
2025-06-25,SKU-074,350,71
2025-07-02,SKU-074,249,100
2025-07-09,SKU-074,168,82
2025-07-16,SKU-074,53,114
2025-07-23,SKU-074,325,100
2025-07-30,SKU-074,239,86
2025-08-06,SKU-074,382,91
2025-08-13,SKU-074,279,103
2025-08-20,SKU-074,179,100
2025-08-27,SKU-074,85,94
2025-09-03,SKU-074,278,104
2025-09-10,SKU-074,168,109
2025-09-17,SKU-074,386,89
2025-09-24,SKU-074,290,97
2025-10-01,SKU-074,194,95
2025-10-08,SKU-074,109,85
2025-10-15,SKU-074,420,90
2025-10-22,SKU-074,334,85
2025-10-29,SKU-074,246,89
2025-11-05,SKU-074,147,98
2025-11-12,SKU-074,365,100
2025-11-19,SKU-074,260,105
2025-11-26,SKU-074,185,75
2025-12-03,SKU-074,105,80
2025-12-10,SKU-074,412,103
2025-12-17,SKU-074,324,88
2025-12-24,SKU-074,214,110
2024-01-03,SKU-075,713,169
2024-01-10,SKU-075,605,107
2024-01-17,SKU-075,460,146
2024-01-24,SKU-075,336,124
2024-01-31,SKU-075,614,124
2024-02-07,SKU-075,475,140
2024-02-14,SKU-075,357,118
2024-02-21,SKU-075,513,142
2024-02-28,SKU-075,401,113
2024-03-06,SKU-075,257,144
2024-03-13,SKU-075,557,115
2024-03-20,SKU-075,409,147
2024-03-27,SKU-075,268,142
2024-04-03,SKU-075,593,140
2024-04-10,SKU-075,467,126
2024-04-17,SKU-075,372,95
2024-04-24,SKU-075,231,140
2024-05-01,SKU-075,531,144
2024-05-08,SKU-075,405,126
2024-05-15,SKU-075,285,120
2024-05-22,SKU-075,136,149
2024-05-29,SKU-075,575,117
2024-06-05,SKU-075,463,112
2024-06-12,SKU-075,335,128
2024-06-19,SKU-075,220,115
2024-06-26,SKU-075,548,143
2024-07-03,SKU-075,424,124
2024-07-10,SKU-075,272,152
2024-07-17,SKU-075,141,131
2024-07-24,SKU-075,405,186
2024-07-31,SKU-075,283,121
2024-08-07,SKU-075,628,79
2024-08-14,SKU-075,509,118
2024-08-21,SKU-075,383,126
2024-08-28,SKU-075,225,157
2024-09-04,SKU-075,524,135
2024-09-11,SKU-075,387,137
2024-09-18,SKU-075,245,142
2024-09-25,SKU-075,677,95
2024-10-02,SKU-075,564,113
2024-10-09,SKU-075,427,137
2024-10-16,SKU-075,283,144
2024-10-23,SKU-075,588,117
2024-10-30,SKU-075,487,101
2024-11-06,SKU-075,391,96
2024-11-13,SKU-075,253,138
2024-11-20,SKU-075,552,115
2024-11-27,SKU-075,442,111
2024-12-04,SKU-075,334,108
2024-12-11,SKU-075,214,120
2024-12-18,SKU-075,421,131
2024-12-25,SKU-075,298,123
2025-01-01,SKU-075,142,156
2025-01-08,SKU-075,533,146
2025-01-15,SKU-075,421,113
2025-01-22,SKU-075,277,144
2025-01-29,SKU-075,114,163
2025-02-05,SKU-075,446,151
2025-02-12,SKU-075,301,144
2025-02-19,SKU-075,169,133
2025-02-26,SKU-075,403,145
2025-03-05,SKU-075,297,105
2025-03-12,SKU-075,586,132
2025-03-19,SKU-075,456,130
2025-03-26,SKU-075,327,129
2025-04-02,SKU-075,653,123
2025-04-09,SKU-075,506,147
2025-04-16,SKU-075,348,158
2025-04-23,SKU-075,220,127
2025-04-30,SKU-075,695,139
2025-05-07,SKU-075,558,136
2025-05-14,SKU-075,455,104
2025-05-21,SKU-075,289,166
2025-05-28,SKU-075,546,166
2025-06-04,SKU-075,417,129
2025-06-11,SKU-075,287,130
2025-06-18,SKU-075,177,109
2025-06-25,SKU-075,493,140
2025-07-02,SKU-075,360,133
2025-07-09,SKU-075,666,114
2025-07-16,SKU-075,547,119
2025-07-23,SKU-075,381,166
2025-07-30,SKU-075,273,108
2025-08-06,SKU-075,150,124
2025-08-13,SKU-075,549,123
2025-08-20,SKU-075,445,104
2025-08-27,SKU-075,342,104
2025-09-03,SKU-075,198,144
2025-09-10,SKU-075,425,156
2025-09-17,SKU-075,318,107
2025-09-24,SKU-075,175,143
2025-10-01,SKU-075,466,141
2025-10-08,SKU-075,343,122
2025-10-15,SKU-075,726,120
2025-10-22,SKU-075,593,133
2025-10-29,SKU-075,464,129
2025-11-05,SKU-075,354,110
2025-11-12,SKU-075,559,128
2025-11-19,SKU-075,444,115
2025-11-26,SKU-075,353,91
2025-12-03,SKU-075,632,116
2025-12-10,SKU-075,491,141
2025-12-17,SKU-075,371,120
2025-12-24,SKU-075,648,142
2024-01-03,SKU-076,737,73
2024-01-10,SKU-076,671,65
2024-01-17,SKU-076,579,93
2024-01-24,SKU-076,504,75
2024-01-31,SKU-076,428,76
2024-02-07,SKU-076,349,79
2024-02-14,SKU-076,278,71
2024-02-21,SKU-076,190,89
2024-02-28,SKU-076,107,83
2024-03-06,SKU-076,333,56
2024-03-13,SKU-076,249,85
2024-03-20,SKU-076,165,83
2024-03-27,SKU-076,387,63
2024-04-03,SKU-076,297,90
2024-04-10,SKU-076,234,64
2024-04-17,SKU-076,359,82
2024-04-24,SKU-076,296,63
2024-05-01,SKU-076,214,82
2024-05-08,SKU-076,113,100
2024-05-15,SKU-076,39,75
2024-05-22,SKU-076,276,99
2024-05-29,SKU-076,176,100
2024-06-05,SKU-076,81,95
2024-06-12,SKU-076,22,59
2024-06-19,SKU-076,0,96
2024-06-26,SKU-076,151,80
2024-07-03,SKU-076,358,74
2024-07-10,SKU-076,291,67
2024-07-17,SKU-076,218,73
2024-07-24,SKU-076,351,101
2024-07-31,SKU-076,263,88
2024-08-07,SKU-076,166,97
2024-08-14,SKU-076,365,76
2024-08-21,SKU-076,272,92
2024-08-28,SKU-076,199,73
2024-09-04,SKU-076,124,75
2024-09-11,SKU-076,385,78
2024-09-18,SKU-076,300,84
2024-09-25,SKU-076,211,89
2024-10-02,SKU-076,421,77
2024-10-09,SKU-076,335,87
2024-10-16,SKU-076,243,91
2024-10-23,SKU-076,170,73
2024-10-30,SKU-076,77,93
2024-11-06,SKU-076,349,84
2024-11-13,SKU-076,284,64
2024-11-20,SKU-076,200,85
2024-11-27,SKU-076,101,99
2024-12-04,SKU-076,317,95
2024-12-11,SKU-076,277,40
2024-12-18,SKU-076,208,69
2024-12-25,SKU-076,129,79
2025-01-01,SKU-076,341,89
2025-01-08,SKU-076,256,84
2025-01-15,SKU-076,189,68
2025-01-22,SKU-076,97,92
2025-01-29,SKU-076,289,75
2025-02-05,SKU-076,222,67
2025-02-12,SKU-076,144,78
2025-02-19,SKU-076,410,63
2025-02-26,SKU-076,333,77
2025-03-05,SKU-076,261,73
2025-03-12,SKU-076,189,72
2025-03-19,SKU-076,361,87
2025-03-26,SKU-076,296,64
2025-04-02,SKU-076,199,97
2025-04-09,SKU-076,357,72
2025-04-16,SKU-076,277,81
2025-04-23,SKU-076,207,70
2025-04-30,SKU-076,118,90
2025-05-07,SKU-076,42,76
2025-05-14,SKU-076,0,60
2025-05-21,SKU-076,230,52
2025-05-28,SKU-076,151,79
2025-06-04,SKU-076,92,59
2025-06-11,SKU-076,291,73
2025-06-18,SKU-076,201,90
2025-06-25,SKU-076,129,72
2025-07-02,SKU-076,409,64
2025-07-09,SKU-076,334,75
2025-07-16,SKU-076,259,75
2025-07-23,SKU-076,171,88
2025-07-30,SKU-076,376,82
2025-08-06,SKU-076,293,83
2025-08-13,SKU-076,212,81
2025-08-20,SKU-076,362,80
2025-08-27,SKU-076,282,80
2025-09-03,SKU-076,194,88
2025-09-10,SKU-076,442,77
2025-09-17,SKU-076,358,84
2025-09-24,SKU-076,264,94
2025-10-01,SKU-076,191,73
2025-10-08,SKU-076,427,85
2025-10-15,SKU-076,328,99
2025-10-29,SKU-076,159,85
2025-11-05,SKU-076,459,69
2025-11-12,SKU-076,370,89
2025-11-19,SKU-076,292,78
2025-11-26,SKU-076,230,62
2025-12-03,SKU-076,385,78
2025-12-10,SKU-076,315,69
2025-12-17,SKU-076,234,81
2025-12-24,SKU-076,384,84
2024-01-03,SKU-077,1170,117
2024-01-10,SKU-077,1023,146
2024-01-17,SKU-077,874,149
2024-01-24,SKU-077,734,140
2024-01-31,SKU-077,581,153
2024-02-07,SKU-077,395,186
2024-02-14,SKU-077,275,120
2024-02-21,SKU-077,149,127
2024-02-28,SKU-077,565,154
2024-03-06,SKU-077,391,174
2024-03-13,SKU-077,776,112
2024-03-20,SKU-077,614,162
2024-03-27,SKU-077,471,143
2024-04-03,SKU-077,324,147
2024-04-10,SKU-077,763,128
2024-04-17,SKU-077,600,162
2024-04-24,SKU-077,443,157
2024-05-01,SKU-077,322,121
2024-05-08,SKU-077,202,120
2024-05-15,SKU-077,655,166
2024-05-22,SKU-077,472,183
2024-05-29,SKU-077,361,111
2024-06-05,SKU-077,737,137
2024-06-12,SKU-077,611,126
2024-06-19,SKU-077,485,125
2024-06-26,SKU-077,311,174
2024-07-03,SKU-077,166,145
2024-07-10,SKU-077,616,150
2024-07-17,SKU-077,489,127
2024-07-24,SKU-077,336,153
2024-08-07,SKU-077,521,137
2024-08-14,SKU-077,405,116
2024-08-21,SKU-077,665,166
2024-08-28,SKU-077,493,172
2024-09-04,SKU-077,364,130
2024-09-11,SKU-077,241,122
2024-09-18,SKU-077,499,157
2024-09-25,SKU-077,338,161
2024-10-02,SKU-077,604,153
2024-10-09,SKU-077,448,156
2024-10-16,SKU-077,308,140
2024-10-23,SKU-077,658,156
2024-10-30,SKU-077,536,122
2024-11-06,SKU-077,393,142
2024-11-13,SKU-077,251,143
2024-11-20,SKU-077,516,128
2024-11-27,SKU-077,384,133
2024-12-04,SKU-077,686,147
2024-12-11,SKU-077,540,146
2024-12-18,SKU-077,341,200
2024-12-25,SKU-077,206,135
2025-01-01,SKU-077,510,120
2025-01-08,SKU-077,353,157
2025-01-15,SKU-077,742,130
2025-01-22,SKU-077,596,146
2025-01-29,SKU-077,434,162
2025-02-05,SKU-077,326,108
2025-02-12,SKU-077,682,150
2025-02-19,SKU-077,530,153
2025-02-26,SKU-077,389,141
2025-03-05,SKU-077,618,180
2025-03-12,SKU-077,479,139
2025-03-19,SKU-077,373,106
2025-03-26,SKU-077,247,126
2025-04-02,SKU-077,664,158
2025-04-09,SKU-077,522,142
2025-04-16,SKU-077,350,172
2025-04-23,SKU-077,175,175
2025-04-30,SKU-077,519,146
2025-05-07,SKU-077,337,182
2025-05-14,SKU-077,197,140
2025-05-21,SKU-077,540,93
2025-05-28,SKU-077,341,200
2025-06-04,SKU-077,739,154
2025-06-11,SKU-077,598,142
2025-06-18,SKU-077,401,197
2025-06-25,SKU-077,274,126
2025-07-02,SKU-077,793,127
2025-07-09,SKU-077,642,150
2025-07-16,SKU-077,469,173
2025-07-23,SKU-077,301,168
2025-07-30,SKU-077,178,123
2025-08-06,SKU-077,506,133
2025-08-13,SKU-077,317,189
2025-08-20,SKU-077,611,113
2025-08-27,SKU-077,445,165
2025-09-03,SKU-077,299,147
2025-09-10,SKU-077,608,177
2025-09-17,SKU-077,487,121
2025-09-24,SKU-077,343,144
2025-10-01,SKU-077,810,141
2025-10-08,SKU-077,660,150
2025-10-22,SKU-077,356,187
2025-10-29,SKU-077,677,143
2025-11-05,SKU-077,525,152
2025-11-12,SKU-077,355,170
2025-11-26,SKU-077,625,142
2025-12-03,SKU-077,527,98
2025-12-10,SKU-077,370,157
2025-12-17,SKU-077,699,174
2025-12-24,SKU-077,564,136
2024-01-03,SKU-078,573,120
2024-01-10,SKU-078,488,84
2024-01-17,SKU-078,382,106
2024-01-24,SKU-078,293,89
2024-01-31,SKU-078,522,96
2024-02-07,SKU-078,406,116
2024-02-14,SKU-078,299,107
2024-02-21,SKU-078,168,131
2024-02-28,SKU-078,87,81
2024-03-06,SKU-078,358,101
2024-03-13,SKU-078,283,75
2024-03-20,SKU-078,189,94
2024-03-27,SKU-078,428,93
2024-04-03,SKU-078,329,99
2024-04-10,SKU-078,219,110
2024-04-17,SKU-078,483,84
2024-04-24,SKU-078,350,133
2024-05-08,SKU-078,142,90
2024-05-15,SKU-078,32,109
2024-05-22,SKU-078,201,104
2024-05-29,SKU-078,85,116
2024-06-05,SKU-078,26,58
2024-06-12,SKU-078,0,96
2024-06-19,SKU-078,266,74
2024-06-26,SKU-078,178,88
2024-07-03,SKU-078,79,98
2024-07-10,SKU-078,343,96
2024-07-17,SKU-078,252,91
2024-07-24,SKU-078,443,100
2024-07-31,SKU-078,333,110
2024-08-07,SKU-078,237,97
2024-08-14,SKU-078,534,93
2024-08-21,SKU-078,437,97
2024-08-28,SKU-078,338,99
2024-09-04,SKU-078,249,89
2024-09-11,SKU-078,140,109
2024-09-18,SKU-078,381,83
2024-09-25,SKU-078,274,106
2024-10-02,SKU-078,548,110
2024-10-09,SKU-078,459,89
2024-10-16,SKU-078,386,73
2024-10-23,SKU-078,277,109
2024-10-30,SKU-078,472,91
2024-11-06,SKU-078,355,117
2024-11-13,SKU-078,283,72
2024-11-20,SKU-078,199,84
2024-11-27,SKU-078,440,95
2024-12-04,SKU-078,331,109
2024-12-11,SKU-078,226,105
2024-12-18,SKU-078,521,113
2024-12-25,SKU-078,423,98
2025-01-01,SKU-078,336,87
2025-01-08,SKU-078,225,111
2025-01-15,SKU-078,556,94
2025-01-22,SKU-078,462,94
2025-01-29,SKU-078,379,83
2025-02-05,SKU-078,260,118
2025-02-12,SKU-078,150,110
2025-02-19,SKU-078,295,132
2025-02-26,SKU-078,212,83
2025-03-05,SKU-078,530,107
2025-03-12,SKU-078,440,90
2025-03-19,SKU-078,359,81
2025-03-26,SKU-078,278,81
2025-04-02,SKU-078,188,89
2025-04-09,SKU-078,417,92
2025-04-16,SKU-078,340,77
2025-04-23,SKU-078,264,76
2025-04-30,SKU-078,190,74
2025-05-07,SKU-078,83,107
2025-05-14,SKU-078,0,92
2025-05-21,SKU-078,378,63
2025-05-28,SKU-078,278,100
2025-06-04,SKU-078,195,84
2025-06-11,SKU-078,88,107
2025-06-18,SKU-078,276,107
2025-06-25,SKU-078,160,116
2025-07-02,SKU-078,63,97
2025-07-09,SKU-078,0,98
2025-07-16,SKU-078,238,74
2025-07-23,SKU-078,155,82
2025-07-30,SKU-078,52,104
2025-08-06,SKU-078,0,81
2025-08-13,SKU-078,576,113
2025-08-20,SKU-078,484,92
2025-08-27,SKU-078,381,103
2025-09-03,SKU-078,282,99
2025-09-10,SKU-078,192,90
2025-09-17,SKU-078,341,89
2025-09-24,SKU-078,245,96
2025-10-01,SKU-078,464,95
2025-10-08,SKU-078,370,94
2025-10-15,SKU-078,250,120
2025-10-22,SKU-078,376,124
2025-10-29,SKU-078,262,114
2025-11-05,SKU-078,140,122
2025-11-12,SKU-078,27,113
2025-11-19,SKU-078,428,87
2025-11-26,SKU-078,309,119
2025-12-03,SKU-078,191,118
2025-12-10,SKU-078,455,115
2025-12-17,SKU-078,332,123
2025-12-24,SKU-078,232,100
2024-01-03,SKU-079,716,103
2024-01-10,SKU-079,564,151
2024-01-17,SKU-079,420,144
2024-01-24,SKU-079,317,103
2024-01-31,SKU-079,210,107
2024-02-07,SKU-079,392,149
2024-02-14,SKU-079,259,133
2024-02-21,SKU-079,180,79
2024-02-28,SKU-079,497,102
2024-03-06,SKU-079,384,113
2024-03-13,SKU-079,269,116
2024-03-20,SKU-079,639,144
2024-03-27,SKU-079,539,100
2024-04-03,SKU-079,424,115
2024-04-10,SKU-079,297,127
2024-04-17,SKU-079,176,121
2024-04-24,SKU-079,500,83
2024-05-01,SKU-079,362,137
2024-05-08,SKU-079,238,124
2024-05-15,SKU-079,85,153
2024-05-22,SKU-079,0,128
2024-05-29,SKU-079,408,111
2024-06-05,SKU-079,309,98
2024-06-12,SKU-079,563,117
2024-06-19,SKU-079,429,134
2024-06-26,SKU-079,322,107
2024-07-03,SKU-079,636,123
2024-07-10,SKU-079,530,107
2024-07-17,SKU-079,391,139
2024-07-24,SKU-079,262,129
2024-07-31,SKU-079,599,94
2024-08-07,SKU-079,490,110
2024-08-14,SKU-079,407,83
2024-08-21,SKU-079,312,95
2024-08-28,SKU-079,509,151
2024-09-04,SKU-079,386,123
2024-09-11,SKU-079,278,108
2024-09-18,SKU-079,481,140
2024-09-25,SKU-079,363,118
2024-10-02,SKU-079,240,124
2024-10-09,SKU-079,520,106
2024-10-16,SKU-079,414,106
2024-10-23,SKU-079,292,122
2024-10-30,SKU-079,571,132
2024-11-13,SKU-079,349,110
2024-11-20,SKU-079,530,117
2024-11-27,SKU-079,430,100
2024-12-04,SKU-079,338,92
2024-12-11,SKU-079,220,118
2024-12-18,SKU-079,595,88
2024-12-25,SKU-079,487,108
2025-01-01,SKU-079,382,105
2025-01-08,SKU-079,264,118
2025-01-15,SKU-079,144,120
2025-01-22,SKU-079,401,132
2025-01-29,SKU-079,280,121
2025-02-05,SKU-079,170,110
2025-02-12,SKU-079,396,117
2025-02-19,SKU-079,280,116
2025-02-26,SKU-079,159,121
2025-03-05,SKU-079,511,104
2025-03-12,SKU-079,385,126
2025-03-19,SKU-079,263,122
2025-03-26,SKU-079,581,137
2025-04-02,SKU-079,467,114
2025-04-09,SKU-079,379,88
2025-04-16,SKU-079,526,130
2025-04-23,SKU-079,408,118
2025-04-30,SKU-079,265,144
2025-05-07,SKU-079,487,119
2025-05-14,SKU-079,346,141
2025-05-21,SKU-079,206,141
2025-05-28,SKU-079,587,132
2025-06-04,SKU-079,471,116
2025-06-11,SKU-079,367,104
2025-06-18,SKU-079,247,119
2025-06-25,SKU-079,113,134
2025-07-02,SKU-079,484,140
2025-07-09,SKU-079,360,124
2025-07-16,SKU-079,243,116
2025-07-23,SKU-079,631,117
2025-07-30,SKU-079,516,115
2025-08-06,SKU-079,407,109
2025-08-13,SKU-079,256,151
2025-08-20,SKU-079,523,127
2025-08-27,SKU-079,392,131
2025-09-03,SKU-079,280,112
2025-09-10,SKU-079,183,97
2025-09-17,SKU-079,516,126
2025-09-24,SKU-079,420,97
2025-10-01,SKU-079,318,102
2025-10-08,SKU-079,576,114
2025-10-15,SKU-079,474,102
2025-10-22,SKU-079,354,120
2025-10-29,SKU-079,231,123
2025-11-05,SKU-079,69,162
2025-11-12,SKU-079,326,127
2025-11-19,SKU-079,495,136
2025-11-26,SKU-079,377,118
2025-12-03,SKU-079,285,93
2025-12-10,SKU-079,170,115
2025-12-17,SKU-079,454,113
2025-12-24,SKU-079,306,147
2024-01-03,SKU-080,678,132
2024-01-10,SKU-080,533,145
2024-01-17,SKU-080,407,126
2024-01-31,SKU-080,86,138
2024-02-07,SKU-080,524,119
2024-02-14,SKU-080,386,138
2024-02-21,SKU-080,577,152
2024-02-28,SKU-080,465,112
2024-03-06,SKU-080,315,151
2024-03-13,SKU-080,205,110
2024-03-20,SKU-080,549,160
2024-03-27,SKU-080,440,109
2024-04-03,SKU-080,315,126
2024-04-10,SKU-080,182,133
2024-04-17,SKU-080,523,122
2024-04-24,SKU-080,437,86
2024-05-01,SKU-080,314,123
2024-05-08,SKU-080,133,181
2024-05-15,SKU-080,16,117
2024-05-22,SKU-080,309,137
2024-05-29,SKU-080,179,130
2024-06-05,SKU-080,41,138
2024-06-12,SKU-080,0,120
2024-06-19,SKU-080,0,151
2024-06-26,SKU-080,312,141
2024-07-03,SKU-080,200,112
2024-07-10,SKU-080,457,117
2024-07-17,SKU-080,335,122
2024-07-24,SKU-080,223,112
2024-07-31,SKU-080,628,168
2024-08-07,SKU-080,506,122
2024-08-14,SKU-080,334,171
2024-08-21,SKU-080,649,132
2024-08-28,SKU-080,533,117
2024-09-04,SKU-080,383,150
2024-09-11,SKU-080,763,127
2024-09-18,SKU-080,650,113
2024-09-25,SKU-080,508,143
2024-10-02,SKU-080,331,177
2024-10-09,SKU-080,602,153
2024-10-16,SKU-080,468,134
2024-10-23,SKU-080,335,133
2024-10-30,SKU-080,196,139
2024-11-06,SKU-080,577,78
2024-11-13,SKU-080,459,118
2024-11-20,SKU-080,298,161
2024-11-27,SKU-080,496,176
2024-12-04,SKU-080,366,130
2024-12-11,SKU-080,620,127
2024-12-18,SKU-080,481,139
2024-12-25,SKU-080,362,119
2025-01-01,SKU-080,215,147
2025-01-08,SKU-080,504,167
2025-01-15,SKU-080,354,150
2025-01-22,SKU-080,674,118
2025-01-29,SKU-080,520,154
2025-02-05,SKU-080,346,174
2025-02-12,SKU-080,198,148
2025-02-19,SKU-080,510,115
2025-02-26,SKU-080,370,141
2025-03-05,SKU-080,638,127
2025-03-12,SKU-080,478,159
2025-03-19,SKU-080,328,150
2025-03-26,SKU-080,181,147
2025-04-02,SKU-080,448,141
2025-04-09,SKU-080,316,132
2025-04-16,SKU-080,662,139
2025-04-23,SKU-080,517,146
2025-04-30,SKU-080,339,177
2025-05-07,SKU-080,188,151
2025-05-14,SKU-080,28,160
2025-05-21,SKU-080,334,125
2025-05-28,SKU-080,203,131
2025-06-04,SKU-080,99,105
2025-06-11,SKU-080,0,119
2025-06-18,SKU-080,287,138
2025-06-25,SKU-080,188,99
2025-07-02,SKU-080,51,137
2025-07-09,SKU-080,275,133
2025-07-16,SKU-080,123,152
2025-07-23,SKU-080,3,120
2025-07-30,SKU-080,316,143
2025-08-06,SKU-080,170,145
2025-08-13,SKU-080,663,111
2025-08-20,SKU-080,522,140
2025-08-27,SKU-080,406,116
2025-09-03,SKU-080,723,137
2025-09-10,SKU-080,600,123
2025-09-17,SKU-080,470,130
2025-09-24,SKU-080,316,154
2025-10-01,SKU-080,615,114
2025-10-08,SKU-080,523,92
2025-10-15,SKU-080,394,129
2025-10-22,SKU-080,697,155
2025-10-29,SKU-080,537,159
2025-11-05,SKU-080,388,149
2025-11-12,SKU-080,249,140
2025-11-19,SKU-080,698,115
2025-11-26,SKU-080,529,169
2025-12-03,SKU-080,366,163
2025-12-10,SKU-080,235,131
2025-12-17,SKU-080,645,118
2025-12-24,SKU-080,518,127
2024-01-03,SKU-081,523,93
2024-01-10,SKU-081,440,83
2024-01-17,SKU-081,342,97
2024-01-24,SKU-081,268,75
2024-02-07,SKU-081,367,93
2024-02-14,SKU-081,303,64
2024-02-21,SKU-081,201,102
2024-02-28,SKU-081,135,67
2024-03-06,SKU-081,438,68
2024-03-13,SKU-081,357,81
2024-03-20,SKU-081,261,97
2024-03-27,SKU-081,174,86
2024-04-03,SKU-081,484,83
2024-04-10,SKU-081,411,74
2024-04-17,SKU-081,331,79
2024-04-24,SKU-081,230,101
2024-05-01,SKU-081,125,105
2024-05-08,SKU-081,353,91
2024-05-15,SKU-081,249,104
2024-05-22,SKU-081,145,104
2024-05-29,SKU-081,330,122
2024-06-05,SKU-081,233,98
2024-06-12,SKU-081,416,94
2024-06-26,SKU-081,228,115
2024-07-03,SKU-081,423,84
2024-07-10,SKU-081,335,88
2024-07-17,SKU-081,255,80
2024-07-24,SKU-081,409,93
2024-07-31,SKU-081,307,102
2024-08-07,SKU-081,223,84
2024-08-14,SKU-081,124,99
2024-08-21,SKU-081,409,80
2024-08-28,SKU-081,321,88
2024-09-04,SKU-081,210,110
2024-09-11,SKU-081,136,74
2024-09-18,SKU-081,313,69
2024-09-25,SKU-081,189,124
2024-10-02,SKU-081,362,90
2024-10-09,SKU-081,271,91
2024-10-16,SKU-081,165,106
2024-10-23,SKU-081,428,92
2024-10-30,SKU-081,343,85
2024-11-06,SKU-081,262,81
2024-11-13,SKU-081,396,88
2024-11-20,SKU-081,308,88
2024-11-27,SKU-081,211,97
2024-12-04,SKU-081,453,80
2024-12-11,SKU-081,365,88
2024-12-18,SKU-081,279,86
2024-12-25,SKU-081,214,65
2025-01-01,SKU-081,492,94
2025-01-08,SKU-081,401,91
2025-01-15,SKU-081,317,84
2025-01-22,SKU-081,234,83
2025-01-29,SKU-081,432,115
2025-02-05,SKU-081,346,86
2025-02-12,SKU-081,257,89
2025-02-19,SKU-081,170,87
2025-02-26,SKU-081,337,88
2025-03-05,SKU-081,230,107
2025-03-12,SKU-081,428,50
2025-03-19,SKU-081,330,98
2025-03-26,SKU-081,228,102
2025-04-02,SKU-081,378,77
2025-04-09,SKU-081,301,78
2025-04-16,SKU-081,238,63
2025-04-23,SKU-081,495,95
2025-04-30,SKU-081,398,97
2025-05-07,SKU-081,301,97
2025-05-14,SKU-081,207,93
2025-05-21,SKU-081,105,103
2025-05-28,SKU-081,378,93
2025-06-04,SKU-081,280,98
2025-06-11,SKU-081,199,81
2025-06-18,SKU-081,92,106
2025-06-25,SKU-081,320,107
2025-07-02,SKU-081,241,79
2025-07-09,SKU-081,154,87
2025-07-16,SKU-081,397,90
2025-07-23,SKU-081,309,88
2025-07-30,SKU-081,246,64
2025-08-06,SKU-081,518,86
2025-08-13,SKU-081,433,85
2025-08-20,SKU-081,362,71
2025-08-27,SKU-081,282,80
2025-09-03,SKU-081,187,94
2025-09-10,SKU-081,117,71
2025-09-17,SKU-081,344,81
2025-09-24,SKU-081,242,102
2025-10-01,SKU-081,401,89
2025-10-08,SKU-081,296,105
2025-10-15,SKU-081,220,76
2025-10-22,SKU-081,125,95
2025-10-29,SKU-081,388,76
2025-11-05,SKU-081,302,86
2025-11-12,SKU-081,226,76
2025-11-19,SKU-081,147,79
2025-11-26,SKU-081,424,91
2025-12-03,SKU-081,318,106
2025-12-10,SKU-081,216,102
2025-12-17,SKU-081,102,114
2025-12-24,SKU-081,250,97
2024-01-03,SKU-082,566,100
2024-01-10,SKU-082,485,81
2024-01-17,SKU-082,381,104
2024-01-24,SKU-082,281,99
2024-01-31,SKU-082,141,140
2024-02-07,SKU-082,30,111
2024-02-14,SKU-082,210,115
2024-02-21,SKU-082,112,98
2024-02-28,SKU-082,11,101
2024-03-06,SKU-082,0,85
2024-03-13,SKU-082,224,122
2024-03-20,SKU-082,124,100
2024-03-27,SKU-082,341,128
2024-04-03,SKU-082,241,99
2024-04-10,SKU-082,138,104
2024-04-17,SKU-082,9,129
2024-04-24,SKU-082,276,128
2024-05-01,SKU-082,180,96
2024-05-08,SKU-082,531,136
2024-05-15,SKU-082,411,120
2024-05-22,SKU-082,284,127
2024-05-29,SKU-082,166,119
2024-06-05,SKU-082,561,112
2024-06-12,SKU-082,482,79
2024-06-19,SKU-082,381,101
2024-06-26,SKU-082,286,95
2024-07-03,SKU-082,571,116
2024-07-10,SKU-082,449,122
2024-07-17,SKU-082,328,121
2024-07-24,SKU-082,222,106
2024-07-31,SKU-082,451,113
2024-08-07,SKU-082,356,95
2024-08-14,SKU-082,249,107
2024-08-21,SKU-082,524,99
2024-08-28,SKU-082,419,105
2024-09-04,SKU-082,323,95
2024-09-11,SKU-082,229,94
2024-09-18,SKU-082,96,134
2024-09-25,SKU-082,393,114
2024-10-02,SKU-082,278,115
2024-10-09,SKU-082,571,83
2024-10-16,SKU-082,483,89
2024-10-23,SKU-082,332,151
2024-10-30,SKU-082,215,117
2024-11-06,SKU-082,446,117
2024-11-13,SKU-082,337,109
2024-11-20,SKU-082,218,119
2024-11-27,SKU-082,492,114
2024-12-04,SKU-082,395,97
2024-12-11,SKU-082,308,87
2024-12-18,SKU-082,607,120
2024-12-25,SKU-082,498,109
2025-01-01,SKU-082,408,90
2025-01-08,SKU-082,293,115
2025-01-15,SKU-082,545,79
2025-01-22,SKU-082,452,93
2025-01-29,SKU-082,337,115
2025-02-05,SKU-082,209,128
2025-02-12,SKU-082,72,137
2025-02-19,SKU-082,0,99
2025-02-26,SKU-082,0,97
2025-03-05,SKU-082,292,159
2025-03-12,SKU-082,186,106
2025-03-19,SKU-082,96,90
2025-03-26,SKU-082,483,112
2025-04-02,SKU-082,396,86
2025-04-09,SKU-082,288,109
2025-04-16,SKU-082,171,117
2025-04-23,SKU-082,57,113
2025-04-30,SKU-082,255,113
2025-05-07,SKU-082,497,111
2025-05-14,SKU-082,391,105
2025-05-21,SKU-082,280,112
2025-05-28,SKU-082,457,103
2025-06-04,SKU-082,356,101
2025-06-11,SKU-082,229,128
2025-06-18,SKU-082,544,115
2025-06-25,SKU-082,400,144
2025-07-02,SKU-082,275,125
2025-07-09,SKU-082,169,106
2025-07-16,SKU-082,447,142
2025-07-23,SKU-082,333,114
2025-07-30,SKU-082,199,134
2025-08-06,SKU-082,446,87
2025-08-13,SKU-082,333,113
2025-08-20,SKU-082,228,105
2025-08-27,SKU-082,437,109
2025-09-03,SKU-082,350,87
2025-09-10,SKU-082,224,126
2025-09-17,SKU-082,506,107
2025-09-24,SKU-082,411,95
2025-10-01,SKU-082,302,109
2025-10-08,SKU-082,495,96
2025-10-15,SKU-082,376,119
2025-10-22,SKU-082,269,107
2025-10-29,SKU-082,410,130
2025-11-05,SKU-082,308,103
2025-11-12,SKU-082,175,133
2025-11-19,SKU-082,406,128
2025-11-26,SKU-082,289,117
2025-12-03,SKU-082,159,130
2025-12-10,SKU-082,504,148
2025-12-17,SKU-082,412,91
2025-12-24,SKU-082,305,107
2024-01-03,SKU-083,649,128
2024-01-17,SKU-083,431,113
2024-01-24,SKU-083,333,98
2024-01-31,SKU-083,185,149
2024-02-07,SKU-083,519,86
2024-02-14,SKU-083,393,126
2024-02-21,SKU-083,265,128
2024-02-28,SKU-083,579,108
2024-03-06,SKU-083,477,102
2024-03-13,SKU-083,366,110
2024-03-20,SKU-083,244,123
2024-03-27,SKU-083,626,110
2024-04-03,SKU-083,520,106
2024-04-10,SKU-083,418,102
2024-04-17,SKU-083,307,112
2024-04-24,SKU-083,176,131
2024-05-01,SKU-083,64,112
2024-05-08,SKU-083,0,126
2024-05-15,SKU-083,291,120
2024-05-22,SKU-083,194,97
2024-05-29,SKU-083,87,107
2024-06-05,SKU-083,0,120
2024-06-12,SKU-083,0,140
2024-06-19,SKU-083,380,109
2024-06-26,SKU-083,257,123
2024-07-03,SKU-083,121,136
2024-07-10,SKU-083,16,105
2024-07-17,SKU-083,271,116
2024-07-24,SKU-083,466,133
2024-07-31,SKU-083,345,121
2024-08-07,SKU-083,240,105
2024-08-14,SKU-083,111,129
2024-08-21,SKU-083,414,135
2024-08-28,SKU-083,318,97
2024-09-04,SKU-083,511,86
2024-09-11,SKU-083,379,132
2024-09-18,SKU-083,290,89
2024-09-25,SKU-083,492,100
2024-10-02,SKU-083,394,98
2024-10-09,SKU-083,265,130
2024-10-16,SKU-083,154,111
2024-10-23,SKU-083,360,117
2024-10-30,SKU-083,249,111
2024-11-06,SKU-083,449,123
2024-11-13,SKU-083,338,111
2024-11-20,SKU-083,233,105
2024-11-27,SKU-083,124,109
2024-12-04,SKU-083,485,111
2024-12-11,SKU-083,348,137
2024-12-18,SKU-083,251,97
2024-12-25,SKU-083,466,100
2025-01-01,SKU-083,351,115
2025-01-08,SKU-083,252,99
2025-01-15,SKU-083,505,114
2025-01-22,SKU-083,390,115
2025-01-29,SKU-083,268,122
2025-02-05,SKU-083,574,94
2025-02-12,SKU-083,435,139
2025-02-19,SKU-083,332,103
2025-02-26,SKU-083,224,107
2025-03-05,SKU-083,97,127
2025-03-12,SKU-083,472,97
2025-03-19,SKU-083,363,109
2025-03-26,SKU-083,267,96
2025-04-02,SKU-083,515,160
2025-04-09,SKU-083,408,107
2025-04-16,SKU-083,285,123
2025-04-23,SKU-083,200,85
2025-04-30,SKU-083,77,124
2025-05-07,SKU-083,324,101
2025-05-14,SKU-083,201,123
2025-05-21,SKU-083,75,127
2025-05-28,SKU-083,350,119
2025-06-04,SKU-083,234,116
2025-06-11,SKU-083,128,106
2025-06-18,SKU-083,15,113
2025-06-25,SKU-083,265,107
2025-07-02,SKU-083,162,103
2025-07-09,SKU-083,50,111
2025-07-16,SKU-083,0,86
2025-07-23,SKU-083,666,94
2025-07-30,SKU-083,554,112
2025-08-06,SKU-083,457,97
2025-08-13,SKU-083,346,111
2025-08-20,SKU-083,570,135
2025-08-27,SKU-083,446,124
2025-09-03,SKU-083,323,123
2025-09-10,SKU-083,192,131
2025-09-17,SKU-083,65,128
2025-09-24,SKU-083,288,100
2025-10-01,SKU-083,448,129
2025-10-08,SKU-083,325,123
2025-10-15,SKU-083,193,132
2025-10-22,SKU-083,540,121
2025-10-29,SKU-083,447,93
2025-11-05,SKU-083,325,122
2025-11-12,SKU-083,516,127
2025-11-19,SKU-083,387,129
2025-11-26,SKU-083,253,134
2025-12-03,SKU-083,524,113
2025-12-10,SKU-083,418,106
2025-12-17,SKU-083,334,84
2025-12-24,SKU-083,191,143
2024-01-03,SKU-084,874,134
2024-01-10,SKU-084,784,90
2024-01-17,SKU-084,651,133
2024-01-24,SKU-084,548,103
2024-01-31,SKU-084,380,168
2024-02-07,SKU-084,251,129
2024-02-14,SKU-084,143,108
2024-02-21,SKU-084,1,141
2024-02-28,SKU-084,0,128
2024-03-06,SKU-084,287,120
2024-03-13,SKU-084,192,96
2024-03-20,SKU-084,497,100
2024-03-27,SKU-084,348,149
2024-04-03,SKU-084,228,119
2024-04-10,SKU-084,153,75
2024-04-17,SKU-084,42,111
2024-04-24,SKU-084,0,111
2024-05-01,SKU-084,350,95
2024-05-08,SKU-084,704,119
2024-05-15,SKU-084,605,99
2024-05-22,SKU-084,462,143
2024-05-29,SKU-084,313,149
2024-06-05,SKU-084,179,135
2024-06-12,SKU-084,614,112
2024-06-19,SKU-084,520,93
2024-06-26,SKU-084,385,135
2024-07-03,SKU-084,276,109
2024-07-10,SKU-084,519,139
2024-07-17,SKU-084,401,118
2024-07-24,SKU-084,250,151
2024-07-31,SKU-084,480,121
2024-08-07,SKU-084,365,115
2024-08-14,SKU-084,216,149
2024-08-21,SKU-084,552,114
2024-08-28,SKU-084,429,122
2024-09-04,SKU-084,302,127
2024-09-11,SKU-084,691,101
2024-09-18,SKU-084,554,137
2024-09-25,SKU-084,393,161
2024-10-02,SKU-084,254,139
2024-10-09,SKU-084,543,111
2024-10-16,SKU-084,428,116
2024-10-23,SKU-084,300,128
2024-10-30,SKU-084,150,150
2024-11-06,SKU-084,485,96
2024-11-13,SKU-084,383,101
2024-11-20,SKU-084,261,122
2024-11-27,SKU-084,548,109
2024-12-04,SKU-084,438,110
2024-12-11,SKU-084,279,159
2024-12-18,SKU-084,547,146
2024-12-25,SKU-084,420,127
2025-01-01,SKU-084,275,145
2025-01-08,SKU-084,476,160
2025-01-15,SKU-084,348,128
2025-01-22,SKU-084,252,96
2025-01-29,SKU-084,131,121
2025-02-05,SKU-084,494,148
2025-02-12,SKU-084,390,104
2025-02-19,SKU-084,303,87
2025-02-26,SKU-084,210,93
2025-03-05,SKU-084,99,111
2025-03-12,SKU-084,494,147
2025-03-19,SKU-084,373,120
2025-03-26,SKU-084,244,129
2025-04-02,SKU-084,120,124
2025-04-09,SKU-084,369,152
2025-04-16,SKU-084,248,121
2025-04-23,SKU-084,648,123
2025-04-30,SKU-084,504,143
2025-05-07,SKU-084,400,104
2025-05-14,SKU-084,284,116
2025-05-21,SKU-084,572,155
2025-05-28,SKU-084,464,108
2025-06-04,SKU-084,330,134
2025-06-11,SKU-084,188,142
2025-06-18,SKU-084,535,89
2025-06-25,SKU-084,411,124
2025-07-02,SKU-084,271,140
2025-07-09,SKU-084,669,99
2025-07-16,SKU-084,566,103
2025-07-23,SKU-084,449,117
2025-07-30,SKU-084,326,123
2025-08-06,SKU-084,547,138
2025-08-13,SKU-084,396,150
2025-08-20,SKU-084,278,118
2025-08-27,SKU-084,609,126
2025-09-03,SKU-084,478,130
2025-09-10,SKU-084,373,105
2025-09-17,SKU-084,245,128
2025-09-24,SKU-084,583,141
2025-10-01,SKU-084,456,127
2025-10-08,SKU-084,347,110
2025-10-15,SKU-084,269,78
2025-10-22,SKU-084,628,186
2025-10-29,SKU-084,474,154
2025-11-05,SKU-084,336,138
2025-11-12,SKU-084,213,123
2025-11-19,SKU-084,559,133
2025-11-26,SKU-084,451,108
2025-12-03,SKU-084,290,161
2025-12-10,SKU-084,454,145
2025-12-17,SKU-084,328,126
2025-12-24,SKU-084,190,137
2024-01-03,SKU-085,835,105
2024-01-10,SKU-085,727,107
2024-01-17,SKU-085,624,104
2024-01-24,SKU-085,519,105
2024-01-31,SKU-085,441,78
2024-02-07,SKU-085,352,88
2024-02-14,SKU-085,260,92
2024-02-21,SKU-085,549,70
2024-02-28,SKU-085,463,86
2024-03-06,SKU-085,367,96
2024-03-13,SKU-085,282,85
2024-03-20,SKU-085,388,114
2024-03-27,SKU-085,317,71
2024-04-03,SKU-085,208,109
2024-04-10,SKU-085,502,99
2024-04-17,SKU-085,392,111
2024-04-24,SKU-085,285,107
2024-05-01,SKU-085,180,105
2024-05-08,SKU-085,93,87
2024-05-15,SKU-085,0,111
2024-05-22,SKU-085,347,85
2024-05-29,SKU-085,256,91
2024-06-05,SKU-085,178,78
2024-06-12,SKU-085,87,91
2024-06-19,SKU-085,0,111
2024-06-26,SKU-085,191,115
2024-07-03,SKU-085,85,106
2024-07-10,SKU-085,0,87
2024-07-17,SKU-085,0,94
2024-07-24,SKU-085,593,114
2024-07-31,SKU-085,516,76
2024-08-07,SKU-085,435,81
2024-08-14,SKU-085,349,86
2024-08-21,SKU-085,235,114
2024-08-28,SKU-085,179,57
2024-09-04,SKU-085,268,107
2024-09-11,SKU-085,164,104
2024-09-18,SKU-085,470,77
2024-09-25,SKU-085,360,109
2024-10-02,SKU-085,260,100
2024-10-09,SKU-085,488,116
2024-10-16,SKU-085,418,69
2024-10-23,SKU-085,314,104
2024-10-30,SKU-085,236,79
2024-11-06,SKU-085,113,122
2024-11-13,SKU-085,419,85
2024-11-20,SKU-085,303,116
2024-11-27,SKU-085,192,111
2024-12-04,SKU-085,450,111
2024-12-11,SKU-085,360,90
2024-12-18,SKU-085,268,93
2024-12-25,SKU-085,152,116
2025-01-01,SKU-085,330,65
2025-01-08,SKU-085,225,105
2025-01-15,SKU-085,138,88
2025-01-22,SKU-085,368,102
2025-01-29,SKU-085,275,93
2025-02-05,SKU-085,193,82
2025-02-12,SKU-085,437,84
2025-02-19,SKU-085,334,103
2025-02-26,SKU-085,230,104
2025-03-05,SKU-085,133,97
2025-03-12,SKU-085,388,87
2025-03-19,SKU-085,297,91
2025-03-26,SKU-085,180,118
2025-04-02,SKU-085,470,108
2025-04-09,SKU-085,392,78
2025-04-16,SKU-085,301,91
2025-04-23,SKU-085,186,116
2025-04-30,SKU-085,109,77
2025-05-07,SKU-085,1,108
2025-05-14,SKU-085,0,106
2025-05-21,SKU-085,253,90
2025-05-28,SKU-085,170,83
2025-06-04,SKU-085,108,63
2025-06-11,SKU-085,305,89
2025-06-18,SKU-085,201,104
2025-07-02,SKU-085,360,75
2025-07-09,SKU-085,259,102
2025-07-16,SKU-085,158,100
2025-07-23,SKU-085,65,93
2025-07-30,SKU-085,304,116
2025-08-06,SKU-085,224,80
2025-08-13,SKU-085,437,82
2025-08-20,SKU-085,337,100
2025-08-27,SKU-085,268,69
2025-09-03,SKU-085,173,95
2025-09-10,SKU-085,331,92
2025-09-17,SKU-085,242,89
2025-09-24,SKU-085,417,79
2025-10-01,SKU-085,314,103
2025-10-08,SKU-085,248,66
2025-10-15,SKU-085,169,80
2025-10-22,SKU-085,392,88
2025-10-29,SKU-085,302,90
2025-11-05,SKU-085,218,84
2025-11-12,SKU-085,121,97
2025-11-19,SKU-085,448,105
2025-11-26,SKU-085,334,114
2025-12-03,SKU-085,224,110
2025-12-10,SKU-085,379,96
2025-12-17,SKU-085,274,104
2025-12-24,SKU-085,198,77
2024-01-03,SKU-086,671,148
2024-01-10,SKU-086,584,88
2024-01-17,SKU-086,471,112
2024-01-24,SKU-086,356,116
2024-01-31,SKU-086,247,109
2024-02-07,SKU-086,135,112
2024-02-14,SKU-086,25,110
2024-02-28,SKU-086,191,94
2024-03-06,SKU-086,44,147
2024-03-13,SKU-086,280,149
2024-03-20,SKU-086,173,107
2024-03-27,SKU-086,66,107
2024-04-03,SKU-086,465,140
2024-04-10,SKU-086,371,94
2024-04-17,SKU-086,239,132
2024-04-24,SKU-086,570,116
2024-05-01,SKU-086,465,105
2024-05-08,SKU-086,343,123
2024-05-15,SKU-086,217,126
2024-05-22,SKU-086,485,111
2024-05-29,SKU-086,341,144
2024-06-05,SKU-086,214,128
2024-06-19,SKU-086,361,104
2024-06-26,SKU-086,244,117
2024-07-03,SKU-086,467,128
2024-07-10,SKU-086,377,90
2024-07-17,SKU-086,250,127
2024-07-24,SKU-086,615,130
2024-07-31,SKU-086,496,120
2024-08-07,SKU-086,363,133
2024-08-14,SKU-086,231,131
2024-08-21,SKU-086,581,96
2024-08-28,SKU-086,461,120
2024-09-04,SKU-086,325,136
2024-09-11,SKU-086,215,110
2024-09-18,SKU-086,439,112
2024-09-25,SKU-086,295,145
2024-10-02,SKU-086,180,115
2024-10-09,SKU-086,49,131
2024-10-16,SKU-086,322,129
2024-10-23,SKU-086,212,110
2024-10-30,SKU-086,623,105
2024-11-06,SKU-086,506,118
2024-11-13,SKU-086,395,111
2024-11-20,SKU-086,268,128
2024-11-27,SKU-086,452,164
2024-12-04,SKU-086,353,99
2024-12-11,SKU-086,242,111
2024-12-18,SKU-086,560,114
2024-12-25,SKU-086,474,86
2025-01-01,SKU-086,365,108
2025-01-08,SKU-086,262,103
2025-01-15,SKU-086,498,129
2025-01-22,SKU-086,374,124
2025-01-29,SKU-086,227,146
2025-02-05,SKU-086,94,133
2025-02-12,SKU-086,0,156
2025-02-19,SKU-086,192,120
2025-02-26,SKU-086,87,105
2025-03-05,SKU-086,0,123
2025-03-12,SKU-086,401,121
2025-03-19,SKU-086,312,89
2025-03-26,SKU-086,167,145
2025-04-02,SKU-086,13,154
2025-04-09,SKU-086,0,127
2025-04-16,SKU-086,272,112
2025-04-23,SKU-086,582,106
2025-04-30,SKU-086,490,93
2025-05-07,SKU-086,373,117
2025-05-14,SKU-086,232,141
2025-05-21,SKU-086,513,133
2025-05-28,SKU-086,390,122
2025-06-04,SKU-086,282,108
2025-06-11,SKU-086,495,122
2025-06-18,SKU-086,404,91
2025-06-25,SKU-086,303,101
2025-07-02,SKU-086,560,133
2025-07-09,SKU-086,448,112
2025-07-16,SKU-086,342,106
2025-07-23,SKU-086,261,81
2025-07-30,SKU-086,525,126
2025-08-06,SKU-086,430,95
2025-08-13,SKU-086,307,124
2025-08-20,SKU-086,625,87
2025-08-27,SKU-086,515,110
2025-09-03,SKU-086,441,74
2025-09-10,SKU-086,336,105
2025-09-17,SKU-086,623,114
2025-09-24,SKU-086,551,72
2025-10-01,SKU-086,424,127
2025-10-08,SKU-086,339,85
2025-10-15,SKU-086,233,106
2025-10-22,SKU-086,506,134
2025-10-29,SKU-086,354,153
2025-11-05,SKU-086,251,103
2025-11-12,SKU-086,436,111
2025-11-19,SKU-086,322,114
2025-11-26,SKU-086,227,95
2025-12-03,SKU-086,126,101
2025-12-10,SKU-086,492,131
2025-12-17,SKU-086,378,114
2025-12-24,SKU-086,278,100
2024-01-03,SKU-087,644,154
2024-01-10,SKU-087,525,119
2024-01-17,SKU-087,406,119
2024-01-24,SKU-087,287,120
2024-01-31,SKU-087,147,139
2024-02-07,SKU-087,0,147
2024-02-14,SKU-087,304,131
2024-02-21,SKU-087,186,118
2024-02-28,SKU-087,26,160
2024-03-06,SKU-087,0,136
2024-03-13,SKU-087,385,127
2024-03-20,SKU-087,290,96
2024-03-27,SKU-087,156,133
2024-04-03,SKU-087,613,113
2024-04-10,SKU-087,474,139
2024-04-17,SKU-087,353,122
2024-04-24,SKU-087,229,124
2024-05-01,SKU-087,554,163
2024-05-08,SKU-087,389,165
2024-05-15,SKU-087,268,121
2024-05-22,SKU-087,526,100
2024-05-29,SKU-087,376,150
2024-06-05,SKU-087,255,120
2024-06-12,SKU-087,634,178
2024-06-19,SKU-087,534,101
2024-06-26,SKU-087,459,74
2024-07-03,SKU-087,373,87
2024-07-10,SKU-087,223,150
2024-07-17,SKU-087,623,164
2024-07-24,SKU-087,453,170
2024-07-31,SKU-087,327,126
2024-08-07,SKU-087,206,120
2024-08-14,SKU-087,648,116
2024-08-21,SKU-087,492,157
2024-08-28,SKU-087,376,116
2024-09-04,SKU-087,250,126
2024-09-11,SKU-087,664,124
2024-09-18,SKU-087,523,141
2024-09-25,SKU-087,379,144
2024-10-02,SKU-087,251,128
2024-10-09,SKU-087,123,128
2024-10-16,SKU-087,413,146
2024-10-23,SKU-087,290,123
2024-10-30,SKU-087,672,137
2024-11-06,SKU-087,547,124
2024-11-13,SKU-087,440,108
2024-11-20,SKU-087,318,122
2024-11-27,SKU-087,650,153
2024-12-04,SKU-087,543,107
2024-12-11,SKU-087,402,141
2024-12-18,SKU-087,293,108
2024-12-25,SKU-087,540,149
2025-01-01,SKU-087,396,144
2025-01-08,SKU-087,284,112
2025-01-15,SKU-087,669,138
2025-01-22,SKU-087,550,119
2025-01-29,SKU-087,401,149
2025-02-05,SKU-087,274,127
2025-02-12,SKU-087,156,119
2025-02-19,SKU-087,22,134
2025-02-26,SKU-087,290,120
2025-03-05,SKU-087,161,129
2025-03-12,SKU-087,60,101
2025-03-19,SKU-087,0,120
2025-03-26,SKU-087,324,134
2025-04-02,SKU-087,181,143
2025-04-09,SKU-087,51,130
2025-04-16,SKU-087,0,137
2025-04-23,SKU-087,389,126
2025-04-30,SKU-087,674,132
2025-05-07,SKU-087,525,148
2025-05-14,SKU-087,392,133
2025-05-21,SKU-087,263,130
2025-05-28,SKU-087,585,111
2025-06-04,SKU-087,456,129
2025-06-11,SKU-087,382,74
2025-06-18,SKU-087,670,130
2025-06-25,SKU-087,544,127
2025-07-02,SKU-087,381,162
2025-07-09,SKU-087,236,145
2025-07-16,SKU-087,593,107
2025-07-23,SKU-087,433,160
2025-07-30,SKU-087,308,125
2025-08-06,SKU-087,465,133
2025-08-13,SKU-087,316,149
2025-08-20,SKU-087,555,145
2025-08-27,SKU-087,436,119
2025-09-03,SKU-087,312,123
2025-09-10,SKU-087,570,125
2025-09-17,SKU-087,426,144
2025-09-24,SKU-087,290,136
2025-10-01,SKU-087,578,152
2025-10-08,SKU-087,450,129
2025-10-15,SKU-087,318,132
2025-10-22,SKU-087,568,111
2025-10-29,SKU-087,465,104
2025-11-05,SKU-087,308,157
2025-11-12,SKU-087,624,116
2025-11-19,SKU-087,489,135
2025-11-26,SKU-087,366,124
2025-12-03,SKU-087,258,107
2025-12-10,SKU-087,607,141
2025-12-17,SKU-087,483,124
2025-12-24,SKU-087,345,137
2024-01-03,SKU-088,735,147
2024-01-10,SKU-088,600,135
2024-01-17,SKU-088,444,156
2024-01-24,SKU-088,304,140
2024-01-31,SKU-088,152,152
2024-02-07,SKU-088,544,126
2024-02-14,SKU-088,378,166
2024-02-21,SKU-088,223,155
2024-02-28,SKU-088,512,171
2024-03-06,SKU-088,359,154
2024-03-13,SKU-088,682,123
2024-03-20,SKU-088,541,141
2024-03-27,SKU-088,365,175
2024-04-03,SKU-088,237,128
2024-04-10,SKU-088,539,119
2024-04-17,SKU-088,362,178
2024-04-24,SKU-088,226,136
2024-05-01,SKU-088,500,145
2024-05-08,SKU-088,361,139
2024-05-15,SKU-088,775,162
2024-05-22,SKU-088,634,140
2024-05-29,SKU-088,513,121
2024-06-05,SKU-088,353,160
2024-06-12,SKU-088,267,86
2024-06-19,SKU-088,698,162
2024-06-26,SKU-088,551,146
2024-07-03,SKU-088,424,127
2024-07-10,SKU-088,822,131
2024-07-17,SKU-088,645,177
2024-07-24,SKU-088,507,138
2024-07-31,SKU-088,382,125
2024-08-07,SKU-088,205,177
2024-08-14,SKU-088,581,182
2024-08-21,SKU-088,427,154
2024-08-28,SKU-088,300,126
2024-09-04,SKU-088,542,142
2024-09-11,SKU-088,388,154
2024-09-18,SKU-088,253,135
2024-09-25,SKU-088,519,177
2024-10-02,SKU-088,388,131
2024-10-09,SKU-088,774,180
2024-10-16,SKU-088,614,160
2024-10-23,SKU-088,437,176
2024-10-30,SKU-088,306,132
2024-11-06,SKU-088,859,138
2024-11-13,SKU-088,670,189
2024-11-20,SKU-088,496,174
2024-11-27,SKU-088,337,158
2024-12-04,SKU-088,714,121
2024-12-11,SKU-088,564,150
2024-12-18,SKU-088,404,160
2024-12-25,SKU-088,830,125
2025-01-01,SKU-088,659,171
2025-01-08,SKU-088,522,136
2025-01-15,SKU-088,346,176
2025-01-22,SKU-088,687,128
2025-01-29,SKU-088,553,133
2025-02-05,SKU-088,394,160
2025-02-12,SKU-088,641,147
2025-02-19,SKU-088,496,145
2025-02-26,SKU-088,362,134
2025-03-05,SKU-088,798,155
2025-03-12,SKU-088,646,152
2025-03-19,SKU-088,520,126
2025-03-26,SKU-088,340,181
2025-04-02,SKU-088,204,136
2025-04-09,SKU-088,508,142
2025-04-16,SKU-088,346,162
2025-04-23,SKU-088,811,135
2025-04-30,SKU-088,668,142
2025-05-07,SKU-088,525,143
2025-05-14,SKU-088,391,134
2025-05-21,SKU-088,230,160
2025-05-28,SKU-088,562,173
2025-06-04,SKU-088,384,179
2025-06-11,SKU-088,693,158
2025-06-18,SKU-088,541,152
2025-06-25,SKU-088,422,119
2025-07-02,SKU-088,248,174
2025-07-09,SKU-088,486,150
2025-07-16,SKU-088,302,184
2025-07-23,SKU-088,585,179
2025-07-30,SKU-088,442,144
2025-08-06,SKU-088,727,179
2025-08-13,SKU-088,568,159
2025-08-20,SKU-088,416,152
2025-08-27,SKU-088,774,145
2025-09-03,SKU-088,651,123
2025-09-10,SKU-088,518,132
2025-09-17,SKU-088,380,138
2025-09-24,SKU-088,635,167
2025-10-01,SKU-088,511,123
2025-10-08,SKU-088,360,151
2025-10-15,SKU-088,635,167
2025-10-22,SKU-088,482,153
2025-10-29,SKU-088,322,160
2025-11-05,SKU-088,738,137
2025-11-12,SKU-088,612,126
2025-11-19,SKU-088,489,122
2025-11-26,SKU-088,352,138
2025-12-03,SKU-088,227,124
2025-12-10,SKU-088,614,149
2025-12-17,SKU-088,478,136
2025-12-24,SKU-088,306,172
2024-01-03,SKU-089,866,110
2024-01-10,SKU-089,751,115
2024-01-17,SKU-089,638,114
2024-01-24,SKU-089,512,126
2024-01-31,SKU-089,384,128
2024-02-07,SKU-089,227,157
2024-02-14,SKU-089,134,93
2024-02-21,SKU-089,417,123
2024-02-28,SKU-089,313,103
2024-03-06,SKU-089,203,110
2024-03-13,SKU-089,458,101
2024-03-20,SKU-089,306,152
2024-03-27,SKU-089,636,146
2024-04-03,SKU-089,499,137
2024-04-10,SKU-089,374,125
2024-04-17,SKU-089,251,123
2024-04-24,SKU-089,660,130
2024-05-01,SKU-089,537,123
2024-05-08,SKU-089,403,134
2024-05-15,SKU-089,261,142
2024-05-22,SKU-089,574,114
2024-05-29,SKU-089,457,117
2024-06-05,SKU-089,335,122
2024-06-12,SKU-089,205,129
2024-06-19,SKU-089,451,131
2024-06-26,SKU-089,284,167
2024-07-03,SKU-089,645,119
2024-07-10,SKU-089,494,151
2024-07-17,SKU-089,390,104
2024-07-24,SKU-089,287,103
2024-07-31,SKU-089,655,104
2024-08-07,SKU-089,539,117
2024-08-14,SKU-089,429,109
2024-08-21,SKU-089,290,139
2024-09-04,SKU-089,493,127
2024-09-11,SKU-089,381,112
2024-09-18,SKU-089,262,119
2024-09-25,SKU-089,163,99
2024-10-02,SKU-089,453,105
2024-10-09,SKU-089,316,136
2024-10-16,SKU-089,213,104
2024-10-23,SKU-089,486,118
2024-10-30,SKU-089,333,153
2024-11-06,SKU-089,186,147
2024-11-13,SKU-089,442,120
2024-11-20,SKU-089,326,116
2024-11-27,SKU-089,557,159
2024-12-04,SKU-089,434,123
2024-12-11,SKU-089,306,128
2024-12-18,SKU-089,626,133
2024-12-25,SKU-089,494,133
2025-01-01,SKU-089,391,103
2025-01-08,SKU-089,271,120
2025-01-15,SKU-089,666,120
2025-01-22,SKU-089,537,129
2025-01-29,SKU-089,400,137
2025-02-05,SKU-089,277,124
2025-02-12,SKU-089,126,151
2025-02-19,SKU-089,459,134
2025-02-26,SKU-089,316,143
2025-03-05,SKU-089,612,120
2025-03-12,SKU-089,454,159
2025-03-19,SKU-089,322,131
2025-03-26,SKU-089,175,147
2025-04-02,SKU-089,405,135
2025-04-09,SKU-089,324,81
2025-04-16,SKU-089,221,103
2025-04-23,SKU-089,616,85
2025-04-30,SKU-089,454,162
2025-05-07,SKU-089,325,129
2025-05-14,SKU-089,185,140
2025-05-21,SKU-089,437,125
2025-05-28,SKU-089,291,145
2025-06-04,SKU-089,151,141
2025-06-11,SKU-089,336,103
2025-06-18,SKU-089,230,105
2025-06-25,SKU-089,576,150
2025-07-02,SKU-089,496,80
2025-07-09,SKU-089,433,63
2025-07-16,SKU-089,312,121
2025-07-23,SKU-089,188,123
2025-07-30,SKU-089,445,130
2025-08-06,SKU-089,325,120
2025-08-13,SKU-089,715,94
2025-08-20,SKU-089,569,146
2025-08-27,SKU-089,441,128
2025-09-03,SKU-089,330,111
2025-09-10,SKU-089,208,123
2025-09-17,SKU-089,405,151
2025-09-24,SKU-089,286,119
2025-10-01,SKU-089,170,116
2025-10-08,SKU-089,518,144
2025-10-15,SKU-089,395,122
2025-10-22,SKU-089,291,104
2025-10-29,SKU-089,667,112
2025-11-05,SKU-089,547,120
2025-11-19,SKU-089,309,133
2025-11-26,SKU-089,667,122
2025-12-03,SKU-089,563,104
2025-12-10,SKU-089,448,115
2025-12-17,SKU-089,358,90
2025-12-24,SKU-089,739,105
2024-01-03,SKU-090,933,147
2024-01-10,SKU-090,820,113
2024-01-17,SKU-090,657,163
2024-01-24,SKU-090,508,149
2024-01-31,SKU-090,377,132
2024-02-07,SKU-090,685,101
2024-02-14,SKU-090,523,162
2024-02-21,SKU-090,384,139
2024-02-28,SKU-090,224,161
2024-03-06,SKU-090,469,154
2024-03-13,SKU-090,312,157
2024-03-20,SKU-090,578,119
2024-03-27,SKU-090,430,147
2024-04-03,SKU-090,275,155
2024-04-10,SKU-090,163,112
2024-04-17,SKU-090,483,128
2024-04-24,SKU-090,327,156
2024-05-01,SKU-090,192,135
2024-05-15,SKU-090,455,127
2024-05-29,SKU-090,195,152
2024-06-05,SKU-090,576,165
2024-06-12,SKU-090,463,114
2024-06-19,SKU-090,361,101
2024-06-26,SKU-090,831,99
2024-07-03,SKU-090,678,153
2024-07-10,SKU-090,556,121
2024-07-17,SKU-090,432,125
2024-07-24,SKU-090,283,149
2024-07-31,SKU-090,704,164
2024-08-07,SKU-090,556,148
2024-08-14,SKU-090,427,129
2024-08-21,SKU-090,306,121
2024-08-28,SKU-090,587,156
2024-09-04,SKU-090,432,155
2024-09-11,SKU-090,277,155
2024-09-18,SKU-090,589,104
2024-09-25,SKU-090,433,156
2024-10-02,SKU-090,329,104
2024-10-09,SKU-090,701,101
2024-10-16,SKU-090,548,153
2024-10-23,SKU-090,408,140
2024-10-30,SKU-090,306,102
2024-11-13,SKU-090,654,124
2024-11-20,SKU-090,508,145
2024-11-27,SKU-090,343,166
2024-12-04,SKU-090,210,133
2024-12-11,SKU-090,452,110
2024-12-18,SKU-090,334,118
2024-12-25,SKU-090,175,159
2025-01-01,SKU-090,527,130
2025-01-08,SKU-090,419,108
2025-01-15,SKU-090,300,118
2025-01-22,SKU-090,666,126
2025-01-29,SKU-090,519,146
2025-02-05,SKU-090,381,138
2025-02-12,SKU-090,277,104
2025-02-19,SKU-090,483,129
2025-02-26,SKU-090,362,121
2025-03-05,SKU-090,206,156
2025-03-12,SKU-090,539,124
2025-03-19,SKU-090,385,154
2025-03-26,SKU-090,263,122
2025-04-02,SKU-090,106,157
2025-04-09,SKU-090,385,146
2025-04-16,SKU-090,686,119
2025-04-23,SKU-090,522,164
2025-04-30,SKU-090,413,109
2025-05-07,SKU-090,264,150
2025-05-14,SKU-090,611,158
2025-05-21,SKU-090,471,140
2025-05-28,SKU-090,329,142
2025-06-04,SKU-090,182,147
2025-06-11,SKU-090,607,136
2025-06-18,SKU-090,489,117
2025-06-25,SKU-090,390,99
2025-07-02,SKU-090,262,129
2025-07-09,SKU-090,658,135
2025-07-16,SKU-090,543,115
2025-07-23,SKU-090,381,162
2025-07-30,SKU-090,272,110
2025-08-06,SKU-090,141,130
2025-08-13,SKU-090,533,123
2025-08-20,SKU-090,401,131
2025-08-27,SKU-090,248,154
2025-09-03,SKU-090,526,147
2025-09-10,SKU-090,365,161
2025-09-17,SKU-090,697,119
2025-09-24,SKU-090,588,108
2025-10-01,SKU-090,445,144
2025-10-08,SKU-090,324,121
2025-10-15,SKU-090,636,155
2025-10-22,SKU-090,450,186
2025-10-29,SKU-090,355,95
2025-11-05,SKU-090,628,145
2025-11-12,SKU-090,477,151
2025-11-19,SKU-090,338,139
2025-11-26,SKU-090,586,172
2025-12-10,SKU-090,309,121
2025-12-17,SKU-090,167,142
2025-12-24,SKU-090,544,131
2024-01-03,SKU-091,500,100
2024-01-10,SKU-091,422,78
2024-01-17,SKU-091,311,111
2024-01-24,SKU-091,208,104
2024-01-31,SKU-091,424,117
2024-02-07,SKU-091,315,109
2024-02-14,SKU-091,236,79
2024-02-21,SKU-091,111,126
2024-02-28,SKU-091,394,107
2024-03-06,SKU-091,267,128
2024-03-13,SKU-091,159,108
2024-03-20,SKU-091,315,112
2024-03-27,SKU-091,220,95
2024-04-03,SKU-091,130,90
2024-04-10,SKU-091,485,83
2024-04-17,SKU-091,365,120
2024-04-24,SKU-091,292,73
2024-05-01,SKU-091,464,125
2024-05-08,SKU-091,366,98
2024-05-15,SKU-091,263,103
2024-05-22,SKU-091,160,103
2024-05-29,SKU-091,428,78
2024-06-05,SKU-091,313,115
2024-06-12,SKU-091,221,92
2024-06-19,SKU-091,511,126
2024-06-26,SKU-091,422,88
2024-07-03,SKU-091,296,126
2024-07-10,SKU-091,204,92
2024-07-17,SKU-091,448,110
2024-07-24,SKU-091,364,84
2024-07-31,SKU-091,254,110
2024-08-07,SKU-091,441,91
2024-08-14,SKU-091,327,114
2024-08-21,SKU-091,207,120
2024-08-28,SKU-091,124,82
2024-09-04,SKU-091,378,72
2024-09-11,SKU-091,266,112
2024-09-18,SKU-091,472,93
2024-09-25,SKU-091,388,84
2024-10-02,SKU-091,305,83
2024-10-09,SKU-091,197,109
2024-10-16,SKU-091,347,113
2024-10-23,SKU-091,244,103
2024-10-30,SKU-091,500,107
2024-11-06,SKU-091,407,94
2024-11-13,SKU-091,308,98
2024-11-20,SKU-091,222,86
2024-11-27,SKU-091,121,101
2024-12-04,SKU-091,404,121
2024-12-11,SKU-091,318,86
2024-12-18,SKU-091,184,135
2024-12-25,SKU-091,394,76
2025-01-01,SKU-091,306,88
2025-01-08,SKU-091,440,106
2025-01-15,SKU-091,324,116
2025-01-22,SKU-091,240,84
2025-01-29,SKU-091,138,102
2025-02-05,SKU-091,479,101
2025-02-12,SKU-091,376,104
2025-02-19,SKU-091,259,117
2025-02-26,SKU-091,537,100
2025-03-05,SKU-091,418,119
2025-03-12,SKU-091,291,127
2025-03-19,SKU-091,180,111
2025-03-26,SKU-091,480,79
2025-04-02,SKU-091,376,104
2025-04-09,SKU-091,279,96
2025-04-16,SKU-091,178,101
2025-04-23,SKU-091,466,94
2025-04-30,SKU-091,364,102
2025-05-07,SKU-091,241,123
2025-05-14,SKU-091,462,101
2025-05-21,SKU-091,363,100
2025-05-28,SKU-091,260,103
2025-06-04,SKU-091,152,108
2025-06-11,SKU-091,308,115
2025-06-18,SKU-091,205,102
2025-06-25,SKU-091,114,92
2025-07-02,SKU-091,369,76
2025-07-09,SKU-091,276,92
2025-07-16,SKU-091,494,98
2025-07-23,SKU-091,390,104
2025-07-30,SKU-091,293,97
2025-08-06,SKU-091,176,117
2025-08-13,SKU-091,410,107
2025-08-20,SKU-091,307,103
2025-08-27,SKU-091,200,107
2025-09-03,SKU-091,513,115
2025-09-10,SKU-091,418,95
2025-09-24,SKU-091,231,88
2025-10-01,SKU-091,111,120
2025-10-08,SKU-091,410,107
2025-10-15,SKU-091,295,115
2025-10-22,SKU-091,161,133
2025-10-29,SKU-091,51,111
2025-11-05,SKU-091,393,115
2025-11-12,SKU-091,287,106
2025-11-19,SKU-091,441,107
2025-11-26,SKU-091,348,94
2025-12-03,SKU-091,274,73
2025-12-10,SKU-091,562,100
2025-12-17,SKU-091,477,85
2025-12-24,SKU-091,360,116
2024-01-03,SKU-092,698,121
2024-01-10,SKU-092,570,128
2024-01-17,SKU-092,470,101
2024-01-24,SKU-092,356,114
2024-01-31,SKU-092,255,101
2024-02-07,SKU-092,548,132
2024-02-14,SKU-092,440,109
2024-02-21,SKU-092,347,92
2024-02-28,SKU-092,670,132
2024-03-06,SKU-092,524,146
2024-03-13,SKU-092,414,111
2024-03-20,SKU-092,308,105
2024-03-27,SKU-092,626,118
2024-04-03,SKU-092,487,139
2024-04-10,SKU-092,349,137
2024-04-17,SKU-092,200,150
2024-04-24,SKU-092,93,107
2024-05-01,SKU-092,502,128
2024-05-08,SKU-092,390,112
2024-05-15,SKU-092,295,95
2024-05-22,SKU-092,172,123
2024-05-29,SKU-092,546,115
2024-06-05,SKU-092,428,118
2024-06-12,SKU-092,325,103
2024-06-19,SKU-092,202,123
2024-06-26,SKU-092,571,103
2024-07-03,SKU-092,470,101
2024-07-10,SKU-092,361,109
2024-07-17,SKU-092,281,80
2024-07-24,SKU-092,582,119
2024-07-31,SKU-092,447,134
2024-08-07,SKU-092,354,93
2024-08-14,SKU-092,670,98
2024-08-21,SKU-092,576,93
2024-08-28,SKU-092,490,87
2024-09-04,SKU-092,366,124
2024-09-11,SKU-092,246,120
2024-09-18,SKU-092,127,119
2024-10-02,SKU-092,402,131
2024-10-09,SKU-092,310,92
2024-10-16,SKU-092,204,105
2024-10-23,SKU-092,517,120
2024-10-30,SKU-092,378,139
2024-11-06,SKU-092,265,114
2024-11-13,SKU-092,179,86
2024-11-20,SKU-092,573,95
2024-11-27,SKU-092,448,125
2024-12-04,SKU-092,346,102
2024-12-11,SKU-092,513,140
2024-12-18,SKU-092,402,111
2024-12-25,SKU-092,287,115
2025-01-01,SKU-092,617,107
2025-01-08,SKU-092,520,97
2025-01-15,SKU-092,399,121
2025-01-22,SKU-092,253,146
2025-01-29,SKU-092,609,113
2025-02-05,SKU-092,476,133
2025-02-12,SKU-092,365,112
2025-02-19,SKU-092,268,97
2025-02-26,SKU-092,552,113
2025-03-05,SKU-092,435,117
2025-03-12,SKU-092,295,140
2025-03-19,SKU-092,482,129
2025-03-26,SKU-092,337,145
2025-04-02,SKU-092,230,106
2025-04-09,SKU-092,691,104
2025-04-16,SKU-092,602,89
2025-04-23,SKU-092,512,90
2025-04-30,SKU-092,373,138
2025-05-07,SKU-092,251,122
2025-05-14,SKU-092,148,103
2025-05-21,SKU-092,423,90
2025-05-28,SKU-092,322,101
2025-06-04,SKU-092,194,128
2025-06-11,SKU-092,526,108
2025-06-18,SKU-092,398,128
2025-06-25,SKU-092,284,113
2025-07-02,SKU-092,156,128
2025-07-09,SKU-092,489,133
2025-07-16,SKU-092,361,128
2025-07-23,SKU-092,228,133
2025-07-30,SKU-092,632,96
2025-08-06,SKU-092,528,104
2025-08-13,SKU-092,391,137
2025-08-20,SKU-092,248,143
2025-08-27,SKU-092,127,121
2025-09-03,SKU-092,475,82
2025-09-10,SKU-092,366,109
2025-09-17,SKU-092,247,119
2025-09-24,SKU-092,108,139
2025-10-01,SKU-092,433,115
2025-10-08,SKU-092,295,137
2025-10-15,SKU-092,196,99
2025-10-22,SKU-092,455,93
2025-11-05,SKU-092,262,95
2025-11-19,SKU-092,348,93
2025-11-26,SKU-092,451,116
2025-12-03,SKU-092,339,112
2025-12-10,SKU-092,599,123
2025-12-17,SKU-092,468,131
2025-12-24,SKU-092,333,134
2024-01-03,SKU-093,848,120
2024-01-10,SKU-093,736,111
2024-01-17,SKU-093,623,114
2024-01-24,SKU-093,502,121
2024-01-31,SKU-093,385,116
2024-02-07,SKU-093,255,130
2024-02-14,SKU-093,555,106
2024-02-21,SKU-093,454,100
2024-02-28,SKU-093,323,132
2024-03-06,SKU-093,596,117
2024-03-13,SKU-093,466,131
2024-03-20,SKU-093,298,168
2024-03-27,SKU-093,618,120
2024-04-03,SKU-093,531,87
2024-04-10,SKU-093,379,152
2024-04-17,SKU-093,239,140
2024-04-24,SKU-093,118,121
2024-05-01,SKU-093,0,136
2024-05-08,SKU-093,0,108
2024-05-15,SKU-093,409,115
2024-05-22,SKU-093,288,121
2024-05-29,SKU-093,673,123
2024-06-05,SKU-093,556,117
2024-06-12,SKU-093,447,109
2024-06-19,SKU-093,340,107
2024-06-26,SKU-093,188,153
2024-07-03,SKU-093,63,125
2024-07-17,SKU-093,277,119
2024-07-24,SKU-093,167,110
2024-07-31,SKU-093,476,100
2024-08-07,SKU-093,376,100
2024-08-14,SKU-093,252,123
2024-08-21,SKU-093,441,108
2024-08-28,SKU-093,358,83
2024-09-04,SKU-093,599,98
2024-09-11,SKU-093,482,117
2024-09-18,SKU-093,357,125
2024-09-25,SKU-093,482,144
2024-10-02,SKU-093,345,136
2024-10-09,SKU-093,242,103
2024-10-16,SKU-093,617,103
2024-10-23,SKU-093,510,108
2024-10-30,SKU-093,346,164
2024-11-06,SKU-093,240,106
2024-11-13,SKU-093,124,116
2024-11-20,SKU-093,448,108
2024-11-27,SKU-093,336,111
2024-12-04,SKU-093,741,93
2024-12-11,SKU-093,604,138
2024-12-18,SKU-093,477,127
2024-12-25,SKU-093,382,95
2025-01-01,SKU-093,277,105
2025-01-08,SKU-093,502,130
2025-01-15,SKU-093,388,114
2025-01-22,SKU-093,248,139
2025-01-29,SKU-093,532,122
2025-02-05,SKU-093,387,144
2025-02-12,SKU-093,238,149
2025-02-19,SKU-093,553,158
2025-02-26,SKU-093,443,110
2025-03-05,SKU-093,338,105
2025-03-12,SKU-093,242,96
2025-03-19,SKU-093,562,125
2025-03-26,SKU-093,439,122
2025-04-02,SKU-093,348,91
2025-04-09,SKU-093,653,116
2025-04-16,SKU-093,534,118
2025-04-23,SKU-093,406,128
2025-04-30,SKU-093,277,129
2025-05-07,SKU-093,147,130
2025-05-14,SKU-093,37,109
2025-05-21,SKU-093,373,143
2025-05-28,SKU-093,231,142
2025-06-04,SKU-093,123,108
2025-06-11,SKU-093,23,99
2025-06-18,SKU-093,361,123
2025-06-25,SKU-093,254,107
2025-07-02,SKU-093,124,130
2025-07-09,SKU-093,327,133
2025-07-16,SKU-093,218,109
2025-07-23,SKU-093,94,124
2025-07-30,SKU-093,0,155
2025-08-06,SKU-093,722,102
2025-08-13,SKU-093,633,89
2025-08-20,SKU-093,500,133
2025-08-27,SKU-093,410,90
2025-09-03,SKU-093,297,113
2025-09-10,SKU-093,629,91
2025-09-17,SKU-093,488,141
2025-09-24,SKU-093,344,144
2025-10-01,SKU-093,207,137
2025-10-08,SKU-093,476,148
2025-10-15,SKU-093,368,108
2025-10-22,SKU-093,250,118
2025-10-29,SKU-093,559,122
2025-11-05,SKU-093,405,154
2025-11-12,SKU-093,277,128
2025-11-19,SKU-093,622,142
2025-11-26,SKU-093,503,119
2025-12-03,SKU-093,383,120
2025-12-10,SKU-093,269,114
2025-12-17,SKU-093,142,128
2025-12-24,SKU-093,564,119
2024-01-03,SKU-094,577,67
2024-01-10,SKU-094,487,90
2024-01-17,SKU-094,389,98
2024-01-24,SKU-094,273,116
2024-01-31,SKU-094,170,103
2024-02-07,SKU-094,80,90
2024-02-14,SKU-094,324,85
2024-02-21,SKU-094,239,86
2024-02-28,SKU-094,529,85
2024-03-06,SKU-094,439,90
2024-03-13,SKU-094,368,71
2024-03-20,SKU-094,279,89
2024-03-27,SKU-094,183,96
2024-04-03,SKU-094,100,83
2024-04-10,SKU-094,423,73
2024-04-17,SKU-094,328,96
2024-04-24,SKU-094,243,85
2024-05-01,SKU-094,487,58
2024-05-08,SKU-094,397,90
2024-05-15,SKU-094,312,85
2024-05-22,SKU-094,243,70
2024-05-29,SKU-094,469,66
2024-06-05,SKU-094,368,101
2024-06-12,SKU-094,274,94
2024-06-19,SKU-094,527,64
2024-06-26,SKU-094,446,81
2024-07-03,SKU-094,354,92
2024-07-10,SKU-094,254,100
2024-07-17,SKU-094,415,85
2024-07-24,SKU-094,334,81
2024-07-31,SKU-094,238,96
2024-08-07,SKU-094,387,101
2024-08-14,SKU-094,292,95
2024-08-21,SKU-094,204,88
2024-08-28,SKU-094,97,107
2024-09-04,SKU-094,328,132
2024-09-11,SKU-094,228,100
2024-09-18,SKU-094,467,97
2024-09-25,SKU-094,379,88
2024-10-02,SKU-094,300,80
2024-10-09,SKU-094,218,82
2024-10-16,SKU-094,93,124
2024-10-23,SKU-094,341,85
2024-10-30,SKU-094,271,70
2024-11-06,SKU-094,194,77
2024-11-13,SKU-094,472,85
2024-11-20,SKU-094,399,73
2024-11-27,SKU-094,300,99
2024-12-04,SKU-094,215,85
2024-12-11,SKU-094,123,91
2024-12-18,SKU-094,406,85
2024-12-25,SKU-094,309,97
2025-01-01,SKU-094,221,88
2025-01-08,SKU-094,466,103
2025-01-15,SKU-094,380,86
2025-01-22,SKU-094,270,111
2025-01-29,SKU-094,182,88
2025-02-05,SKU-094,90,91
2025-02-12,SKU-094,335,88
2025-02-19,SKU-094,267,68
2025-02-26,SKU-094,179,87
2025-03-05,SKU-094,397,111
2025-03-12,SKU-094,308,89
2025-03-19,SKU-094,188,119
2025-03-26,SKU-094,100,88
2025-04-02,SKU-094,317,91
2025-04-09,SKU-094,212,105
2025-04-16,SKU-094,473,86
2025-04-23,SKU-094,387,86
2025-04-30,SKU-094,294,94
2025-05-07,SKU-094,201,93
2025-05-14,SKU-094,78,122
2025-05-21,SKU-094,358,104
2025-05-28,SKU-094,262,96
2025-06-04,SKU-094,165,97
2025-06-11,SKU-094,409,65
2025-06-18,SKU-094,311,98
2025-06-25,SKU-094,238,73
2025-07-02,SKU-094,527,106
2025-07-09,SKU-094,430,97
2025-07-16,SKU-094,338,92
2025-07-23,SKU-094,221,117
2025-07-30,SKU-094,474,79
2025-08-06,SKU-094,361,112
2025-08-13,SKU-094,272,89
2025-08-20,SKU-094,416,83
2025-08-27,SKU-094,337,79
2025-09-03,SKU-094,242,95
2025-09-10,SKU-094,473,97
2025-09-17,SKU-094,371,102
2025-09-24,SKU-094,286,84
2025-10-01,SKU-094,176,110
2025-10-08,SKU-094,79,97
2025-10-15,SKU-094,307,78
2025-10-22,SKU-094,239,69
2025-10-29,SKU-094,159,80
2025-11-05,SKU-094,368,109
2025-11-12,SKU-094,282,87
2025-11-19,SKU-094,203,79
2025-11-26,SKU-094,406,99
2025-12-03,SKU-094,332,74
2025-12-10,SKU-094,229,104
2025-12-17,SKU-094,155,73
2025-12-24,SKU-094,463,67
2024-01-03,SKU-095,989,155
2024-01-10,SKU-095,847,142
2024-01-17,SKU-095,765,82
2024-01-24,SKU-095,635,130
2024-01-31,SKU-095,491,144
2024-02-07,SKU-095,359,132
2024-02-14,SKU-095,242,117
2024-02-21,SKU-095,593,145
2024-02-28,SKU-095,457,136
2024-03-06,SKU-095,342,114
2024-03-13,SKU-095,194,149
2024-03-20,SKU-095,670,156
2024-03-27,SKU-095,527,144
2024-04-03,SKU-095,396,130
2024-04-10,SKU-095,250,146
2024-04-17,SKU-095,541,147
2024-04-24,SKU-095,370,172
2024-05-01,SKU-095,253,117
2024-05-08,SKU-095,474,142
2024-05-15,SKU-095,352,121
2024-05-22,SKU-095,773,160
2024-05-29,SKU-095,612,161
2024-06-05,SKU-095,466,146
2024-06-12,SKU-095,312,153
2024-06-19,SKU-095,704,162
2024-06-26,SKU-095,572,132
2024-07-03,SKU-095,433,138
2024-07-10,SKU-095,840,111
2024-07-17,SKU-095,723,117
2024-07-24,SKU-095,577,146
2024-07-31,SKU-095,440,137
2024-08-07,SKU-095,297,143
2024-08-14,SKU-095,632,135
2024-08-21,SKU-095,470,162
2024-08-28,SKU-095,326,144
2024-09-04,SKU-095,686,114
2024-09-11,SKU-095,552,133
2024-09-18,SKU-095,414,139
2024-09-25,SKU-095,693,158
2024-10-02,SKU-095,590,103
2024-10-09,SKU-095,470,120
2024-10-16,SKU-095,349,121
2024-10-23,SKU-095,597,185
2024-10-30,SKU-095,481,116
2024-11-06,SKU-095,357,124
2024-11-13,SKU-095,720,175
2024-11-20,SKU-095,565,156
2024-11-27,SKU-095,402,163
2024-12-04,SKU-095,606,149
2024-12-11,SKU-095,430,176
2024-12-18,SKU-095,263,167
2025-01-01,SKU-095,562,138
2025-01-08,SKU-095,415,147
2025-01-15,SKU-095,280,135
2025-01-22,SKU-095,632,182
2025-01-29,SKU-095,447,184
2025-02-05,SKU-095,290,157
2025-02-12,SKU-095,147,143
2025-02-19,SKU-095,420,126
2025-02-26,SKU-095,763,148
2025-03-05,SKU-095,581,182
2025-03-12,SKU-095,440,141
2025-03-19,SKU-095,313,127
2025-03-26,SKU-095,190,123
2025-04-02,SKU-095,617,146
2025-04-09,SKU-095,428,189
2025-04-16,SKU-095,280,148
2025-04-23,SKU-095,625,159
2025-04-30,SKU-095,483,143
2025-05-07,SKU-095,330,153
2025-05-14,SKU-095,840,86
2025-05-21,SKU-095,724,116
2025-05-28,SKU-095,588,136
2025-06-04,SKU-095,430,158
2025-06-11,SKU-095,303,127
2025-06-18,SKU-095,148,155
2025-06-25,SKU-095,445,160
2025-07-02,SKU-095,316,130
2025-07-09,SKU-095,180,136
2025-07-16,SKU-095,665,164
2025-07-23,SKU-095,511,154
2025-07-30,SKU-095,410,101
2025-08-06,SKU-095,266,144
2025-08-13,SKU-095,612,141
2025-08-20,SKU-095,481,131
2025-08-27,SKU-095,335,146
2025-09-03,SKU-095,174,160
2025-09-10,SKU-095,515,127
2025-09-17,SKU-095,360,155
2025-09-24,SKU-095,741,145
2025-10-01,SKU-095,571,170
2025-10-08,SKU-095,451,120
2025-10-15,SKU-095,266,185
2025-10-22,SKU-095,540,189
2025-10-29,SKU-095,399,141
2025-11-05,SKU-095,681,126
2025-11-12,SKU-095,527,154
2025-11-19,SKU-095,393,134
2025-11-26,SKU-095,267,126
2025-12-03,SKU-095,663,160
2025-12-10,SKU-095,540,124
2025-12-17,SKU-095,380,159
2025-12-24,SKU-095,256,124
2024-01-03,SKU-096,600,93
2024-01-10,SKU-096,489,111
2024-01-17,SKU-096,387,102
2024-01-24,SKU-096,278,109
2024-01-31,SKU-096,173,105
2024-02-07,SKU-096,351,96
2024-02-14,SKU-096,262,89
2024-02-21,SKU-096,536,101
2024-02-28,SKU-096,450,86
2024-03-06,SKU-096,346,105
2024-03-13,SKU-096,254,92
2024-03-20,SKU-096,556,113
2024-03-27,SKU-096,475,82
2024-04-03,SKU-096,396,79
2024-04-10,SKU-096,333,62
2024-04-17,SKU-096,525,96
2024-04-24,SKU-096,423,102
2024-05-01,SKU-096,306,117
2024-05-08,SKU-096,231,76
2024-05-15,SKU-096,565,97
2024-05-22,SKU-096,455,110
2024-05-29,SKU-096,362,93
2024-06-05,SKU-096,274,88
2024-06-12,SKU-096,205,69
2024-06-19,SKU-096,425,97
2024-06-26,SKU-096,330,95
2024-07-03,SKU-096,232,98
2024-07-10,SKU-096,125,108
2024-07-17,SKU-096,447,102
2024-07-24,SKU-096,347,99
2024-07-31,SKU-096,240,108
2024-08-07,SKU-096,142,97
2024-08-14,SKU-096,425,77
2024-08-21,SKU-096,331,94
2024-08-28,SKU-096,226,105
2024-09-04,SKU-096,546,108
2024-09-11,SKU-096,460,86
2024-09-18,SKU-096,355,105
2024-09-25,SKU-096,248,107
2024-10-02,SKU-096,168,80
2024-10-09,SKU-096,453,111
2024-10-16,SKU-096,336,117
2024-10-23,SKU-096,240,96
2024-10-30,SKU-096,129,112
2024-11-06,SKU-096,442,99
2024-11-13,SKU-096,337,105
2024-11-20,SKU-096,251,86
2024-11-27,SKU-096,463,124
2024-12-04,SKU-096,385,78
2024-12-11,SKU-096,269,116
2024-12-18,SKU-096,178,91
2024-12-25,SKU-096,367,119
2025-01-01,SKU-096,288,79
2025-01-08,SKU-096,183,105
2025-01-15,SKU-096,321,101
2025-01-22,SKU-096,236,85
2025-01-29,SKU-096,156,81
2025-02-05,SKU-096,455,120
2025-02-12,SKU-096,369,86
2025-02-19,SKU-096,264,105
2025-02-26,SKU-096,447,84
2025-03-05,SKU-096,339,108
2025-03-12,SKU-096,238,101
2025-03-19,SKU-096,519,114
2025-03-26,SKU-096,411,107
2025-04-02,SKU-096,321,91
2025-04-09,SKU-096,240,81
2025-04-16,SKU-096,509,88
2025-04-23,SKU-096,420,89
2025-04-30,SKU-096,337,83
2025-05-07,SKU-096,234,102
2025-05-14,SKU-096,136,98
2025-05-21,SKU-096,322,107
2025-05-28,SKU-096,220,103
2025-06-04,SKU-096,114,105
2025-06-11,SKU-096,428,98
2025-06-18,SKU-096,329,99
2025-06-25,SKU-096,253,76
2025-07-02,SKU-096,152,101
2025-07-09,SKU-096,360,110
2025-07-16,SKU-096,276,84
2025-07-23,SKU-096,472,113
2025-07-30,SKU-096,374,98
2025-08-06,SKU-096,274,99
2025-08-13,SKU-096,539,104
2025-08-20,SKU-096,428,111
2025-08-27,SKU-096,310,117
2025-09-03,SKU-096,225,85
2025-09-10,SKU-096,144,81
2025-09-17,SKU-096,470,115
2025-09-24,SKU-096,342,128
2025-10-01,SKU-096,242,100
2025-10-08,SKU-096,145,97
2025-10-15,SKU-096,379,85
2025-10-22,SKU-096,291,88
2025-10-29,SKU-096,225,65
2025-11-12,SKU-096,277,93
2025-11-19,SKU-096,145,132
2025-11-26,SKU-096,378,70
2025-12-03,SKU-096,278,100
2025-12-10,SKU-096,212,66
2025-12-17,SKU-096,383,93
2025-12-24,SKU-096,308,75
2024-01-03,SKU-097,930,87
2024-01-10,SKU-097,800,131
2024-01-17,SKU-097,663,136
2024-01-24,SKU-097,564,100
2024-01-31,SKU-097,427,136
2024-02-07,SKU-097,329,99
2024-02-21,SKU-097,62,136
2024-02-28,SKU-097,0,92
2024-03-06,SKU-097,0,115
2024-03-13,SKU-097,219,127
2024-03-20,SKU-097,135,84
2024-03-27,SKU-097,14,120
2024-04-03,SKU-097,270,126
2024-04-10,SKU-097,159,111
2024-04-17,SKU-097,430,96
2024-04-24,SKU-097,311,119
2024-05-01,SKU-097,183,128
2024-05-08,SKU-097,477,116
2024-05-15,SKU-097,400,77
2024-05-22,SKU-097,281,118
2024-05-29,SKU-097,512,94
2024-06-05,SKU-097,423,89
2024-06-12,SKU-097,322,101
2024-06-19,SKU-097,535,113
2024-06-26,SKU-097,421,113
2024-07-03,SKU-097,340,82
2024-07-10,SKU-097,228,112
2024-07-17,SKU-097,602,103
2024-07-24,SKU-097,482,120
2024-07-31,SKU-097,359,123
2024-08-07,SKU-097,268,91
2024-08-14,SKU-097,150,118
2024-08-21,SKU-097,437,150
2024-08-28,SKU-097,321,116
2024-09-04,SKU-097,204,116
2024-09-11,SKU-097,521,96
2024-09-18,SKU-097,443,79
2024-09-25,SKU-097,317,125
2024-10-02,SKU-097,208,109
2024-10-09,SKU-097,547,108
2024-10-16,SKU-097,423,124
2024-10-23,SKU-097,329,93
2024-10-30,SKU-097,211,119
2024-11-06,SKU-097,475,137
2024-11-13,SKU-097,379,96
2024-11-20,SKU-097,273,106
2024-11-27,SKU-097,512,132
2024-12-04,SKU-097,392,120
2024-12-11,SKU-097,295,97
2024-12-18,SKU-097,512,97
2024-12-25,SKU-097,424,88
2025-01-01,SKU-097,309,115
2025-01-08,SKU-097,508,131
2025-01-15,SKU-097,425,83
2025-01-22,SKU-097,318,107
2025-01-29,SKU-097,221,97
2025-02-05,SKU-097,130,91
2025-02-12,SKU-097,37,93
2025-02-19,SKU-097,256,141
2025-02-26,SKU-097,181,75
2025-03-05,SKU-097,59,122
2025-03-12,SKU-097,0,82
2025-03-19,SKU-097,279,118
2025-03-26,SKU-097,135,144
2025-04-02,SKU-097,11,125
2025-04-09,SKU-097,0,113
2025-04-16,SKU-097,209,114
2025-04-23,SKU-097,78,131
2025-04-30,SKU-097,0,98
2025-05-07,SKU-097,219,124
2025-05-14,SKU-097,595,132
2025-05-21,SKU-097,517,78
2025-05-28,SKU-097,388,128
2025-06-04,SKU-097,291,98
2025-06-11,SKU-097,188,103
2025-06-18,SKU-097,579,115
2025-06-25,SKU-097,455,124
2025-07-02,SKU-097,343,112
2025-07-09,SKU-097,220,122
2025-07-16,SKU-097,480,127
2025-07-23,SKU-097,379,102
2025-07-30,SKU-097,278,101
2025-08-06,SKU-097,568,98
2025-08-13,SKU-097,461,108
2025-08-20,SKU-097,347,113
2025-08-27,SKU-097,243,104
2025-09-03,SKU-097,547,119
2025-09-10,SKU-097,445,102
2025-09-17,SKU-097,332,113
2025-09-24,SKU-097,248,84
2025-10-01,SKU-097,456,125
2025-10-08,SKU-097,352,104
2025-10-15,SKU-097,254,98
2025-10-22,SKU-097,602,120
2025-10-29,SKU-097,497,106
2025-11-05,SKU-097,404,93
2025-11-12,SKU-097,273,131
2025-11-19,SKU-097,486,134
2025-11-26,SKU-097,334,152
2025-12-03,SKU-097,238,96
2025-12-10,SKU-097,578,93
2025-12-17,SKU-097,500,78
2025-12-24,SKU-097,370,130
2024-01-03,SKU-098,829,109
2024-01-10,SKU-098,708,121
2024-01-17,SKU-098,550,158
2024-01-24,SKU-098,416,135
2024-01-31,SKU-098,291,124
2024-02-07,SKU-098,187,104
2024-02-14,SKU-098,59,128
2024-02-21,SKU-098,467,133
2024-02-28,SKU-098,336,131
2024-03-06,SKU-098,222,114
2024-03-13,SKU-098,412,134
2024-03-20,SKU-098,268,144
2024-03-27,SKU-098,160,108
2024-04-03,SKU-098,38,123
2024-04-10,SKU-098,279,137
2024-04-17,SKU-098,120,159
2024-04-24,SKU-098,0,140
2024-05-01,SKU-098,0,149
2024-05-08,SKU-098,850,122
2024-05-15,SKU-098,715,135
2024-05-22,SKU-098,579,136
2024-05-29,SKU-098,412,167
2024-06-05,SKU-098,276,136
2024-06-12,SKU-098,599,134
2024-06-19,SKU-098,461,139
2024-06-26,SKU-098,304,157
2024-07-03,SKU-098,486,152
2024-07-10,SKU-098,340,146
2024-07-17,SKU-098,230,110
2024-07-24,SKU-098,658,107
2024-07-31,SKU-098,525,133
2024-08-07,SKU-098,373,153
2024-08-14,SKU-098,252,121
2024-08-21,SKU-098,512,131
2024-08-28,SKU-098,372,140
2024-09-04,SKU-098,264,108
2024-09-11,SKU-098,728,138
2024-09-18,SKU-098,583,145
2024-09-25,SKU-098,448,134
2024-10-02,SKU-098,340,108
2024-10-09,SKU-098,644,117
2024-10-16,SKU-098,504,140
2024-10-23,SKU-098,329,175
2024-10-30,SKU-098,184,145
2024-11-06,SKU-098,29,155
2024-11-13,SKU-098,370,151
2024-11-20,SKU-098,245,125
2024-11-27,SKU-098,642,143
2024-12-04,SKU-098,525,117
2024-12-11,SKU-098,376,149
2024-12-18,SKU-098,228,148
2024-12-25,SKU-098,74,154
2025-01-01,SKU-098,438,121
2025-01-08,SKU-098,305,133
2025-01-15,SKU-098,590,140
2025-01-22,SKU-098,448,142
2025-01-29,SKU-098,314,134
2025-02-05,SKU-098,183,131
2025-02-12,SKU-098,34,149
2025-02-19,SKU-098,279,132
2025-02-26,SKU-098,161,118
2025-03-05,SKU-098,28,133
2025-03-12,SKU-098,376,158
2025-03-19,SKU-098,242,135
2025-03-26,SKU-098,90,152
2025-04-02,SKU-098,0,109
2025-04-09,SKU-098,261,127
2025-04-16,SKU-098,102,160
2025-04-23,SKU-098,0,145
2025-04-30,SKU-098,0,144
2025-05-07,SKU-098,456,111
2025-05-14,SKU-098,727,141
2025-05-21,SKU-098,574,153
2025-05-28,SKU-098,456,118
2025-06-04,SKU-098,321,136
2025-06-18,SKU-098,525,120
2025-06-25,SKU-098,376,149
2025-07-02,SKU-098,231,145
2025-07-09,SKU-098,617,128
2025-07-16,SKU-098,484,133
2025-07-23,SKU-098,378,107
2025-07-30,SKU-098,249,129
2025-08-06,SKU-098,610,117
2025-08-13,SKU-098,472,138
2025-08-20,SKU-098,369,102
2025-08-27,SKU-098,551,127
2025-09-03,SKU-098,403,148
2025-09-10,SKU-098,281,122
2025-09-17,SKU-098,546,112
2025-09-24,SKU-098,425,121
2025-10-01,SKU-098,308,117
2025-10-08,SKU-098,684,163
2025-10-15,SKU-098,537,148
2025-10-22,SKU-098,356,181
2025-10-29,SKU-098,219,137
2025-11-05,SKU-098,499,150
2025-11-12,SKU-098,361,137
2025-11-19,SKU-098,203,158
2025-11-26,SKU-098,571,149
2025-12-03,SKU-098,443,128
2025-12-10,SKU-098,324,119
2025-12-17,SKU-098,685,115
2025-12-24,SKU-098,571,114
2024-01-03,SKU-099,1023,137
2024-01-10,SKU-099,904,119
2024-01-17,SKU-099,784,120
2024-01-24,SKU-099,650,134
2024-01-31,SKU-099,528,121
2024-02-07,SKU-099,426,102
2024-02-14,SKU-099,296,130
2024-02-21,SKU-099,170,126
2024-02-28,SKU-099,541,113
2024-03-06,SKU-099,405,136
2024-03-13,SKU-099,269,136
2024-03-20,SKU-099,527,103
2024-03-27,SKU-099,435,93
2024-04-03,SKU-099,305,130
2024-04-10,SKU-099,546,117
2024-04-17,SKU-099,429,116
2024-04-24,SKU-099,322,107
2024-05-01,SKU-099,193,129
2024-05-08,SKU-099,435,91
2024-05-15,SKU-099,308,128
2024-05-22,SKU-099,196,111
2024-05-29,SKU-099,67,130
2024-06-05,SKU-099,374,124
2024-06-12,SKU-099,252,122
2024-06-19,SKU-099,149,103
2024-06-26,SKU-099,63,87
2024-07-03,SKU-099,385,124
2024-07-10,SKU-099,279,106
2024-07-17,SKU-099,168,111
2024-07-24,SKU-099,75,93
2024-07-31,SKU-099,471,115
2024-08-07,SKU-099,339,131
2024-08-14,SKU-099,194,145
2024-08-21,SKU-099,88,106
2024-08-28,SKU-099,338,141
2024-09-04,SKU-099,234,103
2024-09-11,SKU-099,587,115
2024-09-18,SKU-099,501,86
2024-09-25,SKU-099,411,90
2024-10-02,SKU-099,308,104
2024-10-09,SKU-099,184,124
2024-10-16,SKU-099,554,118
2024-10-23,SKU-099,447,107
2024-10-30,SKU-099,345,101
2024-11-06,SKU-099,552,94
2024-11-13,SKU-099,428,124
2024-11-20,SKU-099,316,112
2024-11-27,SKU-099,555,117
2024-12-04,SKU-099,429,126
2024-12-11,SKU-099,324,105
2024-12-18,SKU-099,184,140
2024-12-25,SKU-099,430,130
2025-01-01,SKU-099,320,110
2025-01-08,SKU-099,206,114
2025-01-15,SKU-099,429,83
2025-01-22,SKU-099,339,90
2025-01-29,SKU-099,233,106
2025-02-05,SKU-099,540,118
2025-02-12,SKU-099,418,122
2025-02-19,SKU-099,287,131
2025-02-26,SKU-099,160,127
2025-03-05,SKU-099,418,131
2025-03-19,SKU-099,550,123
2025-03-26,SKU-099,437,113
2025-04-02,SKU-099,328,109
2025-04-09,SKU-099,556,126
2025-04-16,SKU-099,437,119
2025-04-23,SKU-099,343,94
2025-04-30,SKU-099,247,96
2025-05-07,SKU-099,511,118
2025-05-14,SKU-099,379,132
2025-05-21,SKU-099,267,113
2025-05-28,SKU-099,141,125
2025-06-04,SKU-099,11,130
2025-06-11,SKU-099,0,85
2025-06-18,SKU-099,198,135
2025-06-25,SKU-099,81,118
2025-07-02,SKU-099,433,128
2025-07-09,SKU-099,307,125
2025-07-16,SKU-099,192,116
2025-07-23,SKU-099,88,103
2025-07-30,SKU-099,402,116
2025-08-06,SKU-099,285,117
2025-08-13,SKU-099,662,96
2025-08-20,SKU-099,540,122
2025-08-27,SKU-099,425,116
2025-09-03,SKU-099,327,98
2025-09-10,SKU-099,230,97
2025-09-17,SKU-099,568,135
2025-09-24,SKU-099,453,115
2025-10-01,SKU-099,329,124
2025-10-08,SKU-099,228,101
2025-10-15,SKU-099,440,137
2025-10-22,SKU-099,351,89
2025-10-29,SKU-099,487,125
2025-11-05,SKU-099,357,130
2025-11-12,SKU-099,217,140
2025-11-19,SKU-099,461,121
2025-11-26,SKU-099,329,131
2025-12-03,SKU-099,197,133
2025-12-10,SKU-099,79,118
2025-12-17,SKU-099,492,111
2025-12-24,SKU-099,368,125
2024-01-03,SKU-100,1065,150
2024-01-10,SKU-100,936,129
2024-01-17,SKU-100,784,152
2024-01-24,SKU-100,619,165
2024-01-31,SKU-100,484,134
2024-02-07,SKU-100,358,126
2024-02-14,SKU-100,658,143
2024-02-21,SKU-100,520,138
2024-02-28,SKU-100,382,138
2024-03-06,SKU-100,229,153
2024-03-13,SKU-100,522,119
2024-03-20,SKU-100,341,181
2024-03-27,SKU-100,737,122
2024-04-03,SKU-100,598,139
2024-04-10,SKU-100,424,174
2024-04-24,SKU-100,686,101
2024-05-01,SKU-100,571,115
2024-05-08,SKU-100,419,152
2024-05-15,SKU-100,283,136
2024-05-22,SKU-100,716,130
2024-05-29,SKU-100,564,152
2024-06-05,SKU-100,415,149
2024-06-12,SKU-100,253,161
2024-06-19,SKU-100,758,118
2024-06-26,SKU-100,623,134
2024-07-03,SKU-100,497,126
2024-07-10,SKU-100,369,128
2024-07-17,SKU-100,230,139
2024-07-24,SKU-100,495,160
2024-07-31,SKU-100,370,124
2024-08-07,SKU-100,214,156
2024-08-14,SKU-100,650,105
2024-08-21,SKU-100,501,149
2024-08-28,SKU-100,364,137
2024-09-04,SKU-100,671,139
2024-09-11,SKU-100,575,96
2024-09-25,SKU-100,292,140
2024-10-02,SKU-100,176,116
2024-10-09,SKU-100,625,111
2024-10-16,SKU-100,449,176
2024-10-23,SKU-100,318,130
2024-10-30,SKU-100,700,172
2024-11-06,SKU-100,520,179
2024-11-13,SKU-100,385,135
2024-11-20,SKU-100,269,116
2024-11-27,SKU-100,488,188
2024-12-04,SKU-100,338,150
2024-12-11,SKU-100,190,148
2024-12-18,SKU-100,467,176
2024-12-25,SKU-100,339,127
2025-01-01,SKU-100,207,133
2025-01-08,SKU-100,628,150
2025-01-15,SKU-100,485,143
2025-01-22,SKU-100,355,130
2025-01-29,SKU-100,177,178
2025-02-05,SKU-100,498,149
2025-02-12,SKU-100,383,116
2025-02-19,SKU-100,692,125
2025-02-26,SKU-100,552,140
2025-03-05,SKU-100,415,138
2025-03-12,SKU-100,249,166
2025-03-19,SKU-100,107,142
2025-03-26,SKU-100,395,159
2025-04-02,SKU-100,294,101
2025-04-09,SKU-100,146,148
2025-04-16,SKU-100,501,142
2025-04-23,SKU-100,354,147
2025-04-30,SKU-100,594,142
2025-05-07,SKU-100,463,131
2025-05-21,SKU-100,170,148
2025-05-28,SKU-100,531,122
2025-06-04,SKU-100,389,141
2025-06-11,SKU-100,284,106
2025-06-18,SKU-100,535,122
2025-06-25,SKU-100,366,169
2025-07-02,SKU-100,656,123
2025-07-09,SKU-100,521,134
2025-07-16,SKU-100,413,108
2025-07-23,SKU-100,277,136
2025-07-30,SKU-100,627,167
2025-08-06,SKU-100,497,130
2025-08-13,SKU-100,378,119
2025-08-20,SKU-100,248,130
2025-08-27,SKU-100,466,137
2025-09-03,SKU-100,355,111
2025-09-10,SKU-100,242,113
2025-09-17,SKU-100,634,135
2025-09-24,SKU-100,483,151
2025-10-01,SKU-100,313,170
2025-10-08,SKU-100,641,128
2025-10-15,SKU-100,475,166
2025-10-22,SKU-100,356,119
2025-10-29,SKU-100,240,115
2025-11-05,SKU-100,563,133
2025-11-12,SKU-100,458,105
2025-11-19,SKU-100,352,106
2025-11-26,SKU-100,692,135
2025-12-03,SKU-100,546,147
2025-12-10,SKU-100,374,172
2025-12-17,SKU-100,184,190
2025-12-24,SKU-100,659,114
2025-09-03,SKU-065,464,115
2025-01-29,SKU-061,274,137
2024-07-17,SKU-007,304,115
2025-10-29,SKU-057,268,120
2025-03-05,SKU-020,207,91
2025-08-20,SKU-062,357,80
2025-10-01,SKU-004,373,134
2025-04-16,SKU-044,496,149
2024-02-28,SKU-053,340,116
2024-10-30,SKU-025,262,97
2024-10-16,SKU-047,150,84
2025-01-01,SKU-086,365,108
2025-07-09,SKU-096,360,110
2025-08-27,SKU-084,609,126
2024-03-06,SKU-092,524,146
2025-07-02,SKU-052,516,136
2024-12-04,SKU-096,385,78
2025-11-12,SKU-011,390,113
2025-03-05,SKU-055,153,146
2024-09-25,SKU-009,363,109
