Snapshot_Date,Product_ID,FG_Stock_On_Hand,FG_Weekly_Shipment
2024-01-03,SKU-001,958,129
2024-01-10,SKU-001,906,173
2024-01-17,SKU-001,916,126
2024-01-24,SKU-001,938,117
2024-01-31,SKU-001,961,117
2024-02-07,SKU-001,1020,63
2024-02-14,SKU-001,990,154
2024-02-21,SKU-001,1001,113
2024-02-28,SKU-001,1006,127
2024-03-06,SKU-001,1054,95
2024-03-13,SKU-001,1079,117
2024-03-20,SKU-001,939,140
2024-03-27,SKU-001,956,106
2024-04-03,SKU-001,943,132
2024-04-10,SKU-001,922,143
2024-04-17,SKU-001,899,162
2024-04-24,SKU-001,861,164
2024-05-01,SKU-001,897,106
2024-05-08,SKU-001,887,153
2024-05-15,SKU-001,914,97
2024-05-22,SKU-001,931,103
2024-05-29,SKU-001,915,156
2024-06-05,SKU-001,889,153
2024-06-12,SKU-001,911,116
2024-06-19,SKU-001,920,128
2024-06-26,SKU-001,888,164
2024-07-03,SKU-001,858,155
2024-07-10,SKU-001,878,105
2024-07-17,SKU-001,845,154
2024-07-24,SKU-001,831,142
2024-07-31,SKU-001,853,122
2024-08-07,SKU-001,892,95
2024-08-14,SKU-001,856,157
2024-08-21,SKU-001,884,93
2024-08-28,SKU-001,853,152
2024-09-04,SKU-001,874,121
2024-09-11,SKU-001,841,163
2024-09-18,SKU-001,806,169
2024-09-25,SKU-001,802,124
2024-10-02,SKU-001,798,126
2024-10-09,SKU-001,768,166
2024-10-16,SKU-001,753,142
2024-10-23,SKU-001,765,125
2024-10-30,SKU-001,764,128
2024-11-06,SKU-001,812,79
2024-11-13,SKU-001,811,132
2024-11-20,SKU-001,851,104
2024-11-27,SKU-001,860,135
2024-12-11,SKU-001,858,126
2024-12-18,SKU-001,870,121
2024-12-25,SKU-001,846,153
2025-01-01,SKU-001,855,112
2025-01-08,SKU-001,869,111
2025-01-15,SKU-001,833,170
2025-01-22,SKU-001,843,118
2025-01-29,SKU-001,869,119
2025-02-05,SKU-001,876,134
2025-02-12,SKU-001,861,149
2025-02-19,SKU-001,738,122
2025-02-26,SKU-001,759,123
2025-03-05,SKU-001,721,160
2025-03-12,SKU-001,521,200
2025-03-19,SKU-001,368,153
2025-03-26,SKU-001,413,98
2025-04-02,SKU-001,412,140
2025-04-09,SKU-001,393,142
2025-04-16,SKU-001,381,140
2025-04-23,SKU-001,337,182
2025-04-30,SKU-001,378,101
2025-05-07,SKU-001,368,153
2025-05-14,SKU-001,378,111
2025-05-21,SKU-001,370,144
2025-05-28,SKU-001,367,126
2025-06-04,SKU-001,403,109
2025-06-11,SKU-001,396,131
2025-06-18,SKU-001,376,155
2025-06-25,SKU-001,327,171
2025-07-02,SKU-001,267,205
2025-07-09,SKU-001,283,104
2025-07-16,SKU-001,285,127
2025-07-23,SKU-001,274,145
2025-07-30,SKU-001,295,110
2025-08-06,SKU-001,284,155
2025-08-13,SKU-001,329,100
2025-08-20,SKU-001,307,143
2025-08-27,SKU-001,310,134
2025-09-03,SKU-001,296,142
2025-09-10,SKU-001,269,161
2025-09-17,SKU-001,301,108
2025-09-24,SKU-001,298,146
2025-10-01,SKU-001,189,235
2025-10-08,SKU-001,150,163
2025-10-22,SKU-001,168,112
2025-10-29,SKU-001,192,120
2025-11-05,SKU-001,138,194
2025-11-12,SKU-001,187,90
2025-11-19,SKU-001,152,161
2025-11-26,SKU-001,171,104
2025-12-03,SKU-001,159,151
2025-12-10,SKU-001,150,134
2025-12-17,SKU-001,141,149
2025-12-24,SKU-001,163,115
2024-01-03,SKU-002,821,118
2024-01-10,SKU-002,801,155
2024-01-17,SKU-002,839,107
2024-01-24,SKU-002,858,122
2024-01-31,SKU-002,835,176
2024-02-07,SKU-002,778,187
2024-02-14,SKU-002,755,176
2024-02-21,SKU-002,602,153
2024-02-28,SKU-002,621,114
2024-03-06,SKU-002,702,49
2024-03-13,SKU-002,731,105
2024-03-20,SKU-002,697,178
2024-03-27,SKU-002,711,127
2024-04-03,SKU-002,692,152
2024-04-10,SKU-002,704,135
2024-04-17,SKU-002,672,159
2024-04-24,SKU-002,642,177
2024-05-01,SKU-002,589,200
2024-05-08,SKU-002,592,143
2024-05-15,SKU-002,591,137
2024-05-22,SKU-002,562,165
2024-05-29,SKU-002,574,123
2024-06-05,SKU-002,557,167
2024-06-12,SKU-002,535,157
2024-06-19,SKU-002,508,165
2024-06-26,SKU-002,525,121
2024-07-03,SKU-002,554,106
2024-07-10,SKU-002,523,184
2024-07-17,SKU-002,539,129
2024-07-24,SKU-002,550,141
2024-07-31,SKU-002,525,167
2024-08-07,SKU-002,487,165
2024-08-14,SKU-002,498,123
2024-08-21,SKU-002,553,90
2024-08-28,SKU-002,518,174
2024-09-04,SKU-002,494,162
2024-09-11,SKU-002,506,121
2024-09-18,SKU-002,465,190
2024-09-25,SKU-002,433,163
2024-10-02,SKU-002,383,179
2024-10-09,SKU-002,363,156
2024-10-16,SKU-002,339,173
2024-10-23,SKU-002,365,122
2024-10-30,SKU-002,312,185
2024-11-06,SKU-002,299,140
2024-11-13,SKU-002,293,139
2024-11-20,SKU-002,271,162
2024-11-27,SKU-002,309,100
2024-12-04,SKU-002,322,131
2024-12-11,SKU-002,312,143
2024-12-18,SKU-002,304,154
2024-12-25,SKU-002,297,152
2025-01-01,SKU-002,231,193
2025-01-08,SKU-002,187,192
2025-01-15,SKU-002,208,117
2025-01-22,SKU-002,259,81
2025-01-29,SKU-002,293,119
2025-02-05,SKU-002,284,150
2025-02-12,SKU-002,310,124
2025-02-19,SKU-002,128,182
2025-02-26,SKU-002,130,137
2025-03-05,SKU-002,192,92
2025-03-12,SKU-002,198,137
2025-03-26,SKU-002,115,141
2025-04-02,SKU-002,139,128
2025-04-09,SKU-002,143,137
2025-04-16,SKU-002,138,155
2025-04-23,SKU-002,170,109
2025-04-30,SKU-002,146,176
2025-05-07,SKU-002,95,184
2025-05-14,SKU-002,55,174
2025-05-21,SKU-002,1,198
2025-05-28,SKU-002,16,134
2025-06-04,SKU-002,0,179
2025-06-11,SKU-002,0,160
2025-06-18,SKU-002,43,91
2025-06-25,SKU-002,94,83
2025-07-02,SKU-002,42,183
2025-07-09,SKU-002,0,186
2025-07-16,SKU-002,53,93
2025-07-23,SKU-002,52,140
2025-07-30,SKU-002,55,138
2025-08-06,SKU-002,34,159
2025-08-13,SKU-002,52,114
2025-08-20,SKU-002,56,139
2025-08-27,SKU-002,90,113
2025-09-03,SKU-002,115,126
2025-09-10,SKU-002,130,111
2025-09-17,SKU-002,159,107
2025-09-24,SKU-002,165,142
2025-10-01,SKU-002,169,147
2025-10-08,SKU-002,159,158
2025-10-15,SKU-002,175,126
2025-10-22,SKU-002,186,133
2025-10-29,SKU-002,221,98
2025-11-05,SKU-002,214,134
2025-11-12,SKU-002,201,149
2025-11-19,SKU-002,175,172
2025-11-26,SKU-002,219,95
2025-12-03,SKU-002,230,119
2025-12-10,SKU-002,251,122
2025-12-17,SKU-002,191,188
2025-12-24,SKU-002,136,182
2024-01-03,SKU-003,954,104
2024-01-10,SKU-003,936,139
2024-01-17,SKU-003,967,103
2024-01-24,SKU-003,938,149
2024-01-31,SKU-003,985,90
2024-02-07,SKU-003,996,113
2024-02-14,SKU-003,1024,104
2024-02-21,SKU-003,1034,105
2024-02-28,SKU-003,1029,119
2024-03-06,SKU-003,1055,111
2024-03-13,SKU-003,1031,138
2024-03-20,SKU-003,1017,128
2024-03-27,SKU-003,1006,139
2024-04-03,SKU-003,985,140
2024-04-10,SKU-003,1030,80
2024-04-17,SKU-003,1019,127
2024-04-24,SKU-003,997,141
2024-05-01,SKU-003,995,124
2024-05-08,SKU-003,1014,109
2024-05-15,SKU-003,1047,104
2024-05-22,SKU-003,1028,151
2024-05-29,SKU-003,1051,97
2024-06-05,SKU-003,1017,162
2024-06-12,SKU-003,1048,105
2024-06-19,SKU-003,1055,120
2024-06-26,SKU-003,1064,128
2024-07-03,SKU-003,1027,155
2024-07-10,SKU-003,1021,134
2024-07-17,SKU-003,1041,113
2024-07-24,SKU-003,1047,115
2024-07-31,SKU-003,999,178
2024-08-07,SKU-003,1015,117
2024-08-14,SKU-003,1055,74
2024-08-21,SKU-003,1103,79
2024-08-28,SKU-003,1106,126
2024-09-04,SKU-003,1087,134
2024-09-11,SKU-003,1142,70
2024-09-18,SKU-003,1121,145
2024-09-25,SKU-003,1089,154
2024-10-02,SKU-003,1065,141
2024-10-09,SKU-003,1052,130
2024-10-16,SKU-003,1064,114
2024-10-23,SKU-003,1047,146
2024-10-30,SKU-003,1066,113
2024-11-13,SKU-003,1078,113
2024-11-20,SKU-003,1082,114
2024-11-27,SKU-003,1074,144
2024-12-04,SKU-003,1047,147
2024-12-11,SKU-003,1035,136
2024-12-18,SKU-003,1071,94
2024-12-25,SKU-003,1029,163
2025-01-01,SKU-003,1030,124
2025-01-08,SKU-003,1054,97
2025-01-15,SKU-003,1045,128
2025-01-22,SKU-003,1028,138
2025-01-29,SKU-003,1050,106
2025-02-05,SKU-003,1017,159
2025-02-12,SKU-003,1022,113
2025-02-19,SKU-003,1018,122
2025-02-26,SKU-003,989,153
2025-03-05,SKU-003,992,122
2025-03-12,SKU-003,1023,100
2025-03-19,SKU-003,1001,146
2025-04-02,SKU-003,973,167
2025-04-09,SKU-003,1014,88
2025-04-16,SKU-003,1018,119
2025-04-23,SKU-003,1021,124
2025-04-30,SKU-003,976,172
2025-05-07,SKU-003,979,119
2025-05-14,SKU-003,913,190
2025-05-21,SKU-003,919,125
2025-05-28,SKU-003,918,122
2025-06-04,SKU-003,938,112
2025-06-11,SKU-003,948,108
2025-06-18,SKU-003,960,119
2025-06-25,SKU-003,1021,59
2025-07-02,SKU-003,992,157
2025-07-09,SKU-003,1014,116
2025-07-16,SKU-003,1041,106
2025-07-23,SKU-003,992,169
2025-07-30,SKU-003,957,157
2025-08-06,SKU-003,961,112
2025-08-13,SKU-003,980,95
2025-08-20,SKU-003,975,119
2025-08-27,SKU-003,967,137
2025-09-03,SKU-003,944,155
2025-09-10,SKU-003,919,141
2025-09-17,SKU-003,910,134
2025-09-24,SKU-003,883,149
2025-10-01,SKU-003,908,112
2025-10-08,SKU-003,934,90
2025-10-15,SKU-003,907,141
2025-10-22,SKU-003,863,170
2025-11-05,SKU-003,844,112
2025-11-12,SKU-003,856,125
2025-11-19,SKU-003,843,128
2025-11-26,SKU-003,846,116
2025-12-03,SKU-003,891,83
2025-12-10,SKU-003,875,144
2025-12-17,SKU-003,887,121
2025-12-24,SKU-003,875,134
2024-01-03,SKU-004,1105,126
2024-01-10,SKU-004,1138,120
2024-01-17,SKU-004,1192,98
2024-01-24,SKU-004,1135,198
2024-01-31,SKU-004,1157,119
2024-02-07,SKU-004,1166,145
2024-02-14,SKU-004,1224,79
2024-02-21,SKU-004,1097,128
2024-02-28,SKU-004,1104,127
2024-03-06,SKU-004,1145,107
2024-03-13,SKU-004,1120,166
2024-03-20,SKU-004,1064,211
2024-03-27,SKU-004,1067,152
2024-04-03,SKU-004,1047,167
2024-04-10,SKU-004,1076,130
2024-04-17,SKU-004,1050,179
2024-04-24,SKU-004,1047,157
2024-05-01,SKU-004,1070,139
2024-05-08,SKU-004,1121,103
2024-05-15,SKU-004,1119,164
2024-05-22,SKU-004,1161,117
2024-05-29,SKU-004,1121,183
2024-06-05,SKU-004,1135,143
2024-06-12,SKU-004,1134,153
2024-06-19,SKU-004,1101,188
2024-06-26,SKU-004,1120,136
2024-07-03,SKU-004,1179,104
2024-07-10,SKU-004,1163,153
2024-07-17,SKU-004,1155,143
2024-07-24,SKU-004,1156,147
2024-07-31,SKU-004,1185,107
2024-08-07,SKU-004,1230,118
2024-08-14,SKU-004,1248,142
2024-08-21,SKU-004,1321,92
2024-08-28,SKU-004,1295,180
2024-09-04,SKU-004,1279,158
2024-09-11,SKU-004,1248,167
2024-09-18,SKU-004,1216,186
2024-09-25,SKU-004,1244,134
2024-10-02,SKU-004,1207,177
2024-10-09,SKU-004,1260,99
2024-10-16,SKU-004,1290,123
2024-10-23,SKU-004,1309,125
2024-10-30,SKU-004,1336,118
2024-11-06,SKU-004,1377,113
2024-11-13,SKU-004,1367,170
2024-11-20,SKU-004,1292,218
2024-11-27,SKU-004,1270,184
2024-12-04,SKU-004,1326,102
2024-12-11,SKU-004,1339,131
2024-12-18,SKU-004,1352,131
2024-12-25,SKU-004,1371,144
2025-01-01,SKU-004,1403,114
2025-01-08,SKU-004,1425,133
2025-01-15,SKU-004,1420,155
2025-01-22,SKU-004,1371,196
2025-01-29,SKU-004,1390,138
2025-02-05,SKU-004,1208,182
2025-02-12,SKU-004,1209,152
2025-02-19,SKU-004,1254,112
2025-02-26,SKU-004,1283,134
2025-03-05,SKU-004,1281,149
2025-03-12,SKU-004,1212,225
2025-03-19,SKU-004,1184,181
2025-03-26,SKU-004,1162,163
2025-04-02,SKU-004,1143,158
2025-04-09,SKU-004,1119,161
2025-04-16,SKU-004,954,164
2025-04-23,SKU-004,939,179
2025-04-30,SKU-004,913,164
2025-05-07,SKU-004,948,124
2025-05-14,SKU-004,933,164
2025-05-21,SKU-004,928,161
2025-05-28,SKU-004,913,174
2025-06-04,SKU-004,927,150
2025-06-11,SKU-004,897,172
2025-06-18,SKU-004,853,194
2025-06-25,SKU-004,866,137
2025-07-02,SKU-004,876,151
2025-07-09,SKU-004,930,106
2025-07-16,SKU-004,933,144
2025-07-23,SKU-004,956,138
2025-07-30,SKU-004,1011,95
2025-08-06,SKU-004,1001,153
2025-08-13,SKU-004,1019,134
2025-08-20,SKU-004,1095,89
2025-08-27,SKU-004,1062,182
2025-09-03,SKU-004,1094,113
2025-09-10,SKU-004,1077,169
2025-09-17,SKU-004,1044,183
2025-09-24,SKU-004,1069,115
2025-10-01,SKU-004,1056,168
2025-10-08,SKU-004,1009,199
2025-10-15,SKU-004,1016,128
2025-10-22,SKU-004,1022,152
2025-10-29,SKU-004,999,178
2025-11-05,SKU-004,1005,148
2025-11-12,SKU-004,1021,142
2025-11-19,SKU-004,1014,171
2025-11-26,SKU-004,996,167
2025-12-03,SKU-004,961,187
2025-12-10,SKU-004,1003,119
2025-12-17,SKU-004,1003,161
2025-12-24,SKU-004,1011,140
2024-01-03,SKU-005,495,89
2024-01-10,SKU-005,481,100
2024-01-17,SKU-005,465,108
2024-01-24,SKU-005,464,89
2024-01-31,SKU-005,469,77
2024-02-07,SKU-005,451,108
2024-02-14,SKU-005,452,96
2024-02-21,SKU-005,455,89
2024-02-28,SKU-005,463,82
2024-03-06,SKU-005,466,89
2024-03-13,SKU-005,429,122
2024-03-20,SKU-005,432,90
2024-03-27,SKU-005,427,86
2024-04-03,SKU-005,433,93
2024-04-10,SKU-005,419,107
2024-04-17,SKU-005,421,82
2024-04-24,SKU-005,432,75
2024-05-01,SKU-005,417,96
2024-05-08,SKU-005,425,79
2024-05-15,SKU-005,422,92
2024-05-22,SKU-005,421,86
2024-05-29,SKU-005,376,129
2024-06-05,SKU-005,366,93
2024-06-12,SKU-005,378,80
2024-06-19,SKU-005,325,143
2024-06-26,SKU-005,343,73
2024-07-03,SKU-005,358,69
2024-07-10,SKU-005,358,93
2024-07-17,SKU-005,367,88
2024-07-24,SKU-005,350,105
2024-07-31,SKU-005,363,73
2024-08-07,SKU-005,373,88
2024-08-14,SKU-005,411,60
2024-08-21,SKU-005,393,104
2024-08-28,SKU-005,414,67
2024-09-04,SKU-005,397,104
2024-09-11,SKU-005,418,77
2024-09-18,SKU-005,430,84
2024-09-25,SKU-005,430,87
2024-10-02,SKU-005,466,50
2024-10-09,SKU-005,491,69
2024-10-16,SKU-005,490,88
2024-10-23,SKU-005,504,67
2024-10-30,SKU-005,523,77
2024-11-06,SKU-005,568,52
2024-11-13,SKU-005,577,85
2024-11-20,SKU-005,572,101
2024-11-27,SKU-005,594,75
2024-12-04,SKU-005,577,112
2024-12-11,SKU-005,574,88
2024-12-18,SKU-005,545,113
2024-12-25,SKU-005,534,96
2025-01-01,SKU-005,536,91
2025-01-08,SKU-005,532,87
2025-01-15,SKU-005,528,86
2025-01-22,SKU-005,541,79
2025-01-29,SKU-005,524,98
2025-02-05,SKU-005,503,109
2025-02-12,SKU-005,443,142
2025-02-19,SKU-005,459,73
2025-02-26,SKU-005,448,95
2025-03-05,SKU-005,434,109
2025-03-12,SKU-005,431,99
2025-03-19,SKU-005,391,126
2025-03-26,SKU-005,380,95
2025-04-02,SKU-005,386,91
2025-04-09,SKU-005,401,70
2025-04-16,SKU-005,428,70
2025-04-23,SKU-005,447,76
2025-04-30,SKU-005,428,108
2025-05-07,SKU-005,398,115
2025-05-14,SKU-005,394,96
2025-05-21,SKU-005,414,73
2025-05-28,SKU-005,402,103
2025-06-04,SKU-005,372,113
2025-06-11,SKU-005,368,92
2025-06-18,SKU-005,395,60
2025-06-25,SKU-005,372,118
2025-07-02,SKU-005,373,84
2025-07-09,SKU-005,381,79
2025-07-16,SKU-005,365,109
2025-07-23,SKU-005,405,49
2025-07-30,SKU-005,406,91
2025-08-06,SKU-005,408,89
2025-08-13,SKU-005,438,62
2025-08-20,SKU-005,474,57
2025-08-27,SKU-005,460,103
2025-09-03,SKU-005,458,85
2025-09-10,SKU-005,453,86
2025-09-17,SKU-005,445,89
2025-09-24,SKU-005,470,74
2025-10-01,SKU-005,481,79
2025-10-08,SKU-005,472,97
2025-10-15,SKU-005,456,104
2025-10-22,SKU-005,459,87
2025-10-29,SKU-005,478,72
2025-11-05,SKU-005,449,123
2025-11-12,SKU-005,453,93
2025-11-19,SKU-005,456,88
2025-11-26,SKU-005,463,91
2025-12-03,SKU-005,457,92
2025-12-10,SKU-005,453,97
2025-12-17,SKU-005,440,99
2025-12-24,SKU-005,443,84
2024-01-03,SKU-006,868,137
2024-01-10,SKU-006,839,139
2024-01-17,SKU-006,789,163
2024-01-24,SKU-006,787,125
2024-01-31,SKU-006,745,172
2024-02-07,SKU-006,722,132
2024-02-14,SKU-006,718,130
2024-02-21,SKU-006,672,158
2024-02-28,SKU-006,673,126
2024-03-06,SKU-006,673,127
2024-03-13,SKU-006,657,129
2024-03-20,SKU-006,698,85
2024-03-27,SKU-006,681,143
2024-04-03,SKU-006,706,107
2024-04-10,SKU-006,704,133
2024-04-17,SKU-006,722,102
2024-04-24,SKU-006,734,115
2024-05-01,SKU-006,740,105
2024-05-08,SKU-006,712,144
2024-05-15,SKU-006,708,130
2024-05-22,SKU-006,728,90
2024-05-29,SKU-006,680,166
2024-06-05,SKU-006,629,161
2024-06-19,SKU-006,674,98
2024-06-26,SKU-006,635,157
2024-07-03,SKU-006,669,90
2024-07-10,SKU-006,713,86
2024-07-17,SKU-006,698,138
2024-07-24,SKU-006,704,102
2024-07-31,SKU-006,729,107
2024-08-07,SKU-006,725,131
2024-08-14,SKU-006,751,98
2024-08-21,SKU-006,756,114
2024-08-28,SKU-006,748,136
2024-09-04,SKU-006,782,81
2024-09-11,SKU-006,765,139
2024-09-18,SKU-006,761,125
2024-09-25,SKU-006,776,110
2024-10-02,SKU-006,743,147
2024-10-09,SKU-006,729,134
2024-10-16,SKU-006,733,114
2024-10-23,SKU-006,748,111
2024-10-30,SKU-006,756,121
2024-11-06,SKU-006,763,114
2024-11-13,SKU-006,712,178
2024-11-20,SKU-006,698,132
2024-11-27,SKU-006,704,121
2024-12-04,SKU-006,725,96
2024-12-11,SKU-006,730,121
2024-12-18,SKU-006,793,50
2024-12-25,SKU-006,797,126
2025-01-01,SKU-006,788,132
2025-01-08,SKU-006,811,96
2025-01-15,SKU-006,811,118
2025-01-22,SKU-006,826,110
2025-01-29,SKU-006,840,103
2025-02-05,SKU-006,851,120
2025-02-12,SKU-006,889,83
2025-02-19,SKU-006,881,131
2025-02-26,SKU-006,896,114
2025-03-05,SKU-006,871,143
2025-03-12,SKU-006,909,91
2025-03-19,SKU-006,883,140
2025-03-26,SKU-006,875,119
2025-04-02,SKU-006,884,110
2025-04-09,SKU-006,911,100
2025-04-16,SKU-006,935,93
2025-04-23,SKU-006,937,119
2025-04-30,SKU-006,959,91
2025-05-07,SKU-006,929,147
2025-05-14,SKU-006,985,64
2025-05-21,SKU-006,1044,65
2025-05-28,SKU-006,1040,124
2025-06-04,SKU-006,1070,93
2025-06-11,SKU-006,1083,110
2025-06-18,SKU-006,1056,153
2025-06-25,SKU-006,1059,126
2025-07-02,SKU-006,1071,104
2025-07-09,SKU-006,1073,121
2025-07-16,SKU-006,1022,161
2025-07-23,SKU-006,1025,122
2025-07-30,SKU-006,1045,100
2025-08-06,SKU-006,1066,96
2025-08-13,SKU-006,1049,136
2025-08-20,SKU-006,1051,109
2025-08-27,SKU-006,1079,102
2025-09-03,SKU-006,1060,140
2025-09-10,SKU-006,1038,151
2025-09-17,SKU-006,1020,126
2025-09-24,SKU-006,995,135
2025-10-01,SKU-006,1007,105
2025-10-08,SKU-006,962,162
2025-10-15,SKU-006,941,134
2025-10-22,SKU-006,933,128
2025-10-29,SKU-006,952,105
2025-11-05,SKU-006,995,78
2025-11-12,SKU-006,982,133
2025-11-19,SKU-006,989,108
2025-11-26,SKU-006,982,115
2025-12-03,SKU-006,954,141
2025-12-10,SKU-006,958,126
2025-12-17,SKU-006,924,148
2025-12-24,SKU-006,905,137
2024-01-03,SKU-007,758,110
2024-01-10,SKU-007,764,101
2024-01-17,SKU-007,772,98
2024-01-24,SKU-007,752,111
2024-01-31,SKU-007,750,110
2024-02-07,SKU-007,712,146
2024-02-14,SKU-007,751,62
2024-02-21,SKU-007,737,112
2024-02-28,SKU-007,711,118
2024-03-06,SKU-007,692,109
2024-03-13,SKU-007,689,100
2024-03-20,SKU-007,670,126
2024-03-27,SKU-007,673,105
2024-04-03,SKU-007,650,114
2024-04-10,SKU-007,668,90
2024-04-17,SKU-007,639,129
2024-04-24,SKU-007,659,78
2024-05-01,SKU-007,672,84
2024-05-08,SKU-007,710,58
2024-05-15,SKU-007,744,66
2024-05-22,SKU-007,703,134
2024-05-29,SKU-007,680,123
2024-06-05,SKU-007,701,83
2024-06-12,SKU-007,714,94
2024-06-19,SKU-007,734,86
2024-06-26,SKU-007,695,132
2024-07-03,SKU-007,710,87
2024-07-10,SKU-007,715,100
2024-07-17,SKU-007,733,87
2024-07-24,SKU-007,720,114
2024-07-31,SKU-007,709,116
2024-08-07,SKU-007,732,82
2024-08-14,SKU-007,723,110
2024-08-21,SKU-007,722,104
2024-08-28,SKU-007,687,137
2024-09-04,SKU-007,702,93
2024-09-11,SKU-007,699,94
2024-09-18,SKU-007,737,61
2024-09-25,SKU-007,726,107
2024-10-02,SKU-007,745,76
2024-10-09,SKU-007,779,62
2024-10-16,SKU-007,757,121
2024-10-23,SKU-007,756,93
2024-10-30,SKU-007,735,128
2024-11-06,SKU-007,743,99
2024-11-13,SKU-007,753,92
2024-11-20,SKU-007,757,97
2024-11-27,SKU-007,755,107
2024-12-04,SKU-007,755,108
2024-12-11,SKU-007,747,107
2024-12-18,SKU-007,773,80
2024-12-25,SKU-007,777,95
2025-01-01,SKU-007,788,81
2025-01-08,SKU-007,748,131
2025-01-15,SKU-007,741,100
2025-01-22,SKU-007,780,65
2025-01-29,SKU-007,775,105
2025-02-05,SKU-007,755,114
2025-02-12,SKU-007,752,98
2025-02-19,SKU-007,771,82
2025-02-26,SKU-007,753,111
2025-03-05,SKU-007,702,148
2025-03-12,SKU-007,690,107
2025-03-19,SKU-007,701,91
2025-03-26,SKU-007,694,113
2025-04-02,SKU-007,677,120
2025-04-09,SKU-007,677,103
2025-04-16,SKU-007,637,136
2025-04-23,SKU-007,658,83
2025-04-30,SKU-007,674,91
2025-05-07,SKU-007,635,135
2025-05-14,SKU-007,651,86
2025-05-21,SKU-007,616,128
2025-05-28,SKU-007,621,99
2025-06-04,SKU-007,607,112
2025-06-11,SKU-007,619,90
2025-06-18,SKU-007,646,71
2025-06-25,SKU-007,659,93
2025-07-02,SKU-007,659,106
2025-07-09,SKU-007,663,99
2025-07-16,SKU-007,649,118
2025-07-23,SKU-007,650,100
2025-07-30,SKU-007,643,110
2025-08-06,SKU-007,653,89
2025-08-13,SKU-007,639,107
2025-08-20,SKU-007,610,124
2025-08-27,SKU-007,603,115
2025-09-03,SKU-007,594,102
2025-09-10,SKU-007,572,113
2025-09-17,SKU-007,587,91
2025-09-24,SKU-007,605,89
2025-10-01,SKU-007,607,106
2025-10-08,SKU-007,602,96
2025-10-15,SKU-007,590,104
2025-10-22,SKU-007,583,105
2025-10-29,SKU-007,576,100
2025-11-05,SKU-007,559,123
2025-11-12,SKU-007,576,76
2025-11-19,SKU-007,574,101
2025-11-26,SKU-007,537,136
2025-12-10,SKU-007,513,106
2025-12-17,SKU-007,511,107
2025-12-24,SKU-007,511,97
2024-01-03,SKU-008,845,142
2024-01-10,SKU-008,857,131
2024-01-17,SKU-008,882,121
2024-01-31,SKU-008,907,118
2024-02-07,SKU-008,908,136
2024-02-14,SKU-008,766,142
2024-02-21,SKU-008,620,146
2024-02-28,SKU-008,596,156
2024-03-06,SKU-008,561,180
2024-03-13,SKU-008,569,133
2024-03-20,SKU-008,546,168
2024-03-27,SKU-008,479,201
2024-04-03,SKU-008,487,125
2024-04-10,SKU-008,472,150
2024-04-17,SKU-008,463,163
2024-04-24,SKU-008,439,157
2024-05-01,SKU-008,432,164
2024-05-08,SKU-008,473,117
2024-05-15,SKU-008,474,142
2024-05-22,SKU-008,446,170
2024-05-29,SKU-008,445,142
2024-06-05,SKU-008,416,166
2024-06-12,SKU-008,396,160
2024-06-19,SKU-008,363,166
2024-06-26,SKU-008,321,176
2024-07-03,SKU-008,285,168
2024-07-10,SKU-008,243,198
2024-07-17,SKU-008,253,135
2024-07-24,SKU-008,229,168
2024-07-31,SKU-008,263,114
2024-08-07,SKU-008,247,173
2024-08-14,SKU-008,236,142
2024-08-21,SKU-008,215,179
2024-08-28,SKU-008,211,152
2024-09-04,SKU-008,194,160
2024-09-11,SKU-008,262,67
2024-09-18,SKU-008,273,126
2024-09-25,SKU-008,262,160
2024-10-02,SKU-008,270,141
2024-10-09,SKU-008,232,183
2024-10-23,SKU-008,262,99
2024-10-30,SKU-008,193,208
2024-11-06,SKU-008,175,149
2024-11-13,SKU-008,169,146
2024-11-20,SKU-008,168,151
2024-11-27,SKU-008,207,107
2024-12-04,SKU-008,204,144
2024-12-11,SKU-008,237,125
2024-12-18,SKU-008,281,101
2024-12-25,SKU-008,265,147
2025-01-01,SKU-008,285,136
2025-01-08,SKU-008,262,154
2025-01-15,SKU-008,266,148
2025-01-22,SKU-008,268,139
2025-01-29,SKU-008,247,153
2025-02-05,SKU-008,303,82
2025-02-12,SKU-008,178,124
2025-02-19,SKU-008,233,93
2025-02-26,SKU-008,232,153
2025-03-05,SKU-008,268,99
2025-03-12,SKU-008,118,149
2025-03-19,SKU-008,0,127
2025-03-26,SKU-008,0,155
2025-04-02,SKU-008,74,81
2025-04-09,SKU-008,88,136
2025-04-16,SKU-008,64,160
2025-04-23,SKU-008,18,181
2025-04-30,SKU-008,0,179
2025-05-07,SKU-008,7,151
2025-05-14,SKU-008,0,163
2025-05-21,SKU-008,33,123
2025-05-28,SKU-008,46,126
2025-06-04,SKU-008,112,88
2025-06-11,SKU-008,87,170
2025-06-18,SKU-008,59,159
2025-06-25,SKU-008,92,123
2025-07-02,SKU-008,110,113
2025-07-09,SKU-008,73,187
2025-07-16,SKU-008,52,159
2025-07-23,SKU-008,103,92
2025-07-30,SKU-008,55,191
2025-08-06,SKU-008,97,116
2025-08-13,SKU-008,138,110
2025-08-20,SKU-008,146,133
2025-08-27,SKU-008,160,140
2025-09-03,SKU-008,118,180
2025-09-10,SKU-008,83,177
2025-09-17,SKU-008,145,98
2025-09-24,SKU-008,81,200
2025-10-01,SKU-008,109,112
2025-10-08,SKU-008,117,131
2025-10-15,SKU-008,104,157
2025-10-22,SKU-008,154,93
2025-10-29,SKU-008,155,142
2025-11-05,SKU-008,155,152
2025-11-12,SKU-008,212,100
2025-11-19,SKU-008,275,86
2025-11-26,SKU-008,318,111
2025-12-03,SKU-008,297,152
2025-12-10,SKU-008,329,114
2025-12-17,SKU-008,340,120
2025-12-24,SKU-008,310,173
2024-01-03,SKU-009,481,98
2024-01-10,SKU-009,483,97
2024-01-17,SKU-009,468,120
2024-01-24,SKU-009,454,124
2024-01-31,SKU-009,477,75
2024-02-07,SKU-009,509,70
2024-02-14,SKU-009,502,107
2024-02-21,SKU-009,512,94
2024-02-28,SKU-009,520,88
2024-03-06,SKU-009,544,78
2024-03-20,SKU-009,514,123
2024-03-27,SKU-009,500,114
2024-04-03,SKU-009,505,106
2024-04-10,SKU-009,446,156
2024-04-17,SKU-009,430,126
2024-04-24,SKU-009,407,132
2024-05-01,SKU-009,410,97
2024-05-08,SKU-009,398,122
2024-05-15,SKU-009,362,141
2024-05-22,SKU-009,349,121
2024-05-29,SKU-009,354,93
2024-06-05,SKU-009,366,91
2024-06-12,SKU-009,387,87
2024-06-19,SKU-009,377,119
2024-06-26,SKU-009,371,110
2024-07-03,SKU-009,363,115
2024-07-10,SKU-009,352,113
2024-07-17,SKU-009,360,86
2024-07-24,SKU-009,366,101
2024-07-31,SKU-009,389,68
2024-08-07,SKU-009,402,90
2024-08-14,SKU-009,402,102
2024-08-21,SKU-009,414,92
2024-08-28,SKU-009,376,131
2024-09-04,SKU-009,379,103
2024-09-11,SKU-009,393,87
2024-09-18,SKU-009,414,86
2024-09-25,SKU-009,427,98
2024-10-02,SKU-009,436,96
2024-10-09,SKU-009,466,70
2024-10-16,SKU-009,468,103
2024-10-23,SKU-009,449,126
2024-10-30,SKU-009,445,108
2024-11-06,SKU-009,418,122
2024-11-13,SKU-009,440,88
2024-11-20,SKU-009,453,79
2024-11-27,SKU-009,429,118
2024-12-04,SKU-009,417,106
2024-12-11,SKU-009,420,103
2024-12-18,SKU-009,399,119
2024-12-25,SKU-009,408,101
2025-01-01,SKU-009,416,89
2025-01-08,SKU-009,399,121
2025-01-15,SKU-009,418,84
2025-01-22,SKU-009,415,96
2025-01-29,SKU-009,425,91
2025-02-05,SKU-009,432,88
2025-02-12,SKU-009,422,121
2025-02-19,SKU-009,428,100
2025-02-26,SKU-009,398,133
2025-03-05,SKU-009,394,112
2025-03-12,SKU-009,383,103
2025-03-19,SKU-009,353,123
2025-03-26,SKU-009,361,96
2025-04-02,SKU-009,360,104
2025-04-09,SKU-009,416,44
2025-04-16,SKU-009,448,72
2025-04-23,SKU-009,476,73
2025-04-30,SKU-009,454,126
2025-05-07,SKU-009,444,111
2025-05-14,SKU-009,407,144
2025-06-04,SKU-009,383,127
2025-06-11,SKU-009,361,123
2025-06-18,SKU-009,372,86
2025-06-25,SKU-009,380,98
2025-07-02,SKU-009,413,73
2025-07-09,SKU-009,436,70
2025-07-16,SKU-009,438,97
2025-07-23,SKU-009,424,117
2025-07-30,SKU-009,422,100
2025-08-06,SKU-009,410,112
2025-08-13,SKU-009,397,106
2025-08-20,SKU-009,408,87
2025-08-27,SKU-009,374,133
2025-09-03,SKU-009,362,121
2025-09-10,SKU-009,399,58
2025-09-17,SKU-009,375,121
2025-09-24,SKU-009,363,115
2025-10-01,SKU-009,382,82
2025-10-08,SKU-009,386,98
2025-10-15,SKU-009,402,85
2025-10-22,SKU-009,416,87
2025-10-29,SKU-009,415,112
2025-11-05,SKU-009,413,97
2025-11-12,SKU-009,425,89
2025-11-19,SKU-009,453,81
2025-11-26,SKU-009,428,130
2025-12-03,SKU-009,461,75
2025-12-10,SKU-009,483,78
2025-12-17,SKU-009,478,114
2025-12-24,SKU-009,513,64
2024-01-03,SKU-010,1028,149
2024-01-10,SKU-010,1069,90
2024-01-17,SKU-010,1017,186
2024-01-24,SKU-010,1031,128
2024-01-31,SKU-010,984,169
2024-02-07,SKU-010,976,130
2024-02-14,SKU-010,876,100
2024-02-21,SKU-010,863,142
2024-02-28,SKU-010,805,186
2024-03-06,SKU-010,791,138
2024-03-13,SKU-010,782,144
2024-03-20,SKU-010,797,116
2024-03-27,SKU-010,810,128
2024-04-03,SKU-010,779,164
2024-04-10,SKU-010,770,132
2024-04-17,SKU-010,765,149
2024-04-24,SKU-010,743,149
2024-05-01,SKU-010,781,104
2024-05-08,SKU-010,765,152
2024-05-15,SKU-010,788,109
2024-05-22,SKU-010,811,112
2024-05-29,SKU-010,830,113
2024-06-05,SKU-010,853,97
2024-06-12,SKU-010,842,139
2024-06-19,SKU-010,821,148
2024-06-26,SKU-010,848,117
2024-07-03,SKU-010,899,91
2024-07-10,SKU-010,912,114
2024-07-17,SKU-010,957,92
2024-07-24,SKU-010,964,138
2024-07-31,SKU-010,1006,92
2024-08-07,SKU-010,936,202
2024-08-14,SKU-010,911,158
2024-08-21,SKU-010,925,125
2024-08-28,SKU-010,943,123
2024-09-04,SKU-010,925,143
2024-09-11,SKU-010,942,118
2024-09-18,SKU-010,957,123
2024-09-25,SKU-010,948,133
2024-10-02,SKU-010,956,123
2024-10-09,SKU-010,923,158
2024-10-16,SKU-010,903,152
2024-10-23,SKU-010,909,136
2024-10-30,SKU-010,931,117
2024-11-06,SKU-010,918,151
2024-11-13,SKU-010,938,113
2024-11-20,SKU-010,957,113
2024-11-27,SKU-010,932,154
2024-12-04,SKU-010,914,163
2024-12-11,SKU-010,945,101
2024-12-18,SKU-010,962,120
2024-12-25,SKU-010,933,171
2025-01-01,SKU-010,953,117
2025-01-08,SKU-010,913,180
2025-01-15,SKU-010,941,118
2025-01-22,SKU-010,975,93
2025-01-29,SKU-010,996,106
2025-02-05,SKU-010,1064,71
2025-02-12,SKU-010,903,161
2025-02-19,SKU-010,887,154
2025-02-26,SKU-010,863,161
2025-03-05,SKU-010,712,151
2025-03-12,SKU-010,743,103
2025-03-19,SKU-010,734,153
2025-03-26,SKU-010,799,69
2025-04-02,SKU-010,789,145
2025-04-09,SKU-010,675,114
2025-04-23,SKU-010,721,106
2025-04-30,SKU-010,676,168
2025-05-07,SKU-010,663,134
2025-05-14,SKU-010,668,139
2025-05-21,SKU-010,698,106
2025-05-28,SKU-010,735,103
2025-06-04,SKU-010,717,143
2025-06-18,SKU-010,641,184
2025-06-25,SKU-010,647,116
2025-07-02,SKU-010,683,103
2025-07-09,SKU-010,662,165
2025-07-16,SKU-010,672,114
2025-07-23,SKU-010,684,114
2025-07-30,SKU-010,701,115
2025-08-06,SKU-010,710,128
2025-08-13,SKU-010,704,129
2025-08-20,SKU-010,727,101
2025-08-27,SKU-010,690,173
2025-09-03,SKU-010,708,125
2025-09-10,SKU-010,721,119
2025-09-17,SKU-010,760,97
2025-09-24,SKU-010,771,116
2025-10-01,SKU-010,714,178
2025-10-08,SKU-010,765,89
2025-10-15,SKU-010,787,115
2025-10-22,SKU-010,783,129
2025-10-29,SKU-010,769,135
2025-11-05,SKU-010,782,130
2025-11-12,SKU-010,775,138
2025-11-19,SKU-010,744,172
2025-11-26,SKU-010,725,160
2025-12-03,SKU-010,692,157
2025-12-10,SKU-010,739,92
2025-12-17,SKU-010,742,140
2025-12-24,SKU-010,767,110
2024-01-03,SKU-011,854,135
2024-01-17,SKU-011,877,131
2024-01-24,SKU-011,858,145
2024-01-31,SKU-011,851,130
2024-02-07,SKU-011,837,139
2024-02-14,SKU-011,848,122
2024-02-21,SKU-011,854,134
2024-02-28,SKU-011,819,176
2024-03-06,SKU-011,800,156
2024-03-13,SKU-011,794,149
2024-03-20,SKU-011,828,111
2024-03-27,SKU-011,845,126
2024-04-03,SKU-011,838,145
2024-04-10,SKU-011,867,96
2024-04-17,SKU-011,820,172
2024-04-24,SKU-011,768,180
2024-05-01,SKU-011,777,117
2024-05-08,SKU-011,763,154
2024-05-15,SKU-011,768,142
2024-05-22,SKU-011,725,164
2024-05-29,SKU-011,672,191
2024-06-05,SKU-011,655,156
2024-06-12,SKU-011,704,79
2024-06-19,SKU-011,697,139
2024-06-26,SKU-011,744,86
2024-07-03,SKU-011,718,155
2024-07-10,SKU-011,701,141
2024-07-17,SKU-011,665,181
2024-07-24,SKU-011,678,115
2024-07-31,SKU-011,696,106
2024-08-07,SKU-011,683,138
2024-08-14,SKU-011,681,143
2024-08-21,SKU-011,713,104
2024-08-28,SKU-011,770,76
2024-09-04,SKU-011,743,162
2024-09-11,SKU-011,765,116
2024-09-18,SKU-011,809,97
2024-09-25,SKU-011,818,134
2024-10-02,SKU-011,864,77
2024-10-09,SKU-011,842,145
2024-10-16,SKU-011,839,139
2024-10-23,SKU-011,838,124
2024-10-30,SKU-011,830,144
2024-11-06,SKU-011,806,148
2024-11-13,SKU-011,782,154
2024-11-20,SKU-011,736,181
2024-11-27,SKU-011,759,113
2024-12-04,SKU-011,745,137
2024-12-11,SKU-011,783,96
2024-12-18,SKU-011,799,118
2024-12-25,SKU-011,817,115
2025-01-01,SKU-011,793,146
2025-01-08,SKU-011,754,172
2025-01-15,SKU-011,722,163
2025-01-22,SKU-011,731,134
2025-01-29,SKU-011,710,161
2025-02-05,SKU-011,698,149
2025-02-12,SKU-011,711,109
2025-02-19,SKU-011,745,113
2025-02-26,SKU-011,778,112
2025-03-05,SKU-011,769,130
2025-03-12,SKU-011,839,62
2025-03-19,SKU-011,847,133
2025-03-26,SKU-011,825,160
2025-04-02,SKU-011,801,156
2025-04-09,SKU-011,810,137
2025-04-16,SKU-011,798,143
2025-04-23,SKU-011,801,128
2025-04-30,SKU-011,797,143
2025-05-07,SKU-011,804,132
2025-05-14,SKU-011,810,129
2025-05-21,SKU-011,776,159
2025-05-28,SKU-011,776,135
2025-06-04,SKU-011,792,119
2025-06-11,SKU-011,816,116
2025-06-18,SKU-011,839,105
2025-06-25,SKU-011,877,100
2025-07-02,SKU-011,902,117
2025-07-09,SKU-011,903,126
2025-07-16,SKU-011,873,160
2025-07-23,SKU-011,872,141
2025-07-30,SKU-011,824,171
2025-08-06,SKU-011,812,154
2025-08-13,SKU-011,821,135
2025-08-20,SKU-011,767,175
2025-08-27,SKU-011,745,148
2025-09-03,SKU-011,741,143
2025-09-10,SKU-011,715,148
2025-09-17,SKU-011,699,142
2025-09-24,SKU-011,662,164
2025-10-01,SKU-011,704,101
2025-10-08,SKU-011,667,159
2025-10-15,SKU-011,696,114
2025-10-22,SKU-011,680,157
2025-10-29,SKU-011,711,97
2025-11-05,SKU-011,708,140
2025-11-12,SKU-011,714,123
2025-11-19,SKU-011,689,150
2025-11-26,SKU-011,722,105
2025-12-03,SKU-011,749,96
2025-12-10,SKU-011,782,112
2025-12-17,SKU-011,820,107
2025-12-24,SKU-011,801,150
2024-01-03,SKU-012,847,172
2024-01-10,SKU-012,874,126
2024-01-17,SKU-012,877,141
2024-01-24,SKU-012,883,145
2024-01-31,SKU-012,908,139
2024-02-07,SKU-012,866,192
2024-02-14,SKU-012,881,147
2024-02-21,SKU-012,871,176
2024-02-28,SKU-012,880,160
2024-03-06,SKU-012,870,167
2024-03-13,SKU-012,862,153
2024-03-20,SKU-012,816,193
2024-03-27,SKU-012,863,99
2024-04-03,SKU-012,852,177
2024-04-10,SKU-012,820,175
2024-04-17,SKU-012,764,219
2024-04-24,SKU-012,719,206
2024-05-01,SKU-012,667,211
2024-05-08,SKU-012,721,113
2024-05-15,SKU-012,723,161
2024-05-22,SKU-012,707,173
2024-05-29,SKU-012,702,160
2024-06-05,SKU-012,695,177
2024-06-12,SKU-012,682,154
2024-06-19,SKU-012,658,193
2024-06-26,SKU-012,655,173
2024-07-03,SKU-012,694,116
2024-07-10,SKU-012,653,189
2024-07-17,SKU-012,629,183
2024-07-24,SKU-012,668,118
2024-07-31,SKU-012,689,143
2024-08-07,SKU-012,656,185
2024-08-14,SKU-012,607,197
2024-08-21,SKU-012,592,171
2024-08-28,SKU-012,496,251
2024-09-04,SKU-012,494,146
2024-09-11,SKU-012,499,160
2024-09-18,SKU-012,566,101
2024-09-25,SKU-012,588,130
2024-10-02,SKU-012,556,185
2024-10-09,SKU-012,520,181
2024-10-16,SKU-012,523,145
2024-10-23,SKU-012,530,162
2024-10-30,SKU-012,502,187
2024-11-06,SKU-012,459,193
2024-11-13,SKU-012,461,150
2024-11-20,SKU-012,461,166
2024-11-27,SKU-012,472,150
2024-12-04,SKU-012,486,134
2024-12-11,SKU-012,504,148
2024-12-18,SKU-012,533,141
2024-12-25,SKU-012,554,124
2025-01-01,SKU-012,575,144
2025-01-08,SKU-012,522,198
2025-01-15,SKU-012,541,144
2025-01-22,SKU-012,554,144
2025-01-29,SKU-012,563,151
2025-02-05,SKU-012,540,164
2025-02-12,SKU-012,559,123
2025-02-19,SKU-012,609,111
2025-02-26,SKU-012,643,129
2025-03-05,SKU-012,699,97
2025-03-12,SKU-012,747,119
2025-03-19,SKU-012,680,207
2025-03-26,SKU-012,659,177
2025-04-02,SKU-012,630,181
2025-04-09,SKU-012,671,119
2025-04-16,SKU-012,617,209
2025-04-23,SKU-012,720,52
2025-04-30,SKU-012,718,142
2025-05-07,SKU-012,678,188
2025-05-14,SKU-012,754,94
2025-05-21,SKU-012,729,166
2025-05-28,SKU-012,749,145
2025-06-04,SKU-012,800,117
2025-06-11,SKU-012,853,90
2025-06-18,SKU-012,831,168
2025-06-25,SKU-012,823,165
2025-07-02,SKU-012,855,133
2025-07-09,SKU-012,839,167
2025-07-16,SKU-012,834,158
2025-07-23,SKU-012,847,145
2025-07-30,SKU-012,816,193
2025-08-06,SKU-012,853,129
2025-08-13,SKU-012,843,170
2025-08-20,SKU-012,885,125
2025-08-27,SKU-012,892,144
2025-09-03,SKU-012,884,165
2025-09-10,SKU-012,828,198
2025-09-17,SKU-012,818,151
2025-09-24,SKU-012,824,147
2025-10-01,SKU-012,833,155
2025-10-08,SKU-012,858,133
2025-10-15,SKU-012,810,205
2025-10-22,SKU-012,797,154
2025-10-29,SKU-012,727,216
2025-11-05,SKU-012,702,192
2025-11-12,SKU-012,723,121
2025-11-19,SKU-012,703,163
2025-11-26,SKU-012,688,183
2025-12-03,SKU-012,701,156
2025-12-10,SKU-012,658,193
2025-12-17,SKU-012,720,107
2025-12-24,SKU-012,715,163
2024-01-03,SKU-013,793,101
2024-01-10,SKU-013,815,109
2024-01-17,SKU-013,826,106
2024-01-24,SKU-013,843,110
2024-01-31,SKU-013,861,94
2024-02-07,SKU-013,877,106
2024-02-14,SKU-013,851,158
2024-02-21,SKU-013,857,104
2024-02-28,SKU-013,843,133
2024-03-06,SKU-013,885,86
2024-03-13,SKU-013,869,149
2024-03-20,SKU-013,853,134
2024-03-27,SKU-013,884,97
2024-04-03,SKU-013,910,107
2024-04-10,SKU-013,950,81
2024-04-17,SKU-013,922,145
2024-04-24,SKU-013,931,117
2024-05-01,SKU-013,928,128
2024-05-08,SKU-013,906,133
2024-05-15,SKU-013,908,121
2024-05-22,SKU-013,887,133
2024-05-29,SKU-013,902,98
2024-06-05,SKU-013,884,144
2024-06-12,SKU-013,860,149
2024-06-19,SKU-013,865,106
2024-06-26,SKU-013,790,76
2024-07-03,SKU-013,736,163
2024-07-10,SKU-013,776,76
2024-07-17,SKU-013,797,92
2024-07-24,SKU-013,786,124
2024-07-31,SKU-013,792,115
2024-08-07,SKU-013,750,152
2024-08-14,SKU-013,727,141
2024-08-21,SKU-013,696,142
2024-08-28,SKU-013,689,126
2024-09-04,SKU-013,709,96
2024-09-11,SKU-013,702,125
2024-09-18,SKU-013,682,131
2024-09-25,SKU-013,680,135
2024-10-02,SKU-013,670,132
2024-10-09,SKU-013,666,118
2024-10-16,SKU-013,670,114
2024-10-23,SKU-013,704,87
2024-10-30,SKU-013,739,76
2024-11-06,SKU-013,727,132
2024-11-13,SKU-013,725,113
2024-11-20,SKU-013,731,109
2024-11-27,SKU-013,741,106
2024-12-04,SKU-013,703,151
2024-12-11,SKU-013,707,108
2024-12-18,SKU-013,691,133
2024-12-25,SKU-013,721,102
2025-01-01,SKU-013,733,117
2025-01-08,SKU-013,681,169
2025-01-15,SKU-013,690,109
2025-01-22,SKU-013,697,125
2025-01-29,SKU-013,647,163
2025-02-05,SKU-013,646,118
2025-02-12,SKU-013,650,128
2025-02-19,SKU-013,649,133
2025-02-26,SKU-013,676,106
2025-03-05,SKU-013,643,149
2025-03-12,SKU-013,683,83
2025-03-19,SKU-013,688,110
2025-03-26,SKU-013,711,95
2025-04-02,SKU-013,691,149
2025-04-09,SKU-013,709,105
2025-04-16,SKU-013,719,113
2025-04-23,SKU-013,733,108
2025-04-30,SKU-013,729,129
2025-05-07,SKU-013,720,130
2025-05-14,SKU-013,692,154
2025-05-21,SKU-013,655,157
2025-05-28,SKU-013,654,130
2025-06-04,SKU-013,519,135
2025-06-11,SKU-013,404,115
2025-06-18,SKU-013,408,125
2025-06-25,SKU-013,433,94
2025-07-02,SKU-013,428,120
2025-07-09,SKU-013,479,74
2025-07-16,SKU-013,528,77
2025-07-23,SKU-013,530,131
2025-07-30,SKU-013,499,152
2025-08-06,SKU-013,482,135
2025-08-13,SKU-013,468,135
2025-08-20,SKU-013,429,161
2025-08-27,SKU-013,454,104
2025-09-03,SKU-013,482,90
2025-09-10,SKU-013,481,132
2025-09-17,SKU-013,477,114
2025-09-24,SKU-013,513,92
2025-10-01,SKU-013,511,127
2025-10-08,SKU-013,526,103
2025-10-15,SKU-013,542,109
2025-10-22,SKU-013,527,133
2025-10-29,SKU-013,537,118
2025-11-05,SKU-013,594,75
2025-11-12,SKU-013,605,111
2025-11-19,SKU-013,606,120
2025-11-26,SKU-013,572,157
2025-12-03,SKU-013,546,144
2025-12-10,SKU-013,553,115
2025-12-17,SKU-013,553,119
2025-12-24,SKU-013,552,133
2024-01-03,SKU-014,607,81
2024-01-10,SKU-014,624,78
2024-01-17,SKU-014,628,88
2024-01-24,SKU-014,615,108
2024-01-31,SKU-014,602,100
2024-02-07,SKU-014,582,106
2024-02-14,SKU-014,577,92
2024-02-21,SKU-014,616,62
2024-02-28,SKU-014,622,98
2024-03-06,SKU-014,613,105
2024-03-13,SKU-014,599,105
2024-03-20,SKU-014,604,89
2024-03-27,SKU-014,612,86
2024-04-03,SKU-014,628,73
2024-04-10,SKU-014,612,113
2024-04-17,SKU-014,588,117
2024-04-24,SKU-014,606,82
2024-05-01,SKU-014,612,88
2024-05-08,SKU-014,591,106
2024-05-15,SKU-014,565,115
2024-05-22,SKU-014,566,90
2024-05-29,SKU-014,534,128
2024-06-05,SKU-014,555,80
2024-06-12,SKU-014,552,99
2024-06-19,SKU-014,539,105
2024-06-26,SKU-014,529,108
2024-07-03,SKU-014,518,106
2024-07-10,SKU-014,535,86
2024-07-17,SKU-014,501,127
2024-07-24,SKU-014,477,112
2024-07-31,SKU-014,439,130
2024-08-07,SKU-014,429,109
2024-08-14,SKU-014,423,107
2024-08-21,SKU-014,446,80
2024-08-28,SKU-014,427,115
2024-09-04,SKU-014,462,55
2024-09-11,SKU-014,445,105
2024-09-18,SKU-014,443,94
2024-09-25,SKU-014,442,89
2024-10-02,SKU-014,416,122
2024-10-09,SKU-014,425,85
2024-10-16,SKU-014,421,99
2024-10-23,SKU-014,391,126
2024-10-30,SKU-014,384,95
2024-11-06,SKU-014,393,80
2024-11-13,SKU-014,394,90
2024-11-20,SKU-014,393,90
2024-11-27,SKU-014,364,131
2024-12-11,SKU-014,348,117
2024-12-18,SKU-014,344,93
2024-12-25,SKU-014,369,73
2025-01-01,SKU-014,334,128
2025-01-08,SKU-014,358,71
2025-01-15,SKU-014,347,99
2025-01-22,SKU-014,352,91
2025-01-29,SKU-014,341,112
2025-02-05,SKU-014,353,78
2025-02-12,SKU-014,347,97
2025-02-19,SKU-014,299,147
2025-02-26,SKU-014,317,79
2025-03-05,SKU-014,323,89
2025-03-12,SKU-014,240,83
2025-03-19,SKU-014,118,122
2025-03-26,SKU-014,95,119
2025-04-09,SKU-014,83,127
2025-04-16,SKU-014,66,117
2025-04-23,SKU-014,89,77
2025-04-30,SKU-014,107,75
2025-05-07,SKU-014,82,115
2025-05-14,SKU-014,51,128
2025-05-21,SKU-014,69,72
2025-05-28,SKU-014,36,135
2025-06-04,SKU-014,35,103
2025-06-11,SKU-014,46,76
2025-06-18,SKU-014,9,139
2025-06-25,SKU-014,33,66
2025-07-02,SKU-014,17,116
2025-07-09,SKU-014,20,95
2025-07-16,SKU-014,3,111
2025-07-23,SKU-014,34,66
2025-07-30,SKU-014,29,106
2025-08-06,SKU-014,56,69
2025-08-13,SKU-014,47,104
2025-08-20,SKU-014,36,108
2025-08-27,SKU-014,49,75
2025-09-03,SKU-014,19,126
2025-09-10,SKU-014,0,125
2025-09-17,SKU-014,3,92
2025-09-24,SKU-014,17,88
2025-10-01,SKU-014,33,84
2025-10-08,SKU-014,30,96
2025-10-15,SKU-014,13,104
2025-10-22,SKU-014,30,73
2025-10-29,SKU-014,67,61
2025-11-05,SKU-014,24,132
2025-11-12,SKU-014,17,98
2025-11-19,SKU-014,10,97
2025-11-26,SKU-014,39,72
2025-12-03,SKU-014,73,63
2025-12-10,SKU-014,84,77
2025-12-17,SKU-014,41,136
2025-12-24,SKU-014,28,114
2024-01-03,SKU-015,854,124
2024-01-10,SKU-015,862,142
2024-01-17,SKU-015,846,144
2024-01-24,SKU-015,882,118
2024-01-31,SKU-015,888,138
2024-02-07,SKU-015,882,154
2024-02-14,SKU-015,816,204
2024-02-21,SKU-015,815,154
2024-02-28,SKU-015,819,146
2024-03-06,SKU-015,884,69
2024-03-13,SKU-015,881,144
2024-03-20,SKU-015,814,198
2024-03-27,SKU-015,835,129
2024-04-03,SKU-015,858,125
2024-04-10,SKU-015,821,164
2024-04-17,SKU-015,861,104
2024-04-24,SKU-015,887,123
2024-05-01,SKU-015,866,152
2024-05-08,SKU-015,835,170
2024-05-15,SKU-015,810,179
2024-05-22,SKU-015,808,153
2024-05-29,SKU-015,805,155
2024-06-05,SKU-015,735,204
2024-06-12,SKU-015,760,104
2024-06-19,SKU-015,747,148
2024-06-26,SKU-015,753,123
2024-07-03,SKU-015,713,185
2024-07-10,SKU-015,720,137
2024-07-17,SKU-015,737,129
2024-07-24,SKU-015,757,127
2024-07-31,SKU-015,759,137
2024-08-07,SKU-015,693,198
2024-08-14,SKU-015,692,130
2024-08-21,SKU-015,728,107
2024-08-28,SKU-015,709,145
2024-09-04,SKU-015,700,145
2024-09-11,SKU-015,701,129
2024-09-18,SKU-015,724,128
2024-09-25,SKU-015,719,138
2024-10-02,SKU-015,737,111
2024-10-09,SKU-015,781,104
2024-10-16,SKU-015,829,81
2024-10-23,SKU-015,835,132
2024-10-30,SKU-015,853,130
2024-11-06,SKU-015,892,112
2024-11-13,SKU-015,853,183
2024-11-20,SKU-015,900,95
2024-11-27,SKU-015,909,134
2024-12-04,SKU-015,915,125
2024-12-11,SKU-015,856,195
2024-12-18,SKU-015,873,135
2024-12-25,SKU-015,843,173
2025-01-01,SKU-015,840,142
2025-01-08,SKU-015,869,102
2025-01-15,SKU-015,860,139
2025-01-22,SKU-015,881,125
2025-01-29,SKU-015,841,188
2025-02-05,SKU-015,822,152
2025-02-12,SKU-015,849,118
2025-02-19,SKU-015,917,78
2025-02-26,SKU-015,981,70
2025-03-05,SKU-015,948,186
2025-03-12,SKU-015,964,135
2025-03-19,SKU-015,1007,89
2025-03-26,SKU-015,968,182
2025-04-02,SKU-015,1007,106
2025-04-09,SKU-015,970,185
2025-04-16,SKU-015,1001,117
2025-04-23,SKU-015,984,150
2025-04-30,SKU-015,964,165
2025-05-07,SKU-015,913,179
2025-05-14,SKU-015,867,181
2025-05-21,SKU-015,864,139
2025-05-28,SKU-015,918,96
2025-06-04,SKU-015,960,89
2025-06-11,SKU-015,942,158
2025-06-18,SKU-015,958,137
2025-06-25,SKU-015,940,147
2025-07-02,SKU-015,918,174
2025-07-09,SKU-015,929,142
2025-07-16,SKU-015,929,147
2025-07-23,SKU-015,945,132
2025-07-30,SKU-015,934,149
2025-08-06,SKU-015,927,148
2025-08-13,SKU-015,935,122
2025-08-20,SKU-015,953,110
2025-08-27,SKU-015,913,194
2025-09-03,SKU-015,901,142
2025-09-10,SKU-015,916,121
2025-09-17,SKU-015,931,129
2025-09-24,SKU-015,918,157
2025-10-01,SKU-015,954,99
2025-10-08,SKU-015,974,113
2025-10-15,SKU-015,958,150
2025-10-22,SKU-015,993,117
2025-10-29,SKU-015,980,140
2025-11-05,SKU-015,1007,118
2025-11-12,SKU-015,981,171
2025-11-19,SKU-015,966,141
2025-11-26,SKU-015,971,135
2025-12-03,SKU-015,960,161
2025-12-10,SKU-015,961,132
2025-12-17,SKU-015,932,165
2025-12-24,SKU-015,994,85
2024-01-03,SKU-016,593,82
2024-01-10,SKU-016,580,116
2024-01-17,SKU-016,584,88
2024-01-24,SKU-016,589,96
2024-01-31,SKU-016,581,109
2024-02-07,SKU-016,586,94
2024-02-14,SKU-016,578,110
2024-02-21,SKU-016,586,97
2024-02-28,SKU-016,581,100
2024-03-06,SKU-016,571,106
2024-03-13,SKU-016,554,117
2024-03-20,SKU-016,544,109
2024-03-27,SKU-016,568,84
2024-04-03,SKU-016,561,108
2024-04-10,SKU-016,612,59
2024-04-17,SKU-016,588,121
2024-04-24,SKU-016,589,98
2024-05-01,SKU-016,569,125
2024-05-08,SKU-016,548,117
2024-05-15,SKU-016,563,86
2024-05-22,SKU-016,555,117
2024-05-29,SKU-016,547,102
2024-06-05,SKU-016,563,94
2024-06-12,SKU-016,547,108
2024-06-19,SKU-016,474,74
2024-06-26,SKU-016,471,103
2024-07-03,SKU-016,421,147
2024-07-10,SKU-016,415,108
2024-07-17,SKU-016,398,107
2024-07-24,SKU-016,414,81
2024-07-31,SKU-016,409,108
2024-08-07,SKU-016,413,96
2024-08-14,SKU-016,415,105
2024-08-21,SKU-016,393,117
2024-08-28,SKU-016,415,86
2024-09-04,SKU-016,427,95
2024-09-11,SKU-016,423,100
2024-09-18,SKU-016,447,73
2024-09-25,SKU-016,509,46
2024-10-02,SKU-016,478,122
2024-10-09,SKU-016,480,101
2024-10-16,SKU-016,499,90
2024-10-23,SKU-016,468,136
2024-10-30,SKU-016,453,111
2024-11-06,SKU-016,473,81
2024-11-13,SKU-016,497,67
2024-11-20,SKU-016,456,134
2024-11-27,SKU-016,498,67
2024-12-04,SKU-016,505,101
2024-12-11,SKU-016,493,113
2024-12-18,SKU-016,493,110
2024-12-25,SKU-016,482,104
2025-01-01,SKU-016,476,98
2025-01-08,SKU-016,468,102
2025-01-15,SKU-016,499,71
2025-01-22,SKU-016,482,117
2025-01-29,SKU-016,500,92
2025-02-05,SKU-016,473,123
2025-02-12,SKU-016,456,124
2025-02-19,SKU-016,464,97
2025-02-26,SKU-016,469,101
2025-03-05,SKU-016,494,68
2025-03-12,SKU-016,499,89
2025-03-19,SKU-016,515,90
2025-03-26,SKU-016,530,79
2025-04-02,SKU-016,524,106
2025-04-09,SKU-016,536,88
2025-04-16,SKU-016,518,119
2025-04-23,SKU-016,495,119
2025-04-30,SKU-016,497,94
2025-05-07,SKU-016,513,77
2025-05-14,SKU-016,517,90
2025-05-21,SKU-016,512,111
2025-05-28,SKU-016,519,85
2025-06-04,SKU-016,529,97
2025-06-11,SKU-016,494,132
2025-06-18,SKU-016,509,83
2025-06-25,SKU-016,542,69
2025-07-02,SKU-016,542,104
2025-07-09,SKU-016,532,102
2025-07-16,SKU-016,517,114
2025-07-23,SKU-016,536,81
2025-07-30,SKU-016,533,103
2025-08-06,SKU-016,576,65
2025-08-13,SKU-016,571,98
2025-08-20,SKU-016,585,77
2025-08-27,SKU-016,578,100
2025-09-10,SKU-016,620,77
2025-09-17,SKU-016,598,125
2025-09-24,SKU-016,604,90
2025-10-01,SKU-016,639,72
2025-10-08,SKU-016,638,93
2025-10-15,SKU-016,621,108
2025-10-22,SKU-016,626,88
2025-10-29,SKU-016,614,121
2025-11-05,SKU-016,589,133
2025-11-12,SKU-016,563,123
2025-11-19,SKU-016,585,72
2025-11-26,SKU-016,577,111
2025-12-03,SKU-016,606,79
2025-12-10,SKU-016,627,73
2025-12-17,SKU-016,627,97
2025-12-24,SKU-016,622,101
2024-01-03,SKU-017,828,117
2024-01-10,SKU-017,809,134
2024-01-17,SKU-017,803,129
2024-01-24,SKU-017,836,91
2024-01-31,SKU-017,867,89
2024-02-07,SKU-017,849,156
2024-02-14,SKU-017,844,132
2024-02-21,SKU-017,837,121
2024-02-28,SKU-017,883,80
2024-03-06,SKU-017,892,124
2024-03-13,SKU-017,943,71
2024-03-20,SKU-017,916,147
2024-03-27,SKU-017,889,141
2024-04-03,SKU-017,940,78
2024-04-10,SKU-017,903,151
2024-04-17,SKU-017,900,137
2024-04-24,SKU-017,913,112
2024-05-01,SKU-017,867,168
2024-05-08,SKU-017,829,167
2024-05-15,SKU-017,858,91
2024-05-22,SKU-017,870,107
2024-05-29,SKU-017,865,131
2024-06-05,SKU-017,910,88
2024-06-12,SKU-017,923,124
2024-06-19,SKU-017,901,150
2024-06-26,SKU-017,867,173
2024-07-03,SKU-017,920,85
2024-07-10,SKU-017,920,117
2024-07-17,SKU-017,901,138
2024-07-24,SKU-017,881,143
2024-07-31,SKU-017,861,148
2024-08-07,SKU-017,865,127
2024-08-14,SKU-017,889,92
2024-08-21,SKU-017,920,106
2024-08-28,SKU-017,897,157
2024-09-04,SKU-017,909,116
2024-09-11,SKU-017,887,140
2024-09-18,SKU-017,883,119
2024-09-25,SKU-017,858,139
2024-10-02,SKU-017,840,140
2024-10-09,SKU-017,858,111
2024-10-16,SKU-017,872,120
2024-10-23,SKU-017,898,108
2024-10-30,SKU-017,906,127
2024-11-06,SKU-017,910,111
2024-11-13,SKU-017,949,78
2024-11-20,SKU-017,906,158
2024-11-27,SKU-017,935,98
2024-12-11,SKU-017,922,139
2024-12-18,SKU-017,910,140
2024-12-25,SKU-017,881,167
2025-01-08,SKU-017,966,74
2025-01-15,SKU-017,913,174
2025-01-22,SKU-017,961,83
2025-01-29,SKU-017,1012,76
2025-02-05,SKU-017,1074,74
2025-02-12,SKU-017,1086,118
2025-02-19,SKU-017,1085,135
2025-02-26,SKU-017,1082,125
2025-03-05,SKU-017,1076,138
2025-03-12,SKU-017,1132,58
2025-03-19,SKU-017,1149,114
2025-03-26,SKU-017,1151,127
2025-04-02,SKU-017,1147,131
2025-04-09,SKU-017,1154,111
2025-04-16,SKU-017,1132,143
2025-04-23,SKU-017,1142,124
2025-04-30,SKU-017,1179,79
2025-05-07,SKU-017,1196,109
2025-05-14,SKU-017,1211,106
2025-05-21,SKU-017,1160,166
2025-05-28,SKU-017,1199,90
2025-06-04,SKU-017,1282,54
2025-06-11,SKU-017,1266,150
2025-06-18,SKU-017,1276,120
2025-06-25,SKU-017,1259,131
2025-07-02,SKU-017,1292,85
2025-07-09,SKU-017,1274,149
2025-07-23,SKU-017,1231,136
2025-07-30,SKU-017,1225,131
2025-08-06,SKU-017,1218,131
2025-08-13,SKU-017,1204,131
2025-08-20,SKU-017,1176,150
2025-08-27,SKU-017,1154,145
2025-09-03,SKU-017,1186,102
2025-09-10,SKU-017,1209,110
2025-09-17,SKU-017,1194,133
2025-09-24,SKU-017,1167,153
2025-10-01,SKU-017,1192,108
2025-10-08,SKU-017,1193,115
2025-10-15,SKU-017,1198,117
2025-10-22,SKU-017,1218,116
2025-10-29,SKU-017,1247,108
2025-11-05,SKU-017,1307,78
2025-11-12,SKU-017,1308,120
2025-11-19,SKU-017,1285,155
2025-11-26,SKU-017,1311,98
2025-12-03,SKU-017,1318,123
2025-12-10,SKU-017,1289,157
2025-12-17,SKU-017,1300,111
2025-12-24,SKU-017,1339,88
2024-01-03,SKU-018,844,182
2024-01-10,SKU-018,843,141
2024-01-17,SKU-018,852,135
2024-01-24,SKU-018,832,150
2024-01-31,SKU-018,842,121
2024-02-07,SKU-018,895,99
2024-02-14,SKU-018,890,136
2024-02-21,SKU-018,895,130
2024-02-28,SKU-018,916,126
2024-03-06,SKU-018,903,170
2024-03-13,SKU-018,942,112
2024-03-20,SKU-018,890,194
2024-03-27,SKU-018,854,190
2024-04-03,SKU-018,847,143
2024-04-10,SKU-018,846,140
2024-04-17,SKU-018,845,141
2024-04-24,SKU-018,810,168
2024-05-01,SKU-018,780,161
2024-05-08,SKU-018,780,152
2024-05-15,SKU-018,857,68
2024-05-22,SKU-018,850,140
2024-05-29,SKU-018,849,150
2024-06-05,SKU-018,855,145
2024-06-12,SKU-018,824,171
2024-06-19,SKU-018,817,158
2024-06-26,SKU-018,811,145
2024-07-03,SKU-018,798,157
2024-07-10,SKU-018,864,90
2024-07-17,SKU-018,874,134
2024-07-24,SKU-018,838,171
2024-07-31,SKU-018,877,99
2024-08-07,SKU-018,888,129
2024-08-14,SKU-018,874,157
2024-08-21,SKU-018,867,152
2024-08-28,SKU-018,891,133
2024-09-04,SKU-018,914,119
2024-09-11,SKU-018,940,129
2024-09-18,SKU-018,864,210
2024-09-25,SKU-018,852,141
2024-10-02,SKU-018,833,150
2024-10-09,SKU-018,907,74
2024-10-16,SKU-018,866,174
2024-10-23,SKU-018,955,57
2024-10-30,SKU-018,942,150
2024-11-06,SKU-018,958,115
2024-11-13,SKU-018,978,125
2024-11-20,SKU-018,1061,61
2024-11-27,SKU-018,1103,111
2024-12-04,SKU-018,1067,166
2024-12-11,SKU-018,1071,144
2024-12-18,SKU-018,1021,196
2024-12-25,SKU-018,1019,152
2025-01-01,SKU-018,997,167
2025-01-08,SKU-018,966,177
2025-01-15,SKU-018,964,158
2025-01-22,SKU-018,964,151
2025-01-29,SKU-018,1017,98
2025-02-05,SKU-018,1045,125
2025-02-12,SKU-018,1072,109
2025-02-19,SKU-018,1087,133
2025-02-26,SKU-018,1091,141
2025-03-05,SKU-018,1065,168
2025-03-12,SKU-018,1067,144
2025-03-19,SKU-018,1068,148
2025-03-26,SKU-018,1051,157
2025-04-02,SKU-018,1050,149
2025-04-09,SKU-018,1069,112
2025-04-16,SKU-018,1038,173
2025-04-23,SKU-018,1036,140
2025-04-30,SKU-018,1016,171
2025-05-07,SKU-018,989,165
2025-05-14,SKU-018,980,157
2025-05-21,SKU-018,1051,86
2025-05-28,SKU-018,1016,170
2025-06-04,SKU-018,1026,128
2025-06-11,SKU-018,1078,85
2025-06-18,SKU-018,1102,126
2025-06-25,SKU-018,1107,141
2025-07-02,SKU-018,1035,203
2025-07-09,SKU-018,1005,171
2025-07-16,SKU-018,999,149
2025-07-23,SKU-018,994,148
2025-07-30,SKU-018,988,158
2025-08-06,SKU-018,1018,101
2025-08-13,SKU-018,989,177
2025-08-20,SKU-018,1017,113
2025-08-27,SKU-018,1041,120
2025-09-03,SKU-018,1071,104
2025-09-10,SKU-018,1061,163
2025-09-17,SKU-018,1099,97
2025-09-24,SKU-018,1100,137
2025-10-01,SKU-018,1090,144
2025-10-08,SKU-018,1076,154
2025-10-15,SKU-018,1060,172
2025-10-22,SKU-018,1033,175
2025-10-29,SKU-018,1035,133
2025-11-05,SKU-018,1013,178
2025-11-12,SKU-018,1034,121
2025-11-19,SKU-018,1053,126
2025-11-26,SKU-018,1057,131
2025-12-03,SKU-018,1100,110
2025-12-10,SKU-018,1082,149
2025-12-17,SKU-018,1138,95
2025-12-24,SKU-018,1139,134
2024-01-03,SKU-019,746,110
2024-01-10,SKU-019,734,128
2024-01-17,SKU-019,737,107
2024-01-24,SKU-019,730,107
2024-01-31,SKU-019,761,82
2024-02-07,SKU-019,778,83
2024-02-14,SKU-019,793,93
2024-02-21,SKU-019,785,119
2024-02-28,SKU-019,798,89
2024-03-06,SKU-019,781,132
2024-03-13,SKU-019,744,151
2024-03-20,SKU-019,640,104
2024-03-27,SKU-019,526,115
2024-04-03,SKU-019,513,115
2024-04-10,SKU-019,524,96
2024-04-17,SKU-019,525,108
2024-04-24,SKU-019,537,105
2024-05-01,SKU-019,536,114
2024-05-08,SKU-019,514,130
2024-05-15,SKU-019,506,119
2024-05-22,SKU-019,481,130
2024-05-29,SKU-019,491,93
2024-06-05,SKU-019,506,87
2024-06-12,SKU-019,483,132
2024-06-19,SKU-019,496,103
2024-06-26,SKU-019,488,117
2024-07-03,SKU-019,475,114
2024-07-10,SKU-019,477,95
2024-07-17,SKU-019,462,129
2024-07-24,SKU-019,419,146
2024-07-31,SKU-019,425,93
2024-08-07,SKU-019,416,105
2024-08-14,SKU-019,394,128
2024-08-21,SKU-019,393,105
2024-08-28,SKU-019,445,60
2024-09-04,SKU-019,423,130
2024-09-11,SKU-019,400,126
2024-09-18,SKU-019,412,98
2024-09-25,SKU-019,414,109
2024-10-02,SKU-019,411,112
2024-10-09,SKU-019,425,89
2024-10-16,SKU-019,400,127
2024-10-23,SKU-019,403,96
2024-10-30,SKU-019,399,113
2024-11-06,SKU-019,374,131
2024-11-13,SKU-019,422,63
2024-11-20,SKU-019,433,99
2024-11-27,SKU-019,428,113
2024-12-04,SKU-019,433,109
2024-12-11,SKU-019,435,108
2024-12-18,SKU-019,440,95
2024-12-25,SKU-019,411,130
2025-01-01,SKU-019,390,136
2025-01-08,SKU-019,362,131
2025-01-15,SKU-019,388,82
2025-01-22,SKU-019,379,115
2025-01-29,SKU-019,342,146
2025-02-05,SKU-019,329,121
2025-02-12,SKU-019,318,120
2025-02-19,SKU-019,339,77
2025-02-26,SKU-019,226,112
2025-03-05,SKU-019,218,118
2025-03-12,SKU-019,253,72
2025-03-19,SKU-019,272,80
2025-03-26,SKU-019,272,116
2025-04-02,SKU-019,238,137
2025-04-09,SKU-019,288,67
2025-04-16,SKU-019,182,105
2025-04-23,SKU-019,197,84
2025-04-30,SKU-019,246,65
2025-05-07,SKU-019,232,117
2025-05-14,SKU-019,236,113
2025-05-21,SKU-019,233,105
2025-05-28,SKU-019,219,114
2025-06-04,SKU-019,237,94
2025-06-11,SKU-019,245,100
2025-06-18,SKU-019,275,82
2025-06-25,SKU-019,239,135
2025-07-02,SKU-019,195,148
2025-07-09,SKU-019,164,137
2025-07-16,SKU-019,155,104
2025-07-23,SKU-019,151,112
2025-07-30,SKU-019,182,83
2025-08-06,SKU-019,192,102
2025-08-13,SKU-019,189,109
2025-08-20,SKU-019,147,139
2025-08-27,SKU-019,182,65
2025-09-03,SKU-019,207,90
2025-09-10,SKU-019,205,104
2025-09-17,SKU-019,204,104
2025-09-24,SKU-019,189,111
2025-10-01,SKU-019,200,86
2025-10-08,SKU-019,231,76
2025-10-15,SKU-019,238,100
2025-10-22,SKU-019,262,80
2025-10-29,SKU-019,300,72
2025-11-05,SKU-019,315,92
2025-11-12,SKU-019,315,111
2025-11-19,SKU-019,308,106
2025-11-26,SKU-019,291,113
2025-12-03,SKU-019,303,88
2025-12-10,SKU-019,324,96
2025-12-17,SKU-019,293,131
2025-12-24,SKU-019,285,107
2024-01-03,SKU-020,527,68
2024-01-10,SKU-020,535,83
2024-01-17,SKU-020,514,101
2024-01-24,SKU-020,485,110
2024-01-31,SKU-020,492,80
2024-02-07,SKU-020,505,69
2024-02-14,SKU-020,497,92
2024-02-21,SKU-020,477,112
2024-02-28,SKU-020,444,113
2024-03-06,SKU-020,339,105
2024-03-13,SKU-020,307,119
2024-03-20,SKU-020,320,68
2024-03-27,SKU-020,335,77
2024-04-03,SKU-020,370,53
2024-04-10,SKU-020,386,79
2024-04-17,SKU-020,362,109
2024-04-24,SKU-020,274,88
2024-05-01,SKU-020,287,81
2024-05-08,SKU-020,302,73
2024-05-15,SKU-020,286,111
2024-05-22,SKU-020,307,76
2024-05-29,SKU-020,297,96
2024-06-05,SKU-020,305,79
2024-06-12,SKU-020,324,77
2024-06-19,SKU-020,318,98
2024-06-26,SKU-020,354,53
2024-07-03,SKU-020,335,103
2024-07-10,SKU-020,303,113
2024-07-17,SKU-020,276,117
2024-07-24,SKU-020,276,88
2024-07-31,SKU-020,273,84
2024-08-07,SKU-020,276,89
2024-08-14,SKU-020,271,101
2024-08-21,SKU-020,279,83
2024-08-28,SKU-020,289,74
2024-09-04,SKU-020,286,84
2024-09-11,SKU-020,300,80
2024-09-18,SKU-020,309,77
2024-09-25,SKU-020,327,73
2024-10-02,SKU-020,315,100
2024-10-09,SKU-020,299,97
2024-10-16,SKU-020,308,72
2024-10-23,SKU-020,282,108
2024-10-30,SKU-020,280,93
2024-11-06,SKU-020,287,78
2024-11-13,SKU-020,301,70
2024-11-20,SKU-020,319,74
2024-11-27,SKU-020,343,63
2024-12-04,SKU-020,341,87
2024-12-11,SKU-020,331,98
2024-12-18,SKU-020,341,85
2024-12-25,SKU-020,322,111
2025-01-01,SKU-020,306,111
2025-01-08,SKU-020,307,82
2025-01-15,SKU-020,303,86
2025-01-22,SKU-020,281,116
2025-01-29,SKU-020,182,99
2025-02-05,SKU-020,169,95
2025-02-12,SKU-020,177,88
2025-02-19,SKU-020,175,89
2025-02-26,SKU-020,83,92
2025-03-05,SKU-020,121,53
2025-03-12,SKU-020,140,75
2025-03-19,SKU-020,111,124
2025-03-26,SKU-020,23,88
2025-04-02,SKU-020,19,97
2025-04-09,SKU-020,9,106
2025-04-16,SKU-020,8,89
2025-04-23,SKU-020,0,98
2025-04-30,SKU-020,0,89
2025-05-07,SKU-020,0,117
2025-05-14,SKU-020,20,69
2025-05-21,SKU-020,22,90
2025-05-28,SKU-020,31,84
2025-06-04,SKU-020,47,79
2025-06-11,SKU-020,74,62
2025-06-18,SKU-020,89,77
2025-06-25,SKU-020,81,100
2025-07-02,SKU-020,74,95
2025-07-09,SKU-020,72,93
2025-07-16,SKU-020,79,84
2025-07-23,SKU-020,86,89
2025-07-30,SKU-020,77,100
2025-08-06,SKU-020,109,47
2025-08-13,SKU-020,87,110
2025-08-20,SKU-020,143,32
2025-08-27,SKU-020,132,94
2025-09-03,SKU-020,154,71
2025-09-10,SKU-020,137,102
2025-09-17,SKU-020,174,52
2025-09-24,SKU-020,180,84
2025-10-01,SKU-020,168,93
2025-10-08,SKU-020,189,66
2025-10-15,SKU-020,225,54
2025-10-22,SKU-020,205,102
2025-10-29,SKU-020,238,64
2025-11-05,SKU-020,247,84
2025-11-12,SKU-020,251,75
2025-11-19,SKU-020,224,114
2025-11-26,SKU-020,264,55
2025-12-03,SKU-020,283,74
2025-12-10,SKU-020,296,84
2025-12-17,SKU-020,286,100
2025-12-24,SKU-020,286,85
2024-01-03,SKU-021,607,83
2024-01-10,SKU-021,604,87
2024-01-17,SKU-021,595,96
2024-01-24,SKU-021,574,98
2024-01-31,SKU-021,566,93
2024-02-07,SKU-021,590,51
2024-02-21,SKU-021,619,72
2024-02-28,SKU-021,616,84
2024-03-06,SKU-021,596,102
2024-03-13,SKU-021,638,47
2024-03-20,SKU-021,651,74
2024-03-27,SKU-021,604,125
2024-04-03,SKU-021,595,86
2024-04-10,SKU-021,562,122
2024-04-17,SKU-021,555,85
2024-04-24,SKU-021,560,75
2024-05-01,SKU-021,576,72
2024-05-08,SKU-021,606,55
2024-05-15,SKU-021,601,83
2024-05-22,SKU-021,616,74
2024-05-29,SKU-021,637,62
2024-06-05,SKU-021,654,73
2024-06-12,SKU-021,669,61
2024-06-19,SKU-021,651,99
2024-06-26,SKU-021,630,106
2024-07-03,SKU-021,629,91
2024-07-10,SKU-021,642,75
2024-07-17,SKU-021,632,87
2024-07-24,SKU-021,651,69
2024-08-07,SKU-021,674,65
2024-08-14,SKU-021,699,64
2024-08-21,SKU-021,688,93
2024-08-28,SKU-021,707,66
2024-09-04,SKU-021,716,77
2024-09-11,SKU-021,722,75
2024-09-18,SKU-021,714,88
2024-09-25,SKU-021,728,74
2024-10-02,SKU-021,731,86
2024-10-09,SKU-021,728,87
2024-10-16,SKU-021,740,77
2024-10-23,SKU-021,716,111
2024-10-30,SKU-021,707,93
2024-11-06,SKU-021,695,91
2024-11-13,SKU-021,694,87
2024-11-20,SKU-021,704,81
2024-11-27,SKU-021,734,47
2024-12-04,SKU-021,736,75
2024-12-11,SKU-021,737,83
2024-12-18,SKU-021,723,99
2024-12-25,SKU-021,717,93
2025-01-01,SKU-021,730,71
2025-01-08,SKU-021,720,100
2025-01-15,SKU-021,746,61
2025-01-22,SKU-021,742,90
2025-01-29,SKU-021,735,96
2025-02-05,SKU-021,728,89
2025-02-12,SKU-021,723,80
2025-02-19,SKU-021,718,82
2025-02-26,SKU-021,727,66
2025-03-05,SKU-021,718,88
2025-03-12,SKU-021,727,79
2025-03-19,SKU-021,716,102
2025-03-26,SKU-021,684,109
2025-04-02,SKU-021,705,66
2025-04-09,SKU-021,725,59
2025-04-16,SKU-021,703,106
2025-04-23,SKU-021,741,46
2025-04-30,SKU-021,730,98
2025-05-07,SKU-021,733,81
2025-05-14,SKU-021,735,79
2025-05-21,SKU-021,732,86
2025-05-28,SKU-021,772,48
2025-06-04,SKU-021,755,93
2025-06-11,SKU-021,754,82
2025-06-18,SKU-021,700,135
2025-06-25,SKU-021,719,69
2025-07-02,SKU-021,742,53
2025-07-09,SKU-021,734,95
2025-07-16,SKU-021,711,101
2025-07-23,SKU-021,730,71
2025-07-30,SKU-021,713,95
2025-08-06,SKU-021,719,79
2025-08-13,SKU-021,731,75
2025-08-20,SKU-021,695,117
2025-08-27,SKU-021,691,82
2025-09-03,SKU-021,698,80
2025-09-10,SKU-021,655,121
2025-09-17,SKU-021,671,66
2025-09-24,SKU-021,678,83
2025-10-01,SKU-021,661,104
2025-10-08,SKU-021,646,92
2025-10-15,SKU-021,599,123
2025-10-22,SKU-021,566,110
2025-10-29,SKU-021,564,91
2025-11-05,SKU-021,558,80
2025-11-12,SKU-021,544,97
2025-11-19,SKU-021,546,83
2025-11-26,SKU-021,553,80
2025-12-03,SKU-021,550,89
2025-12-10,SKU-021,575,63
2025-12-17,SKU-021,564,95
2025-12-24,SKU-021,559,81
2024-01-03,SKU-022,609,123
2024-01-10,SKU-022,625,122
2024-01-17,SKU-022,596,150
2024-01-24,SKU-022,597,132
2024-01-31,SKU-022,595,130
2024-02-07,SKU-022,605,125
2024-02-14,SKU-022,641,90
2024-02-21,SKU-022,633,134
2024-02-28,SKU-022,624,140
2024-03-06,SKU-022,651,105
2024-03-13,SKU-022,656,133
2024-03-20,SKU-022,634,156
2024-03-27,SKU-022,614,144
2024-04-03,SKU-022,637,112
2024-04-10,SKU-022,666,112
2024-04-17,SKU-022,666,128
2024-04-24,SKU-022,651,154
2024-05-01,SKU-022,661,111
2024-05-08,SKU-022,635,144
2024-05-15,SKU-022,633,133
2024-05-22,SKU-022,635,136
2024-05-29,SKU-022,663,103
2024-06-05,SKU-022,670,118
2024-06-12,SKU-022,675,130
2024-06-19,SKU-022,651,145
2024-06-26,SKU-022,679,116
2024-07-03,SKU-022,665,152
2024-07-10,SKU-022,664,124
2024-07-17,SKU-022,649,149
2024-07-24,SKU-022,649,124
2024-07-31,SKU-022,650,135
2024-08-07,SKU-022,636,153
2024-08-14,SKU-022,634,143
2024-08-21,SKU-022,639,132
2024-08-28,SKU-022,619,150
2024-09-04,SKU-022,638,116
2024-09-11,SKU-022,599,158
2024-09-18,SKU-022,581,155
2024-09-25,SKU-022,572,128
2024-10-02,SKU-022,557,139
2024-10-09,SKU-022,568,109
2024-10-23,SKU-022,583,135
2024-10-30,SKU-022,586,126
2024-11-06,SKU-022,574,138
2024-11-13,SKU-022,560,131
2024-11-20,SKU-022,541,156
2024-11-27,SKU-022,533,127
2024-12-04,SKU-022,521,139
2024-12-11,SKU-022,532,120
2024-12-18,SKU-022,512,145
2024-12-25,SKU-022,551,97
2025-01-01,SKU-022,562,131
2025-01-08,SKU-022,571,119
2025-01-15,SKU-022,570,141
2025-01-22,SKU-022,572,121
2025-01-29,SKU-022,602,107
2025-02-05,SKU-022,627,114
2025-02-12,SKU-022,646,115
2025-02-19,SKU-022,652,120
2025-02-26,SKU-022,671,122
2025-03-05,SKU-022,659,155
2025-03-12,SKU-022,667,135
2025-03-19,SKU-022,592,193
2025-03-26,SKU-022,571,161
2025-04-02,SKU-022,588,104
2025-04-09,SKU-022,614,103
2025-04-16,SKU-022,605,141
2025-04-23,SKU-022,581,144
2025-04-30,SKU-022,600,118
2025-05-07,SKU-022,546,178
2025-05-14,SKU-022,562,125
2025-05-21,SKU-022,582,103
2025-05-28,SKU-022,574,142
2025-06-04,SKU-022,543,156
2025-06-11,SKU-022,519,144
2025-06-18,SKU-022,500,139
2025-06-25,SKU-022,543,94
2025-07-02,SKU-022,551,136
2025-07-09,SKU-022,562,109
2025-07-16,SKU-022,549,148
2025-07-23,SKU-022,543,131
2025-07-30,SKU-022,533,152
2025-08-06,SKU-022,555,106
2025-08-13,SKU-022,572,119
2025-08-20,SKU-022,590,101
2025-08-27,SKU-022,601,112
2025-09-03,SKU-022,548,184
2025-09-10,SKU-022,546,138
2025-09-17,SKU-022,506,162
2025-09-24,SKU-022,479,160
2025-10-01,SKU-022,451,150
2025-10-08,SKU-022,378,199
2025-10-15,SKU-022,368,149
2025-10-22,SKU-022,353,151
2025-10-29,SKU-022,369,111
2025-11-05,SKU-022,391,114
2025-11-12,SKU-022,359,158
2025-11-19,SKU-022,356,142
2025-11-26,SKU-022,320,167
2025-12-03,SKU-022,286,155
2025-12-10,SKU-022,277,143
2025-12-17,SKU-022,251,166
2025-12-24,SKU-022,238,151
2024-01-03,SKU-023,361,91
2024-01-10,SKU-023,350,112
2024-01-17,SKU-023,350,90
2024-01-24,SKU-023,343,93
2024-01-31,SKU-023,363,77
2024-02-07,SKU-023,342,119
2024-02-14,SKU-023,332,99
2024-02-21,SKU-023,362,66
2024-02-28,SKU-023,373,92
2024-03-06,SKU-023,362,99
2024-03-13,SKU-023,355,99
2024-03-20,SKU-023,346,95
2024-03-27,SKU-023,337,99
2024-04-03,SKU-023,317,119
2024-04-10,SKU-023,341,76
2024-04-17,SKU-023,340,90
2024-04-24,SKU-023,316,113
2024-05-01,SKU-023,309,104
2024-05-08,SKU-023,308,89
2024-05-15,SKU-023,305,103
2024-05-22,SKU-023,324,85
2024-05-29,SKU-023,283,127
2024-06-05,SKU-023,257,117
2024-06-12,SKU-023,154,103
2024-06-19,SKU-023,125,120
2024-06-26,SKU-023,144,79
2024-07-03,SKU-023,179,58
2024-07-10,SKU-023,192,90
2024-07-17,SKU-023,199,96
2024-07-24,SKU-023,196,89
2024-08-07,SKU-023,231,60
2024-08-14,SKU-023,206,116
2024-08-21,SKU-023,213,93
2024-08-28,SKU-023,220,86
2024-09-04,SKU-023,182,131
2024-09-11,SKU-023,183,96
2024-09-18,SKU-023,181,105
2024-09-25,SKU-023,177,108
2024-10-02,SKU-023,171,96
2024-10-09,SKU-023,177,88
2024-10-16,SKU-023,175,102
2024-10-23,SKU-023,207,70
2024-10-30,SKU-023,219,74
2024-11-06,SKU-023,255,67
2024-11-13,SKU-023,267,83
2024-11-20,SKU-023,262,96
2024-11-27,SKU-023,271,79
2024-12-04,SKU-023,259,101
2024-12-11,SKU-023,251,107
2024-12-18,SKU-023,263,81
2024-12-25,SKU-023,267,87
2025-01-01,SKU-023,265,90
2025-01-08,SKU-023,250,112
2025-01-15,SKU-023,265,83
2025-01-22,SKU-023,251,108
2025-01-29,SKU-023,264,77
2025-02-05,SKU-023,243,110
2025-02-12,SKU-023,289,49
2025-02-19,SKU-023,304,87
2025-02-26,SKU-023,304,103
2025-03-05,SKU-023,354,46
2025-03-12,SKU-023,366,82
2025-03-19,SKU-023,394,74
2025-03-26,SKU-023,384,110
2025-04-02,SKU-023,393,93
2025-04-09,SKU-023,380,117
2025-04-16,SKU-023,360,114
2025-04-23,SKU-023,372,83
2025-04-30,SKU-023,387,75
2025-05-07,SKU-023,376,108
2025-05-14,SKU-023,350,125
2025-05-21,SKU-023,266,84
2025-05-28,SKU-023,253,111
2025-06-04,SKU-023,264,88
2025-06-11,SKU-023,275,92
2025-06-18,SKU-023,280,92
2025-06-25,SKU-023,252,116
2025-07-02,SKU-023,223,115
2025-07-09,SKU-023,117,107
2025-07-16,SKU-023,146,69
2025-07-23,SKU-023,126,122
2025-07-30,SKU-023,155,68
2025-08-06,SKU-023,160,83
2025-08-13,SKU-023,210,52
2025-08-20,SKU-023,219,87
2025-08-27,SKU-023,212,107
2025-09-03,SKU-023,203,96
2025-09-10,SKU-023,216,83
2025-09-17,SKU-023,229,72
2025-09-24,SKU-023,253,80
2025-10-01,SKU-023,222,129
2025-10-08,SKU-023,216,108
2025-10-15,SKU-023,218,97
2025-10-22,SKU-023,224,87
2025-10-29,SKU-023,218,107
2025-11-05,SKU-023,228,82
2025-11-12,SKU-023,245,83
2025-11-19,SKU-023,253,96
2025-11-26,SKU-023,266,88
2025-12-03,SKU-023,274,83
2025-12-10,SKU-023,248,126
2025-12-17,SKU-023,231,120
2025-12-24,SKU-023,223,95
2024-01-03,SKU-024,897,143
2024-01-10,SKU-024,930,114
2024-01-17,SKU-024,978,94
2024-01-24,SKU-024,908,199
2024-01-31,SKU-024,856,197
2024-02-07,SKU-024,865,126
2024-02-14,SKU-024,857,151
2024-02-21,SKU-024,871,119
2024-02-28,SKU-024,732,139
2024-03-06,SKU-024,758,111
2024-03-13,SKU-024,769,122
2024-03-20,SKU-024,629,141
2024-03-27,SKU-024,603,170
2024-04-03,SKU-024,639,112
2024-04-10,SKU-024,653,125
2024-04-17,SKU-024,660,129
2024-04-24,SKU-024,716,85
2024-05-01,SKU-024,750,102
2024-05-08,SKU-024,702,193
2024-05-15,SKU-024,663,186
2024-05-22,SKU-024,690,120
2024-05-29,SKU-024,765,63
2024-06-05,SKU-024,728,183
2024-06-12,SKU-024,725,133
2024-06-19,SKU-024,690,171
2024-06-26,SKU-024,680,151
2024-07-03,SKU-024,682,143
2024-07-10,SKU-024,698,137
2024-07-17,SKU-024,657,167
2024-07-24,SKU-024,639,146
2024-07-31,SKU-024,640,129
2024-08-07,SKU-024,609,158
2024-08-14,SKU-024,572,169
2024-08-21,SKU-024,575,125
2024-08-28,SKU-024,567,135
2024-09-04,SKU-024,574,135
2024-09-11,SKU-024,625,90
2024-09-18,SKU-024,617,153
2024-09-25,SKU-024,617,149
2024-10-02,SKU-024,644,117
2024-10-09,SKU-024,663,119
2024-10-16,SKU-024,663,148
2024-10-23,SKU-024,637,159
2024-10-30,SKU-024,652,112
2024-11-06,SKU-024,623,162
2024-11-13,SKU-024,693,61
2024-11-20,SKU-024,658,161
2024-11-27,SKU-024,668,123
2024-12-04,SKU-024,656,166
2024-12-11,SKU-024,661,142
2024-12-18,SKU-024,626,171
2024-12-25,SKU-024,598,168
2025-01-01,SKU-024,566,178
2025-01-08,SKU-024,555,138
2025-01-15,SKU-024,544,140
2025-01-22,SKU-024,595,100
2025-01-29,SKU-024,571,160
2025-02-05,SKU-024,563,161
2025-02-12,SKU-024,572,122
2025-02-19,SKU-024,470,103
2025-02-26,SKU-024,477,145
2025-03-05,SKU-024,488,126
2025-03-12,SKU-024,463,154
2025-03-19,SKU-024,482,108
2025-03-26,SKU-024,497,119
2025-04-02,SKU-024,516,134
2025-04-09,SKU-024,391,125
2025-04-16,SKU-024,434,107
2025-04-23,SKU-024,410,173
2025-04-30,SKU-024,404,148
2025-05-07,SKU-024,417,129
2025-05-14,SKU-024,433,131
2025-05-21,SKU-024,441,139
2025-05-28,SKU-024,456,138
2025-06-04,SKU-024,392,205
2025-06-11,SKU-024,369,150
2025-06-18,SKU-024,322,176
2025-06-25,SKU-024,329,147
2025-07-02,SKU-024,343,130
2025-07-09,SKU-024,332,144
2025-07-16,SKU-024,338,134
2025-07-23,SKU-024,332,132
2025-07-30,SKU-024,359,122
2025-08-06,SKU-024,374,129
2025-08-13,SKU-024,412,111
2025-08-20,SKU-024,468,73
2025-09-03,SKU-024,473,138
2025-09-10,SKU-024,478,129
2025-09-17,SKU-024,484,146
2025-09-24,SKU-024,430,194
2025-10-01,SKU-024,407,154
2025-10-08,SKU-024,405,148
2025-10-15,SKU-024,383,153
2025-10-22,SKU-024,411,105
2025-10-29,SKU-024,478,76
2025-11-05,SKU-024,493,115
2025-11-12,SKU-024,513,125
2025-11-19,SKU-024,536,121
2025-11-26,SKU-024,532,147
2025-12-03,SKU-024,540,119
2025-12-10,SKU-024,583,96
2025-12-17,SKU-024,597,129
2025-12-24,SKU-024,625,123
2024-01-03,SKU-025,570,141
2024-01-10,SKU-025,556,135
2024-01-17,SKU-025,542,133
2024-01-24,SKU-025,576,94
2024-01-31,SKU-025,563,127
2024-02-07,SKU-025,493,197
2024-02-14,SKU-025,502,118
2024-02-21,SKU-025,452,173
2024-02-28,SKU-025,461,122
2024-03-06,SKU-025,453,126
2024-03-13,SKU-025,448,130
2024-03-20,SKU-025,435,144
2024-03-27,SKU-025,478,71
2024-04-03,SKU-025,440,156
2024-04-10,SKU-025,476,94
2024-04-17,SKU-025,462,134
2024-04-24,SKU-025,483,106
2024-05-01,SKU-025,479,133
2024-05-08,SKU-025,497,105
2024-05-15,SKU-025,540,83
2024-05-29,SKU-025,516,110
2024-06-05,SKU-025,463,173
2024-06-12,SKU-025,458,133
2024-06-19,SKU-025,434,143
2024-06-26,SKU-025,379,171
2024-07-03,SKU-025,361,143
2024-07-10,SKU-025,395,89
2024-07-17,SKU-025,427,85
2024-07-24,SKU-025,401,159
2024-07-31,SKU-025,383,137
2024-08-07,SKU-025,367,142
2024-08-14,SKU-025,340,166
2024-08-21,SKU-025,411,64
2024-08-28,SKU-025,390,153
2024-09-04,SKU-025,417,95
2024-09-11,SKU-025,453,91
2024-09-18,SKU-025,459,122
2024-09-25,SKU-025,471,103
2024-10-02,SKU-025,501,104
2024-10-09,SKU-025,470,157
2024-10-16,SKU-025,446,146
2024-10-23,SKU-025,440,129
2024-10-30,SKU-025,483,84
2024-11-06,SKU-025,469,151
2024-11-13,SKU-025,491,114
2024-11-20,SKU-025,545,84
2024-11-27,SKU-025,584,91
2024-12-04,SKU-025,548,154
2024-12-11,SKU-025,525,156
2024-12-18,SKU-025,538,113
2024-12-25,SKU-025,536,134
2025-01-01,SKU-025,547,125
2025-01-08,SKU-025,561,109
2025-01-15,SKU-025,617,61
2025-01-22,SKU-025,628,106
2025-01-29,SKU-025,633,129
2025-02-05,SKU-025,633,129
2025-02-12,SKU-025,668,100
2025-02-19,SKU-025,652,131
2025-02-26,SKU-025,634,139
2025-03-05,SKU-025,625,130
2025-03-12,SKU-025,622,123
2025-03-19,SKU-025,661,85
2025-03-26,SKU-025,693,104
2025-04-02,SKU-025,668,147
2025-04-09,SKU-025,688,109
2025-04-16,SKU-025,607,199
2025-04-23,SKU-025,616,105
2025-04-30,SKU-025,587,160
2025-05-07,SKU-025,539,179
2025-05-14,SKU-025,533,121
2025-05-21,SKU-025,535,116
2025-05-28,SKU-025,525,126
2025-06-04,SKU-025,497,143
2025-06-18,SKU-025,510,130
2025-06-25,SKU-025,499,144
2025-07-02,SKU-025,482,133
2025-07-09,SKU-025,511,102
2025-07-16,SKU-025,535,111
2025-07-23,SKU-025,536,121
2025-07-30,SKU-025,524,141
2025-08-06,SKU-025,534,107
2025-08-13,SKU-025,543,126
2025-08-20,SKU-025,561,117
2025-08-27,SKU-025,553,130
2025-09-03,SKU-025,583,96
2025-09-10,SKU-025,552,152
2025-09-17,SKU-025,548,129
2025-09-24,SKU-025,581,105
2025-10-01,SKU-025,581,130
2025-10-08,SKU-025,566,145
2025-10-15,SKU-025,600,95
2025-10-22,SKU-025,633,95
2025-10-29,SKU-025,654,100
2025-11-05,SKU-025,688,88
2025-11-12,SKU-025,706,109
2025-11-19,SKU-025,717,112
2025-11-26,SKU-025,725,112
2025-12-03,SKU-025,724,121
2025-12-10,SKU-025,706,132
2025-12-17,SKU-025,682,146
2025-12-24,SKU-025,697,123
2024-01-03,SKU-026,524,198
2024-01-10,SKU-026,498,177
2024-01-17,SKU-026,515,140
2024-01-24,SKU-026,512,153
2024-01-31,SKU-026,531,128
2024-02-07,SKU-026,545,127
2024-02-14,SKU-026,547,153
2024-02-21,SKU-026,569,118
2024-02-28,SKU-026,552,153
2024-03-06,SKU-026,534,170
2024-03-13,SKU-026,506,177
2024-03-20,SKU-026,522,138
2024-03-27,SKU-026,477,187
2024-04-03,SKU-026,548,82
2024-04-10,SKU-026,523,174
2024-04-17,SKU-026,499,160
2024-04-24,SKU-026,509,128
2024-05-01,SKU-026,492,153
2024-05-08,SKU-026,453,194
2024-05-15,SKU-026,383,217
2024-05-22,SKU-026,405,122
2024-05-29,SKU-026,366,173
2024-06-05,SKU-026,413,116
2024-06-12,SKU-026,390,164
2024-06-19,SKU-026,401,124
2024-06-26,SKU-026,420,117
2024-07-03,SKU-026,384,170
2024-07-10,SKU-026,397,144
2024-07-17,SKU-026,411,134
2024-07-24,SKU-026,360,195
2024-07-31,SKU-026,390,126
2024-08-07,SKU-026,384,144
2024-08-14,SKU-026,376,149
2024-08-21,SKU-026,359,156
2024-08-28,SKU-026,374,145
2024-09-04,SKU-026,292,224
2024-09-11,SKU-026,279,167
2024-09-18,SKU-026,271,154
2024-09-25,SKU-026,270,164
2024-10-02,SKU-026,272,138
2024-10-09,SKU-026,269,159
2024-10-16,SKU-026,225,180
2024-10-23,SKU-026,217,162
2024-10-30,SKU-026,196,160
2024-11-06,SKU-026,207,135
2024-11-13,SKU-026,183,162
2024-11-20,SKU-026,196,142
2024-11-27,SKU-026,175,177
2024-12-04,SKU-026,219,106
2024-12-11,SKU-026,220,141
2024-12-18,SKU-026,162,202
2024-12-25,SKU-026,124,173
2025-01-01,SKU-026,116,149
2025-01-08,SKU-026,198,64
2025-01-15,SKU-026,247,85
2025-01-22,SKU-026,216,188
2025-01-29,SKU-026,251,106
2025-02-05,SKU-026,239,174
2025-02-12,SKU-026,260,130
2025-02-19,SKU-026,276,138
2025-02-26,SKU-026,297,135
2025-03-05,SKU-026,334,104
2025-03-12,SKU-026,383,99
2025-03-19,SKU-026,446,91
2025-03-26,SKU-026,507,96
2025-04-02,SKU-026,443,199
2025-04-09,SKU-026,496,91
2025-04-16,SKU-026,418,215
2025-04-23,SKU-026,445,121
2025-04-30,SKU-026,434,154
2025-05-07,SKU-026,432,145
2025-05-14,SKU-026,448,144
2025-05-21,SKU-026,443,160
2025-05-28,SKU-026,421,178
2025-06-04,SKU-026,415,147
2025-06-11,SKU-026,454,95
2025-06-18,SKU-026,467,137
2025-06-25,SKU-026,436,179
2025-07-02,SKU-026,479,108
2025-07-09,SKU-026,451,177
2025-07-16,SKU-026,415,195
2025-07-23,SKU-026,354,213
2025-07-30,SKU-026,380,134
2025-08-06,SKU-026,417,101
2025-08-13,SKU-026,436,139
2025-08-20,SKU-026,437,149
2025-08-27,SKU-026,521,63
2025-09-03,SKU-026,579,98
2025-09-10,SKU-026,584,154
2025-09-17,SKU-026,609,127
2025-09-24,SKU-026,619,135
2025-10-01,SKU-026,606,148
2025-10-08,SKU-026,691,78
2025-10-15,SKU-026,733,115
2025-10-22,SKU-026,767,123
2025-10-29,SKU-026,737,168
2025-11-05,SKU-026,719,160
2025-11-12,SKU-026,719,136
2025-11-19,SKU-026,682,190
2025-11-26,SKU-026,694,124
2025-12-03,SKU-026,733,95
2025-12-10,SKU-026,788,82
2025-12-17,SKU-026,756,171
2025-12-24,SKU-026,754,137
2024-01-03,SKU-027,1025,141
2024-01-10,SKU-027,1006,139
2024-01-17,SKU-027,995,136
2024-01-24,SKU-027,947,186
2024-01-31,SKU-027,944,139
2024-02-07,SKU-027,966,122
2024-02-14,SKU-027,971,130
2024-02-21,SKU-027,995,105
2024-02-28,SKU-027,1001,133
2024-03-06,SKU-027,989,154
2024-03-13,SKU-027,961,149
2024-03-20,SKU-027,991,105
2024-03-27,SKU-027,1030,94
2024-04-03,SKU-027,1019,150
2024-04-10,SKU-027,1043,101
2024-04-17,SKU-027,1068,108
2024-04-24,SKU-027,1067,123
2024-05-01,SKU-027,1065,126
2024-05-08,SKU-027,1040,162
2024-05-15,SKU-027,887,153
2024-05-22,SKU-027,907,114
2024-05-29,SKU-027,913,127
2024-06-05,SKU-027,953,99
2024-06-12,SKU-027,931,161
2024-06-19,SKU-027,871,194
2024-06-26,SKU-027,872,129
2024-07-03,SKU-027,849,144
2024-07-10,SKU-027,870,120
2024-07-17,SKU-027,880,123
2024-07-24,SKU-027,895,118
2024-07-31,SKU-027,797,98
2024-08-07,SKU-027,795,137
2024-08-14,SKU-027,814,125
2024-08-21,SKU-027,802,157
2024-08-28,SKU-027,764,180
2024-09-04,SKU-027,777,117
2024-09-11,SKU-027,764,149
2024-09-18,SKU-027,760,129
2024-09-25,SKU-027,706,187
2024-10-02,SKU-027,703,132
2024-10-09,SKU-027,720,116
2024-10-23,SKU-027,696,117
2024-10-30,SKU-027,669,146
2024-11-06,SKU-027,704,84
2024-11-13,SKU-027,747,80
2024-11-20,SKU-027,767,122
2024-11-27,SKU-027,777,114
2024-12-04,SKU-027,769,136
2024-12-11,SKU-027,776,133
2024-12-18,SKU-027,794,125
2024-12-25,SKU-027,761,165
2025-01-01,SKU-027,797,99
2025-01-08,SKU-027,797,131
2025-01-15,SKU-027,746,174
2025-01-22,SKU-027,694,178
2025-01-29,SKU-027,729,108
2025-02-05,SKU-027,772,84
2025-02-12,SKU-027,797,109
2025-02-19,SKU-027,833,98
2025-02-26,SKU-027,847,114
2025-03-05,SKU-027,845,134
2025-03-12,SKU-027,872,105
2025-03-19,SKU-027,879,133
2025-03-26,SKU-027,885,115
2025-04-02,SKU-027,864,158
2025-04-09,SKU-027,838,145
2025-04-16,SKU-027,831,147
2025-04-23,SKU-027,839,136
2025-04-30,SKU-027,821,146
2025-05-07,SKU-027,791,172
2025-05-14,SKU-027,787,126
2025-05-21,SKU-027,856,71
2025-05-28,SKU-027,875,119
2025-06-04,SKU-027,901,116
2025-06-11,SKU-027,918,119
2025-06-18,SKU-027,789,129
2025-06-25,SKU-027,753,156
2025-07-02,SKU-027,778,108
2025-07-09,SKU-027,785,120
2025-07-16,SKU-027,797,125
2025-07-23,SKU-027,817,103
2025-07-30,SKU-027,862,92
2025-08-06,SKU-027,906,101
2025-08-13,SKU-027,905,135
2025-08-20,SKU-027,928,99
2025-08-27,SKU-027,910,148
2025-09-03,SKU-027,896,154
2025-09-10,SKU-027,900,119
2025-09-17,SKU-027,905,133
2025-09-24,SKU-027,903,136
2025-10-01,SKU-027,945,84
2025-10-08,SKU-027,915,160
2025-10-15,SKU-027,914,140
2025-10-22,SKU-027,967,79
2025-10-29,SKU-027,968,123
2025-11-05,SKU-027,976,126
2025-11-12,SKU-027,978,143
2025-11-19,SKU-027,976,135
2025-11-26,SKU-027,957,150
2025-12-03,SKU-027,951,142
2025-12-10,SKU-027,922,163
2025-12-17,SKU-027,886,165
2025-12-24,SKU-027,926,96
2024-01-03,SKU-028,732,115
2024-01-10,SKU-028,751,92
2024-01-17,SKU-028,721,160
2024-01-24,SKU-028,732,103
2024-01-31,SKU-028,758,105
2024-02-07,SKU-028,745,125
2024-02-14,SKU-028,726,130
2024-02-21,SKU-028,744,113
2024-02-28,SKU-028,724,149
2024-03-06,SKU-028,721,114
2024-03-13,SKU-028,725,122
2024-03-20,SKU-028,702,133
2024-03-27,SKU-028,664,152
2024-04-03,SKU-028,645,142
2024-04-10,SKU-028,652,109
2024-04-17,SKU-028,674,100
2024-04-24,SKU-028,759,43
2024-05-01,SKU-028,709,160
2024-05-08,SKU-028,697,136
2024-05-15,SKU-028,673,150
2024-05-22,SKU-028,685,104
2024-05-29,SKU-028,695,118
2024-06-05,SKU-028,658,162
2024-06-12,SKU-028,634,133
2024-06-19,SKU-028,595,158
2024-06-26,SKU-028,573,139
2024-07-03,SKU-028,576,127
2024-07-10,SKU-028,458,119
2024-07-17,SKU-028,284,174
2024-07-24,SKU-028,268,126
2024-07-31,SKU-028,292,107
2024-08-07,SKU-028,333,78
2024-08-14,SKU-028,338,128
2024-08-21,SKU-028,366,84
2024-08-28,SKU-028,359,124
2024-09-04,SKU-028,373,100
2024-09-11,SKU-028,378,117
2024-09-18,SKU-028,341,158
2024-09-25,SKU-028,397,77
2024-10-02,SKU-028,412,107
2024-10-09,SKU-028,366,164
2024-10-16,SKU-028,362,123
2024-10-23,SKU-028,359,120
2024-10-30,SKU-028,382,102
2024-11-06,SKU-028,395,103
2024-11-13,SKU-028,379,145
2024-11-20,SKU-028,329,175
2024-11-27,SKU-028,338,122
2024-12-04,SKU-028,290,179
2024-12-11,SKU-028,342,64
2024-12-18,SKU-028,325,131
2024-12-25,SKU-028,351,106
2025-01-01,SKU-028,345,131
2025-01-08,SKU-028,346,132
2025-01-15,SKU-028,337,133
2025-01-22,SKU-028,359,103
2025-01-29,SKU-028,341,131
2025-02-05,SKU-028,362,112
2025-02-12,SKU-028,399,95
2025-02-19,SKU-028,408,105
2025-02-26,SKU-028,356,166
2025-03-05,SKU-028,380,99
2025-03-12,SKU-028,369,128
2025-03-19,SKU-028,392,104
2025-03-26,SKU-028,406,108
2025-04-02,SKU-028,428,91
2025-04-09,SKU-028,412,129
2025-04-16,SKU-028,411,134
2025-04-23,SKU-028,459,83
2025-04-30,SKU-028,451,126
2025-05-07,SKU-028,494,80
2025-05-14,SKU-028,366,128
2025-05-21,SKU-028,353,131
2025-05-28,SKU-028,339,145
2025-06-04,SKU-028,344,123
2025-06-11,SKU-028,367,106
2025-06-18,SKU-028,238,128
2025-06-25,SKU-028,231,127
2025-07-02,SKU-028,273,78
2025-07-09,SKU-028,307,98
2025-07-16,SKU-028,323,101
2025-07-23,SKU-028,298,154
2025-07-30,SKU-028,315,95
2025-08-06,SKU-028,309,120
2025-08-13,SKU-028,275,151
2025-08-20,SKU-028,283,116
2025-08-27,SKU-028,334,63
2025-09-03,SKU-028,338,112
2025-09-10,SKU-028,324,140
2025-09-17,SKU-028,323,123
2025-09-24,SKU-028,318,127
2025-10-01,SKU-028,341,102
2025-10-08,SKU-028,325,146
2025-10-15,SKU-028,301,146
2025-10-22,SKU-028,277,136
2025-10-29,SKU-028,229,162
2025-11-12,SKU-028,239,128
2025-11-19,SKU-028,279,80
2025-11-26,SKU-028,281,127
2025-12-03,SKU-028,258,134
2025-12-10,SKU-028,259,131
2025-12-17,SKU-028,253,140
2025-12-24,SKU-028,229,142
2024-01-03,SKU-029,957,132
2024-01-10,SKU-029,983,116
2024-01-17,SKU-029,1020,94
2024-01-24,SKU-029,1038,124
2024-01-31,SKU-029,1054,122
2024-02-07,SKU-029,1083,108
2024-02-14,SKU-029,1072,147
2024-02-21,SKU-029,1076,130
2024-02-28,SKU-029,1056,164
2024-03-06,SKU-029,1041,138
2024-03-13,SKU-029,1026,147
2024-03-20,SKU-029,1033,135
2024-03-27,SKU-029,1024,146
2024-04-03,SKU-029,957,202
2024-04-10,SKU-029,980,110
2024-04-17,SKU-029,955,155
2024-04-24,SKU-029,986,103
2024-05-01,SKU-029,1011,113
2024-05-08,SKU-029,1034,100
2024-05-15,SKU-029,1008,162
2024-05-22,SKU-029,1006,136
2024-05-29,SKU-029,1053,94
2024-06-05,SKU-029,1054,124
2024-06-12,SKU-029,1027,168
2024-06-19,SKU-029,1036,116
2024-06-26,SKU-029,1019,150
2024-07-03,SKU-029,1042,111
2024-07-10,SKU-029,1092,91
2024-07-17,SKU-029,1077,142
2024-07-24,SKU-029,1132,79
2024-07-31,SKU-029,1118,142
2024-08-07,SKU-029,1142,120
2024-08-14,SKU-029,1160,123
2024-08-21,SKU-029,1118,168
2024-08-28,SKU-029,1171,72
2024-09-04,SKU-029,1176,131
2024-09-11,SKU-029,1185,123
2024-09-18,SKU-029,1113,216
2024-09-25,SKU-029,1096,149
2024-10-02,SKU-029,1112,116
2024-10-09,SKU-029,1150,105
2024-10-16,SKU-029,1172,124
2024-10-23,SKU-029,1176,122
2024-10-30,SKU-029,1230,91
2024-11-06,SKU-029,1268,89
2024-11-13,SKU-029,1266,132
2024-11-20,SKU-029,1309,100
2024-11-27,SKU-029,1285,158
2024-12-04,SKU-029,1296,127
2024-12-11,SKU-029,1310,114
2024-12-18,SKU-029,1293,155
2024-12-25,SKU-029,1300,121
2025-01-01,SKU-029,1325,112
2025-01-08,SKU-029,1311,136
2025-01-15,SKU-029,1321,136
2025-01-22,SKU-029,1294,162
2025-01-29,SKU-029,1266,161
2025-02-05,SKU-029,1252,138
2025-02-12,SKU-029,1244,145
2025-02-19,SKU-029,1248,134
2025-02-26,SKU-029,1231,155
2025-03-05,SKU-029,1248,127
2025-03-12,SKU-029,1268,119
2025-03-19,SKU-029,1278,113
2025-03-26,SKU-029,1311,112
2025-04-02,SKU-029,1329,111
2025-04-09,SKU-029,1335,141
2025-04-16,SKU-029,1281,177
2025-04-23,SKU-029,1330,84
2025-04-30,SKU-029,1366,103
2025-05-07,SKU-029,1365,142
2025-05-14,SKU-029,1384,118
2025-05-21,SKU-029,1368,150
2025-05-28,SKU-029,1388,118
2025-06-04,SKU-029,1400,135
2025-06-11,SKU-029,1333,191
2025-06-18,SKU-029,1337,128
2025-06-25,SKU-029,1340,121
2025-07-02,SKU-029,1327,146
2025-07-09,SKU-029,1313,151
2025-07-16,SKU-029,1337,116
2025-07-23,SKU-029,1342,124
2025-07-30,SKU-029,1321,157
2025-08-06,SKU-029,1338,122
2025-08-13,SKU-029,1338,124
2025-08-20,SKU-029,1325,155
2025-08-27,SKU-029,1342,122
2025-09-03,SKU-029,1355,128
2025-09-10,SKU-029,1366,136
2025-09-17,SKU-029,1383,132
2025-09-24,SKU-029,1423,89
2025-10-01,SKU-029,1430,129
2025-10-08,SKU-029,1414,165
2025-10-15,SKU-029,1375,170
2025-10-22,SKU-029,1346,154
2025-10-29,SKU-029,1401,85
2025-11-05,SKU-029,1407,129
2025-11-12,SKU-029,1434,99
2025-11-19,SKU-029,1481,92
2025-11-26,SKU-029,1424,179
2025-12-03,SKU-029,1392,154
2025-12-10,SKU-029,1396,135
2025-12-17,SKU-029,1365,156
2025-12-24,SKU-029,1394,119
2024-01-03,SKU-030,785,143
2024-01-10,SKU-030,809,109
2024-01-17,SKU-030,815,116
2024-01-24,SKU-030,809,123
2024-01-31,SKU-030,825,118
2024-02-07,SKU-030,833,110
2024-02-14,SKU-030,768,189
2024-02-21,SKU-030,798,110
2024-02-28,SKU-030,757,178
2024-03-06,SKU-030,733,145
2024-03-13,SKU-030,753,107
2024-03-20,SKU-030,791,90
2024-03-27,SKU-030,814,93
2024-04-03,SKU-030,807,126
2024-04-10,SKU-030,792,152
2024-04-17,SKU-030,818,112
2024-04-24,SKU-030,797,148
2024-05-01,SKU-030,776,138
2024-05-08,SKU-030,798,107
2024-05-15,SKU-030,666,132
2024-05-22,SKU-030,654,142
2024-05-29,SKU-030,601,169
2024-06-05,SKU-030,568,163
2024-06-12,SKU-030,557,135
2024-06-19,SKU-030,527,147
2024-06-26,SKU-030,588,58
2024-07-03,SKU-030,427,160
2024-07-10,SKU-030,370,194
2024-07-17,SKU-030,380,120
2024-07-24,SKU-030,330,170
2024-07-31,SKU-030,334,127
2024-08-07,SKU-030,354,115
2024-08-14,SKU-030,308,169
2024-08-21,SKU-030,311,134
2024-08-28,SKU-030,310,118
2024-09-04,SKU-030,294,154
2024-09-11,SKU-030,296,123
2024-09-18,SKU-030,296,137
2024-09-25,SKU-030,273,142
2024-10-02,SKU-030,250,148
2024-10-09,SKU-030,273,93
2024-10-16,SKU-030,285,117
2024-10-23,SKU-030,364,57
2024-10-30,SKU-030,374,129
2024-11-06,SKU-030,329,172
2024-11-13,SKU-030,297,169
2024-11-20,SKU-030,275,145
2024-11-27,SKU-030,314,79
2024-12-04,SKU-030,304,150
2024-12-18,SKU-030,227,164
2024-12-25,SKU-030,223,129
2025-01-01,SKU-030,195,166
2025-01-08,SKU-030,171,142
2025-01-15,SKU-030,195,100
2025-01-22,SKU-030,237,96
2025-01-29,SKU-030,187,173
2025-02-05,SKU-030,146,179
2025-02-12,SKU-030,179,102
2025-02-19,SKU-030,97,198
2025-02-26,SKU-030,87,144
2025-03-05,SKU-030,112,96
2025-03-12,SKU-030,108,127
2025-03-19,SKU-030,104,133
2025-03-26,SKU-030,83,156
2025-04-02,SKU-030,98,105
2025-04-09,SKU-030,99,117
2025-04-16,SKU-030,120,119
2025-04-23,SKU-030,129,120
2025-04-30,SKU-030,132,126
2025-05-07,SKU-030,111,143
2025-05-14,SKU-030,88,162
2025-05-21,SKU-030,79,130
2025-05-28,SKU-030,71,131
2025-06-04,SKU-030,68,141
2025-06-11,SKU-030,85,112
2025-06-18,SKU-030,115,86
2025-06-25,SKU-030,125,115
2025-07-02,SKU-030,127,116
2025-07-09,SKU-030,129,136
2025-07-16,SKU-030,114,146
2025-07-23,SKU-030,0,152
2025-07-30,SKU-030,33,100
2025-08-06,SKU-030,49,108
2025-08-13,SKU-030,48,121
2025-08-20,SKU-030,85,98
2025-08-27,SKU-030,116,108
2025-09-03,SKU-030,74,177
2025-09-10,SKU-030,59,146
2025-09-17,SKU-030,97,80
2025-09-24,SKU-030,104,110
2025-10-01,SKU-030,119,109
2025-10-08,SKU-030,137,114
2025-10-15,SKU-030,139,133
2025-10-22,SKU-030,85,173
2025-10-29,SKU-030,106,117
2025-11-05,SKU-030,115,113
2025-11-12,SKU-030,132,122
2025-11-19,SKU-030,130,126
2025-11-26,SKU-030,98,168
2025-12-10,SKU-030,3,179
2025-12-17,SKU-030,56,76
2025-12-24,SKU-030,17,173
2024-01-03,SKU-031,784,62
2024-01-10,SKU-031,815,65
2024-01-17,SKU-031,775,135
2024-01-24,SKU-031,794,74
2024-01-31,SKU-031,804,95
2024-02-07,SKU-031,781,116
2024-02-14,SKU-031,781,92
2024-02-21,SKU-031,779,104
2024-02-28,SKU-031,772,102
2024-03-06,SKU-031,788,85
2024-03-13,SKU-031,808,77
2024-03-20,SKU-031,806,89
2024-03-27,SKU-031,828,82
2024-04-03,SKU-031,803,122
2024-04-10,SKU-031,820,78
2024-04-17,SKU-031,798,119
2024-04-24,SKU-031,786,114
2024-05-01,SKU-031,770,103
2024-05-08,SKU-031,771,88
2024-05-15,SKU-031,772,100
2024-05-22,SKU-031,732,136
2024-05-29,SKU-031,721,110
2024-06-05,SKU-031,713,96
2024-06-12,SKU-031,699,115
2024-06-19,SKU-031,699,99
2024-06-26,SKU-031,690,95
2024-07-03,SKU-031,722,57
2024-07-10,SKU-031,669,142
2024-07-17,SKU-031,673,93
2024-07-24,SKU-031,673,91
2024-07-31,SKU-031,679,92
2024-08-07,SKU-031,694,89
2024-08-14,SKU-031,690,95
2024-08-21,SKU-031,717,78
2024-08-28,SKU-031,693,117
2024-09-04,SKU-031,687,94
2024-09-11,SKU-031,678,95
2024-09-18,SKU-031,675,91
2024-09-25,SKU-031,672,95
2024-10-02,SKU-031,656,109
2024-10-09,SKU-031,671,82
2024-10-16,SKU-031,668,105
2024-10-23,SKU-031,668,93
2024-10-30,SKU-031,637,134
2024-11-06,SKU-031,631,105
2024-11-13,SKU-031,631,94
2024-11-20,SKU-031,636,87
2024-11-27,SKU-031,655,74
2024-12-04,SKU-031,630,124
2024-12-11,SKU-031,654,72
2024-12-18,SKU-031,656,88
2024-12-25,SKU-031,657,93
2025-01-01,SKU-031,647,99
2025-01-08,SKU-031,628,124
2025-01-15,SKU-031,608,119
2025-01-22,SKU-031,630,67
2025-01-29,SKU-031,618,108
2025-02-05,SKU-031,622,91
2025-02-12,SKU-031,608,119
2025-02-19,SKU-031,606,96
2025-02-26,SKU-031,617,84
2025-03-05,SKU-031,612,106
2025-03-12,SKU-031,581,121
2025-03-19,SKU-031,565,112
2025-03-26,SKU-031,538,124
2025-04-02,SKU-031,554,79
2025-04-09,SKU-031,538,113
2025-04-16,SKU-031,545,90
2025-04-23,SKU-031,573,75
2025-04-30,SKU-031,578,89
2025-05-07,SKU-031,594,81
2025-05-14,SKU-031,581,107
2025-05-21,SKU-031,593,87
2025-05-28,SKU-031,583,99
2025-06-04,SKU-031,565,113
2025-06-11,SKU-031,576,89
2025-06-18,SKU-031,581,100
2025-06-25,SKU-031,586,100
2025-07-02,SKU-031,597,90
2025-07-09,SKU-031,621,79
2025-07-16,SKU-031,603,106
2025-07-23,SKU-031,591,107
2025-07-30,SKU-031,567,111
2025-08-06,SKU-031,551,115
2025-08-13,SKU-031,544,109
2025-08-20,SKU-031,528,108
2025-08-27,SKU-031,525,90
2025-09-03,SKU-031,523,97
2025-09-10,SKU-031,496,123
2025-09-17,SKU-031,553,38
2025-09-24,SKU-031,579,79
2025-10-01,SKU-031,612,69
2025-10-08,SKU-031,635,69
2025-10-22,SKU-031,639,111
2025-10-29,SKU-031,659,77
2025-11-05,SKU-031,664,82
2025-11-12,SKU-031,696,63
2025-11-19,SKU-031,663,138
2025-11-26,SKU-031,658,107
2025-12-03,SKU-031,675,82
2025-12-10,SKU-031,652,118
2025-12-17,SKU-031,651,104
2025-12-24,SKU-031,665,78
2024-01-03,SKU-032,591,72
2024-01-10,SKU-032,613,74
2024-01-17,SKU-032,605,102
2024-01-24,SKU-032,619,85
2024-01-31,SKU-032,666,49
2024-02-07,SKU-032,622,130
2024-02-14,SKU-032,633,86
2024-02-21,SKU-032,636,84
2024-02-28,SKU-032,612,109
2024-03-06,SKU-032,598,115
2024-03-13,SKU-032,600,91
2024-03-20,SKU-032,590,108
2024-03-27,SKU-032,592,88
2024-04-03,SKU-032,511,81
2024-04-10,SKU-032,515,85
2024-04-17,SKU-032,495,114
2024-04-24,SKU-032,482,107
2024-05-01,SKU-032,502,77
2024-05-08,SKU-032,494,92
2024-05-15,SKU-032,499,83
2024-05-22,SKU-032,549,41
2024-05-29,SKU-032,517,123
2024-06-05,SKU-032,503,105
2024-06-12,SKU-032,523,79
2024-06-19,SKU-032,541,77
2024-06-26,SKU-032,548,83
2024-07-03,SKU-032,500,136
2024-07-10,SKU-032,509,83
2024-07-17,SKU-032,482,124
2024-07-24,SKU-032,523,48
2024-07-31,SKU-032,502,110
2024-08-07,SKU-032,499,95
2024-08-14,SKU-032,514,77
2024-08-21,SKU-032,519,84
2024-08-28,SKU-032,563,54
2024-09-04,SKU-032,553,103
2024-09-11,SKU-032,559,82
2024-09-18,SKU-032,572,84
2024-09-25,SKU-032,581,78
2024-10-02,SKU-032,572,103
2024-10-09,SKU-032,542,116
2024-10-16,SKU-032,537,100
2024-10-23,SKU-032,560,74
2024-10-30,SKU-032,562,98
2024-11-06,SKU-032,587,64
2024-11-13,SKU-032,562,107
2024-11-20,SKU-032,561,91
2024-11-27,SKU-032,565,88
2024-12-04,SKU-032,589,71
2024-12-11,SKU-032,578,98
2024-12-18,SKU-032,576,85
2024-12-25,SKU-032,557,113
2025-01-01,SKU-032,569,72
2025-01-08,SKU-032,536,119
2025-01-15,SKU-032,581,48
2025-01-22,SKU-032,588,78
2025-01-29,SKU-032,597,91
2025-02-05,SKU-032,573,113
2025-02-12,SKU-032,579,91
2025-02-19,SKU-032,569,104
2025-02-26,SKU-032,547,107
2025-03-05,SKU-032,526,106
2025-03-12,SKU-032,518,96
2025-03-19,SKU-032,546,67
2025-03-26,SKU-032,483,63
2025-04-02,SKU-032,373,110
2025-04-09,SKU-032,385,89
2025-04-16,SKU-032,381,101
2025-04-23,SKU-032,399,78
2025-04-30,SKU-032,406,80
2025-05-07,SKU-032,412,91
2025-05-14,SKU-032,476,24
2025-05-21,SKU-032,457,119
2025-05-28,SKU-032,450,95
2025-06-04,SKU-032,480,68
2025-06-11,SKU-032,498,82
2025-06-18,SKU-032,506,78
2025-06-25,SKU-032,488,107
2025-07-02,SKU-032,518,62
2025-07-09,SKU-032,497,111
2025-07-16,SKU-032,482,109
2025-07-23,SKU-032,441,126
2025-07-30,SKU-032,439,85
2025-08-06,SKU-032,464,58
2025-08-20,SKU-032,472,92
2025-08-27,SKU-032,509,57
2025-09-03,SKU-032,518,73
2025-09-10,SKU-032,489,112
2025-09-17,SKU-032,477,101
2025-09-24,SKU-032,482,86
2025-10-01,SKU-032,512,53
2025-10-08,SKU-032,486,117
2025-10-15,SKU-032,497,79
2025-10-22,SKU-032,484,108
2025-10-29,SKU-032,509,73
2025-11-05,SKU-032,508,91
2025-11-12,SKU-032,548,55
2025-11-19,SKU-032,559,86
2025-11-26,SKU-032,572,88
2025-12-03,SKU-032,581,79
2025-12-10,SKU-032,568,101
2025-12-17,SKU-032,564,88
2025-12-24,SKU-032,545,108
2024-01-03,SKU-033,842,143
2024-01-10,SKU-033,843,140
2024-01-17,SKU-033,809,168
2024-01-24,SKU-033,787,145
2024-01-31,SKU-033,829,93
2024-02-07,SKU-033,806,151
2024-02-14,SKU-033,845,101
2024-02-21,SKU-033,853,110
2024-02-28,SKU-033,800,170
2024-03-06,SKU-033,831,111
2024-03-13,SKU-033,816,138
2024-03-20,SKU-033,811,138
2024-03-27,SKU-033,794,147
2024-04-03,SKU-033,775,160
2024-04-10,SKU-033,706,186
2024-04-17,SKU-033,742,89
2024-04-24,SKU-033,697,170
2024-05-01,SKU-033,701,131
2024-05-08,SKU-033,701,133
2024-05-15,SKU-033,571,129
2024-05-22,SKU-033,615,86
2024-05-29,SKU-033,643,102
2024-06-05,SKU-033,659,120
2024-06-12,SKU-033,635,146
2024-06-19,SKU-033,606,147
2024-06-26,SKU-033,475,132
2024-07-03,SKU-033,364,111
2024-07-10,SKU-033,231,133
2024-07-17,SKU-033,159,189
2024-07-24,SKU-033,203,96
2024-07-31,SKU-033,188,148
2024-08-07,SKU-033,137,167
2024-08-14,SKU-033,73,197
2024-08-21,SKU-033,66,147
2024-08-28,SKU-033,74,124
2024-09-04,SKU-033,71,141
2024-09-11,SKU-033,44,145
2024-09-18,SKU-033,79,103
2024-09-25,SKU-033,92,119
2024-10-02,SKU-033,78,132
2024-10-09,SKU-033,85,131
2024-10-16,SKU-033,108,113
2024-10-23,SKU-033,76,159
2024-10-30,SKU-033,101,105
2024-11-06,SKU-033,95,131
2024-11-13,SKU-033,141,95
2024-11-20,SKU-033,177,82
2024-11-27,SKU-033,189,112
2024-12-04,SKU-033,190,125
2024-12-11,SKU-033,170,140
2024-12-25,SKU-033,108,144
2025-01-01,SKU-033,122,119
2025-01-08,SKU-033,115,133
2025-01-15,SKU-033,129,106
2025-01-22,SKU-033,101,145
2025-01-29,SKU-033,125,117
2025-02-05,SKU-033,105,154
2025-02-12,SKU-033,109,128
2025-02-19,SKU-033,147,100
2025-02-26,SKU-033,127,149
2025-03-05,SKU-033,124,122
2025-03-12,SKU-033,104,148
2025-03-19,SKU-033,105,122
2025-03-26,SKU-033,98,128
2025-04-02,SKU-033,114,119
2025-04-09,SKU-033,57,189
2025-04-16,SKU-033,69,107
2025-04-23,SKU-033,86,121
2025-04-30,SKU-033,78,139
2025-05-07,SKU-033,0,104
2025-05-14,SKU-033,23,98
2025-05-21,SKU-033,110,56
2025-05-28,SKU-033,115,133
2025-06-04,SKU-033,141,116
2025-06-11,SKU-033,162,109
2025-06-18,SKU-033,130,160
2025-06-25,SKU-033,45,204
2025-07-02,SKU-033,0,203
2025-07-09,SKU-033,5,114
2025-07-16,SKU-033,11,114
2025-07-23,SKU-033,54,95
2025-07-30,SKU-033,47,128
2025-08-06,SKU-033,46,142
2025-08-13,SKU-033,77,87
2025-08-20,SKU-033,80,122
2025-08-27,SKU-033,114,98
2025-09-03,SKU-033,175,79
2025-09-10,SKU-033,139,164
2025-09-17,SKU-033,152,117
2025-09-24,SKU-033,173,100
2025-10-01,SKU-033,191,99
2025-10-08,SKU-033,182,132
2025-10-15,SKU-033,160,149
2025-10-22,SKU-033,154,138
2025-10-29,SKU-033,150,143
2025-11-05,SKU-033,143,129
2025-11-12,SKU-033,145,118
2025-11-19,SKU-033,126,142
2025-11-26,SKU-033,150,97
2025-12-03,SKU-033,169,121
2025-12-10,SKU-033,181,106
2025-12-17,SKU-033,218,91
2025-12-24,SKU-033,214,125
2024-01-03,SKU-034,898,128
2024-01-10,SKU-034,969,74
2024-01-17,SKU-034,982,125
2024-01-24,SKU-034,993,110
2024-01-31,SKU-034,996,120
2024-02-07,SKU-034,958,162
2024-02-14,SKU-034,799,158
2024-02-21,SKU-034,704,95
2024-02-28,SKU-034,707,125
2024-03-06,SKU-034,681,168
2024-03-13,SKU-034,628,190
2024-03-20,SKU-034,610,153
2024-03-27,SKU-034,614,120
2024-04-03,SKU-034,614,122
2024-04-10,SKU-034,615,140
2024-04-17,SKU-034,580,168
2024-04-24,SKU-034,618,108
2024-05-01,SKU-034,611,134
2024-05-08,SKU-034,644,106
2024-05-15,SKU-034,672,110
2024-05-22,SKU-034,662,136
2024-05-29,SKU-034,697,108
2024-06-05,SKU-034,720,111
2024-06-12,SKU-034,699,145
2024-06-19,SKU-034,682,138
2024-06-26,SKU-034,646,168
2024-07-03,SKU-034,624,162
2024-07-10,SKU-034,638,118
2024-07-17,SKU-034,623,156
2024-07-24,SKU-034,644,120
2024-07-31,SKU-034,647,131
2024-08-07,SKU-034,670,97
2024-08-14,SKU-034,659,150
2024-08-21,SKU-034,630,156
2024-08-28,SKU-034,655,111
2024-09-04,SKU-034,682,94
2024-09-11,SKU-034,673,141
2024-09-18,SKU-034,650,165
2024-09-25,SKU-034,595,195
2024-10-02,SKU-034,587,127
2024-10-09,SKU-034,598,132
2024-10-16,SKU-034,562,166
2024-10-23,SKU-034,569,134
2024-10-30,SKU-034,584,114
2024-11-06,SKU-034,622,103
2024-11-13,SKU-034,580,163
2024-11-20,SKU-034,607,116
2024-11-27,SKU-034,569,164
2024-12-04,SKU-034,583,131
2024-12-11,SKU-034,575,142
2024-12-18,SKU-034,554,142
2024-12-25,SKU-034,555,142
2025-01-01,SKU-034,544,149
2025-01-08,SKU-034,574,91
2025-01-15,SKU-034,596,121
2025-01-22,SKU-034,600,118
2025-01-29,SKU-034,594,135
2025-02-05,SKU-034,592,137
2025-02-12,SKU-034,590,137
2025-02-19,SKU-034,629,82
2025-02-26,SKU-034,651,116
2025-03-05,SKU-034,661,116
2025-03-12,SKU-034,705,78
2025-03-19,SKU-034,707,130
2025-03-26,SKU-034,684,168
2025-04-02,SKU-034,564,120
2025-04-09,SKU-034,478,87
2025-04-16,SKU-034,509,93
2025-04-23,SKU-034,539,109
2025-04-30,SKU-034,532,133
2025-05-07,SKU-034,508,161
2025-05-14,SKU-034,496,139
2025-05-21,SKU-034,463,165
2025-05-28,SKU-034,479,117
2025-06-04,SKU-034,492,110
2025-06-11,SKU-034,484,142
2025-06-18,SKU-034,417,194
2025-06-25,SKU-034,432,121
2025-07-02,SKU-034,491,81
2025-07-09,SKU-034,508,127
2025-07-16,SKU-034,521,108
2025-07-23,SKU-034,553,111
2025-07-30,SKU-034,582,102
2025-08-06,SKU-034,588,121
2025-08-13,SKU-034,606,127
2025-08-20,SKU-034,583,145
2025-08-27,SKU-034,587,128
2025-09-03,SKU-034,603,127
2025-09-10,SKU-034,534,202
2025-09-17,SKU-034,540,139
2025-09-24,SKU-034,554,119
2025-10-01,SKU-034,546,131
2025-10-08,SKU-034,532,143
2025-10-15,SKU-034,522,137
2025-10-22,SKU-034,497,146
2025-10-29,SKU-034,486,154
2025-11-05,SKU-034,505,106
2025-11-12,SKU-034,488,147
2025-11-19,SKU-034,497,119
2025-12-03,SKU-034,425,204
2025-12-10,SKU-034,445,115
2025-12-17,SKU-034,409,166
2025-12-24,SKU-034,394,156
2024-01-03,SKU-035,491,124
2024-01-10,SKU-035,471,126
2024-01-17,SKU-035,495,68
2024-01-24,SKU-035,469,119
2024-01-31,SKU-035,475,104
2024-02-07,SKU-035,506,74
2024-02-14,SKU-035,533,80
2024-02-21,SKU-035,439,94
2024-02-28,SKU-035,401,143
2024-03-06,SKU-035,394,102
2024-03-13,SKU-035,292,102
2024-03-20,SKU-035,166,126
2024-03-27,SKU-035,173,85
2024-04-03,SKU-035,178,92
2024-04-10,SKU-035,194,79
2024-04-17,SKU-035,182,113
2024-04-24,SKU-035,189,85
2024-05-01,SKU-035,182,106
2024-05-08,SKU-035,224,59
2024-05-15,SKU-035,244,74
2024-05-22,SKU-035,231,112
2024-05-29,SKU-035,212,119
2024-06-05,SKU-035,214,92
2024-06-12,SKU-035,189,115
2024-06-19,SKU-035,231,63
2024-06-26,SKU-035,252,89
2024-07-03,SKU-035,233,117
2024-07-10,SKU-035,196,133
2024-07-17,SKU-035,201,105
2024-07-24,SKU-035,214,97
2024-07-31,SKU-035,230,86
2024-08-07,SKU-035,246,93
2024-08-14,SKU-035,231,114
2024-08-21,SKU-035,256,79
2024-08-28,SKU-035,247,103
2024-09-04,SKU-035,225,123
2024-09-11,SKU-035,228,94
2024-09-18,SKU-035,236,90
2024-09-25,SKU-035,230,99
2024-10-02,SKU-035,225,97
2024-10-09,SKU-035,249,79
2024-10-16,SKU-035,235,117
2024-10-23,SKU-035,208,122
2024-10-30,SKU-035,221,78
2024-11-06,SKU-035,172,150
2024-11-13,SKU-035,188,83
2024-11-20,SKU-035,198,94
2024-11-27,SKU-035,251,41
2024-12-04,SKU-035,229,120
2024-12-11,SKU-035,251,80
2024-12-18,SKU-035,250,99
2024-12-25,SKU-035,227,117
2025-01-01,SKU-035,216,118
2025-01-08,SKU-035,204,108
2025-01-15,SKU-035,232,70
2025-01-22,SKU-035,212,130
2025-01-29,SKU-035,231,89
2025-02-05,SKU-035,248,83
2025-02-12,SKU-035,143,106
2025-02-19,SKU-035,135,118
2025-02-26,SKU-035,125,118
2025-03-05,SKU-035,119,116
2025-03-12,SKU-035,142,77
2025-03-19,SKU-035,187,63
2025-03-26,SKU-035,90,97
2025-04-02,SKU-035,0,102
2025-04-09,SKU-035,0,96
2025-04-16,SKU-035,0,104
2025-04-23,SKU-035,2,108
2025-04-30,SKU-035,20,73
2025-05-07,SKU-035,33,97
2025-05-14,SKU-035,39,100
2025-05-21,SKU-035,87,61
2025-05-28,SKU-035,93,93
2025-06-04,SKU-035,82,112
2025-06-11,SKU-035,86,89
2025-06-18,SKU-035,64,116
2025-06-25,SKU-035,43,120
2025-07-02,SKU-035,61,89
2025-07-09,SKU-035,44,114
2025-07-16,SKU-035,72,74
2025-07-23,SKU-035,60,108
2025-07-30,SKU-035,61,108
2025-08-06,SKU-035,72,93
2025-08-13,SKU-035,75,106
2025-08-20,SKU-035,77,97
2025-08-27,SKU-035,104,73
2025-09-03,SKU-035,92,117
2025-09-10,SKU-035,81,107
2025-09-17,SKU-035,66,126
2025-09-24,SKU-035,87,71
2025-10-01,SKU-035,100,89
2025-10-08,SKU-035,99,109
2025-10-15,SKU-035,70,132
2025-10-22,SKU-035,87,84
2025-10-29,SKU-035,83,104
2025-11-05,SKU-035,86,100
2025-11-12,SKU-035,69,124
2025-11-19,SKU-035,66,97
2025-11-26,SKU-035,32,142
2025-12-03,SKU-035,37,88
2025-12-10,SKU-035,34,98
2025-12-17,SKU-035,37,106
2025-12-24,SKU-035,39,99
2024-01-03,SKU-036,449,83
2024-01-10,SKU-036,436,99
2024-01-17,SKU-036,452,83
2024-01-24,SKU-036,442,105
2024-01-31,SKU-036,433,109
2024-02-07,SKU-036,473,60
2024-02-14,SKU-036,478,92
2024-02-21,SKU-036,467,108
2024-02-28,SKU-036,457,97
2024-03-06,SKU-036,455,97
2024-03-13,SKU-036,467,79
2024-03-20,SKU-036,471,89
2024-03-27,SKU-036,465,97
2024-04-03,SKU-036,417,135
2024-04-10,SKU-036,405,100
2024-04-17,SKU-036,391,102
2024-04-24,SKU-036,410,82
2024-05-01,SKU-036,399,107
2024-05-08,SKU-036,415,78
2024-05-15,SKU-036,430,80
2024-05-22,SKU-036,427,102
2024-05-29,SKU-036,401,112
2024-06-05,SKU-036,381,120
2024-06-12,SKU-036,399,83
2024-06-19,SKU-036,370,123
2024-06-26,SKU-036,378,83
2024-07-03,SKU-036,382,97
2024-07-10,SKU-036,342,135
2024-07-17,SKU-036,353,88
2024-07-24,SKU-036,314,130
2024-07-31,SKU-036,295,108
2024-08-07,SKU-036,320,75
2024-08-14,SKU-036,327,80
2024-08-21,SKU-036,322,92
2024-08-28,SKU-036,333,75
2024-09-04,SKU-036,326,104
2024-09-11,SKU-036,312,114
2024-09-18,SKU-036,325,85
2024-09-25,SKU-036,321,89
2024-10-02,SKU-036,302,113
2024-10-09,SKU-036,305,82
2024-10-16,SKU-036,298,94
2024-10-23,SKU-036,292,103
2024-10-30,SKU-036,292,98
2024-11-06,SKU-036,273,118
2024-11-20,SKU-036,289,84
2024-11-27,SKU-036,319,61
2024-12-04,SKU-036,317,88
2024-12-11,SKU-036,334,85
2024-12-18,SKU-036,358,67
2024-12-25,SKU-036,326,120
2025-01-01,SKU-036,312,107
2025-01-08,SKU-036,307,100
2025-01-15,SKU-036,306,88
2025-01-22,SKU-036,320,81
2025-01-29,SKU-036,310,95
2025-02-05,SKU-036,284,116
2025-02-12,SKU-036,297,88
2025-02-19,SKU-036,312,80
2025-02-26,SKU-036,289,111
2025-03-05,SKU-036,295,87
2025-03-12,SKU-036,301,92
2025-03-19,SKU-036,306,86
2025-03-26,SKU-036,311,98
2025-04-02,SKU-036,304,94
2025-04-09,SKU-036,292,104
2025-04-16,SKU-036,322,61
2025-04-23,SKU-036,307,101
2025-04-30,SKU-036,319,91
2025-05-07,SKU-036,311,94
2025-05-14,SKU-036,308,102
2025-05-21,SKU-036,324,82
2025-05-28,SKU-036,313,106
2025-06-04,SKU-036,271,129
2025-06-11,SKU-036,280,81
2025-06-18,SKU-036,254,121
2025-06-25,SKU-036,251,96
2025-07-02,SKU-036,255,90
2025-07-09,SKU-036,232,113
2025-07-16,SKU-036,231,87
2025-07-23,SKU-036,189,142
2025-07-30,SKU-036,177,105
2025-08-06,SKU-036,207,67
2025-08-13,SKU-036,221,79
2025-08-20,SKU-036,203,105
2025-08-27,SKU-036,205,91
2025-09-03,SKU-036,226,66
2025-09-10,SKU-036,211,107
2025-09-17,SKU-036,228,79
2025-09-24,SKU-036,215,116
2025-10-01,SKU-036,202,98
2025-10-08,SKU-036,193,112
2025-10-15,SKU-036,227,69
2025-10-22,SKU-036,192,122
2025-10-29,SKU-036,219,73
2025-11-05,SKU-036,244,72
2025-11-12,SKU-036,258,82
2025-11-19,SKU-036,268,79
2025-11-26,SKU-036,261,98
2025-12-03,SKU-036,302,52
2025-12-10,SKU-036,299,98
2025-12-17,SKU-036,318,73
2025-12-24,SKU-036,326,91
2024-01-03,SKU-037,575,71
2024-01-17,SKU-037,537,136
2024-01-24,SKU-037,513,108
2024-01-31,SKU-037,513,87
2024-02-07,SKU-037,522,80
2024-02-14,SKU-037,510,108
2024-02-21,SKU-037,486,122
2024-02-28,SKU-037,492,86
2024-03-06,SKU-037,487,97
2024-03-13,SKU-037,476,101
2024-03-20,SKU-037,496,72
2024-03-27,SKU-037,487,108
2024-04-03,SKU-037,481,99
2024-04-10,SKU-037,447,118
2024-04-17,SKU-037,444,102
2024-04-24,SKU-037,428,103
2024-05-01,SKU-037,427,92
2024-05-08,SKU-037,390,136
2024-05-15,SKU-037,415,71
2024-05-22,SKU-037,431,82
2024-05-29,SKU-037,427,105
2024-06-05,SKU-037,419,97
2024-06-12,SKU-037,391,119
2024-06-19,SKU-037,398,91
2024-06-26,SKU-037,405,87
2024-07-03,SKU-037,395,103
2024-07-10,SKU-037,392,96
2024-07-17,SKU-037,389,87
2024-07-24,SKU-037,380,98
2024-07-31,SKU-037,384,90
2024-08-07,SKU-037,323,151
2024-08-14,SKU-037,324,88
2024-08-21,SKU-037,318,90
2024-08-28,SKU-037,354,58
2024-09-04,SKU-037,359,81
2024-09-11,SKU-037,334,120
2024-09-18,SKU-037,352,79
2024-09-25,SKU-037,352,95
2024-10-02,SKU-037,374,80
2024-10-09,SKU-037,378,88
2024-10-16,SKU-037,375,87
2024-10-23,SKU-037,360,103
2024-10-30,SKU-037,365,81
2024-11-06,SKU-037,378,84
2024-11-13,SKU-037,381,96
2024-11-20,SKU-037,406,69
2024-11-27,SKU-037,387,104
2024-12-04,SKU-037,398,84
2024-12-11,SKU-037,396,94
2024-12-18,SKU-037,394,86
2024-12-25,SKU-037,408,78
2025-01-01,SKU-037,435,67
2025-01-08,SKU-037,410,114
2025-01-15,SKU-037,406,90
2025-01-22,SKU-037,379,115
2025-01-29,SKU-037,401,70
2025-02-05,SKU-037,395,104
2025-02-12,SKU-037,385,105
2025-02-19,SKU-037,402,85
2025-02-26,SKU-037,402,88
2025-03-05,SKU-037,438,59
2025-03-12,SKU-037,421,116
2025-03-19,SKU-037,431,78
2025-03-26,SKU-037,417,102
2025-04-02,SKU-037,406,100
2025-04-09,SKU-037,409,92
2025-04-16,SKU-037,403,107
2025-04-30,SKU-037,391,99
2025-05-07,SKU-037,397,88
2025-05-14,SKU-037,389,102
2025-05-21,SKU-037,381,100
2025-05-28,SKU-037,399,81
2025-06-04,SKU-037,424,67
2025-06-11,SKU-037,414,99
2025-06-18,SKU-037,420,86
2025-06-25,SKU-037,424,84
2025-07-02,SKU-037,411,106
2025-07-09,SKU-037,424,83
2025-07-16,SKU-037,416,104
2025-07-23,SKU-037,403,106
2025-07-30,SKU-037,402,87
2025-08-06,SKU-037,416,79
2025-08-13,SKU-037,433,84
2025-08-20,SKU-037,394,127
2025-08-27,SKU-037,428,62
2025-09-03,SKU-037,436,90
2025-09-10,SKU-037,442,95
2025-09-17,SKU-037,480,59
2025-09-24,SKU-037,469,95
2025-10-01,SKU-037,494,62
2025-10-08,SKU-037,494,98
2025-10-15,SKU-037,498,94
2025-10-22,SKU-037,485,112
2025-10-29,SKU-037,516,60
2025-11-05,SKU-037,525,87
2025-11-12,SKU-037,554,70
2025-11-19,SKU-037,561,81
2025-11-26,SKU-037,564,86
2025-12-03,SKU-037,527,125
2025-12-10,SKU-037,516,99
2025-12-17,SKU-037,511,92
2025-12-24,SKU-037,497,103
2024-01-03,SKU-038,1035,110
2024-01-10,SKU-038,970,197
2024-01-17,SKU-038,955,148
2024-01-24,SKU-038,924,157
2024-01-31,SKU-038,927,146
2024-02-07,SKU-038,960,110
2024-02-14,SKU-038,914,174
2024-02-21,SKU-038,942,118
2024-02-28,SKU-038,1008,85
2024-03-06,SKU-038,980,163
2024-03-13,SKU-038,963,151
2024-03-20,SKU-038,954,136
2024-03-27,SKU-038,953,146
2024-04-03,SKU-038,951,152
2024-04-10,SKU-038,1036,52
2024-04-17,SKU-038,1032,154
2024-04-24,SKU-038,1052,121
2024-05-01,SKU-038,1036,156
2024-05-08,SKU-038,1014,152
2024-05-15,SKU-038,1070,88
2024-05-22,SKU-038,1121,89
2024-05-29,SKU-038,1113,148
2024-06-05,SKU-038,1148,94
2024-06-12,SKU-038,1162,129
2024-06-19,SKU-038,1146,165
2024-06-26,SKU-038,1161,131
2024-07-03,SKU-038,1141,168
2024-07-10,SKU-038,1136,152
2024-07-17,SKU-038,1085,180
2024-07-24,SKU-038,1034,182
2024-07-31,SKU-038,1065,102
2024-08-07,SKU-038,1079,124
2024-08-14,SKU-038,1097,122
2024-08-21,SKU-038,1107,136
2024-08-28,SKU-038,1105,130
2024-09-04,SKU-038,1112,135
2024-09-11,SKU-038,1089,156
2024-09-18,SKU-038,1128,108
2024-09-25,SKU-038,1135,123
2024-10-02,SKU-038,1131,139
2024-10-09,SKU-038,1163,111
2024-10-16,SKU-038,1161,154
2024-10-23,SKU-038,1200,109
2024-10-30,SKU-038,1220,107
2024-11-06,SKU-038,1203,168
2024-11-13,SKU-038,1208,132
2024-11-20,SKU-038,1201,150
2024-11-27,SKU-038,1131,215
2024-12-04,SKU-038,1150,133
2024-12-11,SKU-038,1148,135
2024-12-18,SKU-038,1133,153
2024-12-25,SKU-038,1081,177
2025-01-01,SKU-038,1042,192
2025-01-08,SKU-038,1034,143
2025-01-15,SKU-038,1065,121
2025-01-22,SKU-038,1079,133
2025-01-29,SKU-038,1106,107
2025-02-05,SKU-038,1019,87
2025-02-12,SKU-038,1037,120
2025-02-19,SKU-038,1074,98
2025-02-26,SKU-038,1161,61
2025-03-05,SKU-038,996,165
2025-03-12,SKU-038,888,108
2025-03-19,SKU-038,891,130
2025-03-26,SKU-038,898,120
2025-04-02,SKU-038,909,137
2025-04-09,SKU-038,924,137
2025-04-16,SKU-038,908,151
2025-04-23,SKU-038,893,153
2025-04-30,SKU-038,930,115
2025-05-07,SKU-038,903,160
2025-05-14,SKU-038,905,125
2025-05-21,SKU-038,862,181
2025-05-28,SKU-038,866,130
2025-06-04,SKU-038,901,110
2025-06-11,SKU-038,912,137
2025-06-18,SKU-038,920,136
2025-06-25,SKU-038,935,128
2025-07-02,SKU-038,865,195
2025-07-09,SKU-038,873,124
2025-07-16,SKU-038,894,107
2025-07-23,SKU-038,853,174
2025-07-30,SKU-038,895,104
2025-08-06,SKU-038,898,126
2025-08-13,SKU-038,872,168
2025-08-20,SKU-038,831,178
2025-08-27,SKU-038,853,130
2025-09-03,SKU-038,800,183
2025-09-10,SKU-038,739,191
2025-09-17,SKU-038,712,169
2025-09-24,SKU-038,675,165
2025-10-01,SKU-038,651,160
2025-10-08,SKU-038,610,178
2025-10-15,SKU-038,592,159
2025-10-22,SKU-038,562,157
2025-10-29,SKU-038,533,156
2025-11-05,SKU-038,497,168
2025-11-12,SKU-038,430,196
2025-11-19,SKU-038,421,147
2025-11-26,SKU-038,429,125
2025-12-03,SKU-038,449,123
2025-12-10,SKU-038,439,140
2025-12-17,SKU-038,445,147
2025-12-24,SKU-038,479,92
2024-01-03,SKU-039,1044,142
2024-01-10,SKU-039,1022,170
2024-01-17,SKU-039,1006,164
2024-01-24,SKU-039,1002,175
2024-01-31,SKU-039,981,184
2024-02-07,SKU-039,1007,128
2024-02-14,SKU-039,1014,147
2024-02-21,SKU-039,1002,179
2024-02-28,SKU-039,835,167
2024-03-06,SKU-039,677,158
2024-03-13,SKU-039,720,121
2024-03-20,SKU-039,722,145
2024-03-27,SKU-039,682,182
2024-04-03,SKU-039,720,134
2024-04-10,SKU-039,732,136
2024-04-17,SKU-039,770,122
2024-04-24,SKU-039,617,153
2024-05-01,SKU-039,628,150
2024-05-08,SKU-039,620,152
2024-05-15,SKU-039,645,146
2024-05-22,SKU-039,596,202
2024-05-29,SKU-039,598,146
2024-06-05,SKU-039,602,156
2024-06-12,SKU-039,549,197
2024-06-19,SKU-039,522,186
2024-06-26,SKU-039,531,133
2024-07-03,SKU-039,542,141
2024-07-10,SKU-039,569,133
2024-07-17,SKU-039,557,173
2024-07-24,SKU-039,542,181
2024-07-31,SKU-039,507,177
2024-08-07,SKU-039,566,98
2024-08-14,SKU-039,534,185
2024-08-21,SKU-039,566,139
2024-08-28,SKU-039,557,177
2024-09-04,SKU-039,560,139
2024-09-11,SKU-039,550,157
2024-09-18,SKU-039,561,135
2024-09-25,SKU-039,523,194
2024-10-02,SKU-039,482,185
2024-10-09,SKU-039,476,169
2024-10-16,SKU-039,484,143
2024-10-23,SKU-039,530,126
2024-10-30,SKU-039,559,127
2024-11-06,SKU-039,559,172
2024-11-13,SKU-039,548,166
2024-11-20,SKU-039,583,134
2024-11-27,SKU-039,588,144
2024-12-04,SKU-039,622,123
2024-12-11,SKU-039,643,134
2024-12-18,SKU-039,633,156
2024-12-25,SKU-039,586,212
2025-01-01,SKU-039,599,145
2025-01-08,SKU-039,591,178
2025-01-15,SKU-039,656,96
2025-01-22,SKU-039,600,199
2025-01-29,SKU-039,475,125
2025-02-05,SKU-039,521,100
2025-02-12,SKU-039,518,159
2025-02-19,SKU-039,485,177
2025-02-26,SKU-039,577,78
2025-03-05,SKU-039,564,169
2025-03-12,SKU-039,561,162
2025-03-19,SKU-039,573,143
2025-03-26,SKU-039,603,115
2025-04-02,SKU-039,619,148
2025-04-09,SKU-039,622,145
2025-04-16,SKU-039,460,161
2025-04-23,SKU-039,421,189
2025-04-30,SKU-039,416,172
2025-05-07,SKU-039,470,105
2025-05-14,SKU-039,441,191
2025-05-21,SKU-039,436,153
2025-05-28,SKU-039,462,146
2025-06-04,SKU-039,454,154
2025-06-11,SKU-039,479,145
2025-06-18,SKU-039,517,111
2025-06-25,SKU-039,527,141
2025-07-02,SKU-039,435,242
2025-07-09,SKU-039,427,179
2025-07-16,SKU-039,400,172
2025-07-23,SKU-039,327,217
2025-07-30,SKU-039,305,173
2025-08-06,SKU-039,330,117
2025-08-13,SKU-039,310,176
2025-08-20,SKU-039,312,159
2025-08-27,SKU-039,299,163
2025-09-03,SKU-039,280,161
2025-09-10,SKU-039,277,164
2025-09-17,SKU-039,246,187
2025-09-24,SKU-039,211,205
2025-10-01,SKU-039,184,193
2025-10-08,SKU-039,163,166
2025-10-15,SKU-039,173,158
2025-10-22,SKU-039,234,105
2025-10-29,SKU-039,228,170
2025-11-05,SKU-039,262,124
2025-11-12,SKU-039,229,193
2025-11-19,SKU-039,230,147
2025-11-26,SKU-039,222,173
2025-12-03,SKU-039,167,208
2025-12-10,SKU-039,164,156
2025-12-17,SKU-039,168,166
2025-12-24,SKU-039,199,135
2024-01-03,SKU-040,569,132
2024-01-10,SKU-040,585,96
2024-01-17,SKU-040,568,126
2024-01-24,SKU-040,559,124
2024-01-31,SKU-040,561,111
2024-02-07,SKU-040,565,106
2024-02-14,SKU-040,581,98
2024-02-21,SKU-040,586,107
2024-02-28,SKU-040,567,128
2024-03-06,SKU-040,589,96
2024-03-13,SKU-040,601,115
2024-03-20,SKU-040,617,104
2024-03-27,SKU-040,598,139
2024-04-03,SKU-040,578,136
2024-04-10,SKU-040,571,126
2024-04-17,SKU-040,561,116
2024-04-24,SKU-040,548,135
2024-05-08,SKU-040,589,113
2024-05-15,SKU-040,592,107
2024-05-22,SKU-040,613,93
2024-05-29,SKU-040,639,91
2024-06-05,SKU-040,644,112
2024-06-12,SKU-040,625,135
2024-06-19,SKU-040,633,106
2024-06-26,SKU-040,636,112
2024-07-03,SKU-040,661,95
2024-07-10,SKU-040,651,128
2024-07-17,SKU-040,648,124
2024-07-24,SKU-040,612,141
2024-07-31,SKU-040,620,113
2024-08-07,SKU-040,593,151
2024-08-14,SKU-040,565,133
2024-08-21,SKU-040,538,140
2024-08-28,SKU-040,553,106
2024-09-04,SKU-040,574,100
2024-09-11,SKU-040,581,107
2024-09-18,SKU-040,592,112
2024-09-25,SKU-040,593,121
2024-10-02,SKU-040,577,125
2024-10-09,SKU-040,519,164
2024-10-16,SKU-040,575,70
2024-10-23,SKU-040,550,140
2024-10-30,SKU-040,575,79
2024-11-06,SKU-040,568,120
2024-11-13,SKU-040,596,87
2024-11-20,SKU-040,603,106
2024-11-27,SKU-040,613,111
2024-12-04,SKU-040,620,104
2024-12-11,SKU-040,600,143
2024-12-18,SKU-040,584,134
2024-12-25,SKU-040,588,117
2025-01-01,SKU-040,599,112
2025-01-08,SKU-040,587,118
2025-01-15,SKU-040,547,147
2025-01-22,SKU-040,594,73
2025-01-29,SKU-040,596,106
2025-02-05,SKU-040,611,90
2025-02-12,SKU-040,613,113
2025-02-19,SKU-040,615,121
2025-02-26,SKU-040,623,117
2025-03-05,SKU-040,589,150
2025-03-12,SKU-040,561,136
2025-03-19,SKU-040,513,162
2025-03-26,SKU-040,544,76
2025-04-02,SKU-040,552,106
2025-04-09,SKU-040,527,140
2025-04-16,SKU-040,527,105
2025-04-23,SKU-040,512,129
2025-04-30,SKU-040,535,101
2025-05-07,SKU-040,522,126
2025-05-14,SKU-040,532,101
2025-05-21,SKU-040,531,115
2025-05-28,SKU-040,508,137
2025-06-04,SKU-040,527,97
2025-06-11,SKU-040,555,99
2025-06-18,SKU-040,492,168
2025-06-25,SKU-040,494,111
2025-07-02,SKU-040,442,168
2025-07-09,SKU-040,473,94
2025-07-16,SKU-040,498,99
2025-07-23,SKU-040,486,121
2025-07-30,SKU-040,451,140
2025-08-06,SKU-040,455,113
2025-08-13,SKU-040,454,111
2025-08-20,SKU-040,468,105
2025-08-27,SKU-040,472,115
2025-09-03,SKU-040,436,155
2025-09-10,SKU-040,451,99
2025-09-17,SKU-040,474,91
2025-09-24,SKU-040,489,100
2025-10-01,SKU-040,465,139
2025-10-08,SKU-040,457,123
2025-10-15,SKU-040,499,83
2025-10-22,SKU-040,506,117
2025-10-29,SKU-040,454,173
2025-11-05,SKU-040,466,103
2025-11-12,SKU-040,480,99
2025-11-19,SKU-040,455,139
2025-11-26,SKU-040,460,121
2025-12-03,SKU-040,418,161
2025-12-10,SKU-040,411,134
2025-12-17,SKU-040,408,110
2025-12-24,SKU-040,420,97
2024-01-03,SKU-041,430,104
2024-01-10,SKU-041,425,90
2024-01-17,SKU-041,412,102
2024-01-24,SKU-041,443,62
2024-01-31,SKU-041,452,77
2024-02-07,SKU-041,471,74
2024-02-14,SKU-041,478,76
2024-02-21,SKU-041,449,111
2024-02-28,SKU-041,458,82
2024-03-06,SKU-041,472,71
2024-03-13,SKU-041,502,60
2024-03-20,SKU-041,524,60
2024-03-27,SKU-041,528,82
2024-04-03,SKU-041,528,86
2024-04-10,SKU-041,524,97
2024-04-17,SKU-041,526,88
2024-04-24,SKU-041,558,54
2024-05-01,SKU-041,563,87
2024-05-08,SKU-041,564,90
2024-05-15,SKU-041,564,78
2024-05-22,SKU-041,457,107
2024-05-29,SKU-041,466,68
2024-06-05,SKU-041,449,110
2024-06-12,SKU-041,426,113
2024-06-19,SKU-041,476,44
2024-06-26,SKU-041,504,62
2024-07-03,SKU-041,519,72
2024-07-10,SKU-041,508,102
2024-07-17,SKU-041,528,59
2024-07-24,SKU-041,434,93
2024-07-31,SKU-041,386,128
2024-08-07,SKU-041,383,81
2024-08-14,SKU-041,376,87
2024-08-21,SKU-041,405,60
2024-08-28,SKU-041,402,93
2024-09-04,SKU-041,402,85
2024-09-11,SKU-041,373,112
2024-09-18,SKU-041,401,62
2024-09-25,SKU-041,412,67
2024-10-09,SKU-041,422,84
2024-10-16,SKU-041,446,67
2024-10-23,SKU-041,456,75
2024-10-30,SKU-041,448,89
2024-11-06,SKU-041,464,72
2024-11-13,SKU-041,463,85
2024-11-20,SKU-041,473,77
2024-11-27,SKU-041,454,105
2024-12-04,SKU-041,480,64
2024-12-11,SKU-041,476,83
2024-12-18,SKU-041,467,101
2024-12-25,SKU-041,489,71
2025-01-01,SKU-041,514,60
2025-01-08,SKU-041,502,96
2025-01-15,SKU-041,526,65
2025-01-22,SKU-041,510,105
2025-01-29,SKU-041,508,87
2025-02-05,SKU-041,514,77
2025-02-12,SKU-041,506,98
2025-02-19,SKU-041,507,83
2025-02-26,SKU-041,515,70
2025-03-05,SKU-041,511,91
2025-03-12,SKU-041,524,80
2025-03-19,SKU-041,519,97
2025-03-26,SKU-041,594,18
2025-04-02,SKU-041,616,61
2025-04-09,SKU-041,628,80
2025-04-16,SKU-041,629,88
2025-04-23,SKU-041,623,88
2025-04-30,SKU-041,649,56
2025-05-07,SKU-041,675,64
2025-05-14,SKU-041,696,58
2025-05-21,SKU-041,597,99
2025-06-04,SKU-041,605,75
2025-06-11,SKU-041,612,84
2025-06-18,SKU-041,631,65
2025-06-25,SKU-041,607,106
2025-07-02,SKU-041,602,96
2025-07-09,SKU-041,598,92
2025-07-16,SKU-041,608,68
2025-07-23,SKU-041,512,96
2025-07-30,SKU-041,500,98
2025-08-06,SKU-041,505,77
2025-08-13,SKU-041,509,85
2025-08-20,SKU-041,516,79
2025-08-27,SKU-041,496,101
2025-09-03,SKU-041,505,76
2025-09-10,SKU-041,519,67
2025-09-17,SKU-041,526,76
2025-09-24,SKU-041,540,72
2025-10-01,SKU-041,533,88
2025-10-08,SKU-041,512,112
2025-10-15,SKU-041,529,65
2025-10-22,SKU-041,552,66
2025-10-29,SKU-041,568,75
2025-11-05,SKU-041,577,72
2025-11-12,SKU-041,569,94
2025-11-19,SKU-041,585,77
2025-12-03,SKU-041,585,75
2025-12-10,SKU-041,577,89
2025-12-17,SKU-041,601,65
2025-12-24,SKU-041,593,99
2024-01-03,SKU-042,658,106
2024-01-10,SKU-042,715,52
2024-01-24,SKU-042,715,107
2024-01-31,SKU-042,716,100
2024-02-07,SKU-042,721,101
2024-02-14,SKU-042,739,94
2024-02-21,SKU-042,745,95
2024-02-28,SKU-042,762,95
2024-03-06,SKU-042,734,123
2024-03-13,SKU-042,707,122
2024-03-20,SKU-042,721,90
2024-03-27,SKU-042,713,109
2024-04-03,SKU-042,691,127
2024-04-10,SKU-042,694,103
2024-04-17,SKU-042,704,89
2024-04-24,SKU-042,671,137
2024-05-01,SKU-042,662,111
2024-05-08,SKU-042,633,134
2024-05-15,SKU-042,626,121
2024-05-22,SKU-042,637,99
2024-05-29,SKU-042,623,123
2024-06-05,SKU-042,629,91
2024-06-12,SKU-042,632,105
2024-06-19,SKU-042,632,99
2024-06-26,SKU-042,678,58
2024-07-03,SKU-042,680,108
2024-07-10,SKU-042,700,94
2024-07-17,SKU-042,716,90
2024-07-24,SKU-042,707,112
2024-07-31,SKU-042,666,137
2024-08-07,SKU-042,670,102
2024-08-14,SKU-042,703,69
2024-08-21,SKU-042,765,53
2024-08-28,SKU-042,736,129
2024-09-04,SKU-042,750,83
2024-09-11,SKU-042,741,116
2024-09-18,SKU-042,737,99
2024-09-25,SKU-042,740,109
2024-10-02,SKU-042,760,91
2024-10-09,SKU-042,774,90
2024-10-16,SKU-042,763,107
2024-10-23,SKU-042,762,103
2024-10-30,SKU-042,757,111
2024-11-06,SKU-042,777,86
2024-11-13,SKU-042,759,131
2024-11-20,SKU-042,734,135
2024-11-27,SKU-042,760,80
2024-12-04,SKU-042,752,118
2024-12-11,SKU-042,756,100
2024-12-18,SKU-042,767,92
2024-12-25,SKU-042,783,96
2025-01-01,SKU-042,798,86
2025-01-08,SKU-042,809,100
2025-01-15,SKU-042,769,139
2025-01-22,SKU-042,781,90
2025-01-29,SKU-042,761,125
2025-02-05,SKU-042,743,128
2025-02-12,SKU-042,763,87
2025-02-19,SKU-042,779,96
2025-02-26,SKU-042,763,125
2025-03-05,SKU-042,750,122
2025-03-12,SKU-042,764,92
2025-03-19,SKU-042,754,107
2025-03-26,SKU-042,750,109
2025-04-02,SKU-042,771,85
2025-04-09,SKU-042,793,73
2025-04-16,SKU-042,759,141
2025-04-23,SKU-042,789,82
2025-04-30,SKU-042,782,104
2025-05-07,SKU-042,773,122
2025-05-14,SKU-042,758,113
2025-05-21,SKU-042,759,108
2025-05-28,SKU-042,738,134
2025-06-04,SKU-042,730,114
2025-06-11,SKU-042,749,83
2025-06-18,SKU-042,722,122
2025-06-25,SKU-042,734,90
2025-07-02,SKU-042,730,116
2025-07-09,SKU-042,700,130
2025-07-16,SKU-042,669,127
2025-07-23,SKU-042,673,93
2025-07-30,SKU-042,699,72
2025-08-06,SKU-042,678,120
2025-08-13,SKU-042,651,129
2025-08-20,SKU-042,589,160
2025-08-27,SKU-042,596,100
2025-09-03,SKU-042,600,98
2025-09-10,SKU-042,600,100
2025-09-17,SKU-042,607,95
2025-09-24,SKU-042,591,127
2025-10-01,SKU-042,575,112
2025-10-08,SKU-042,579,95
2025-10-15,SKU-042,550,133
2025-10-22,SKU-042,510,149
2025-10-29,SKU-042,511,101
2025-11-05,SKU-042,475,133
2025-11-12,SKU-042,464,113
2025-11-19,SKU-042,511,57
2025-11-26,SKU-042,516,98
2025-12-03,SKU-042,469,146
2025-12-10,SKU-042,473,110
2025-12-17,SKU-042,477,104
2025-12-24,SKU-042,503,85
2024-01-03,SKU-043,847,104
2024-01-10,SKU-043,834,129
2024-01-17,SKU-043,846,112
2024-01-24,SKU-043,883,71
2024-01-31,SKU-043,890,104
2024-02-07,SKU-043,905,112
2024-02-14,SKU-043,953,80
2024-02-21,SKU-043,993,79
2024-02-28,SKU-043,1008,113
2024-03-06,SKU-043,998,129
2024-03-13,SKU-043,1001,118
2024-03-20,SKU-043,996,132
2024-03-27,SKU-043,976,131
2024-04-03,SKU-043,972,115
2024-04-10,SKU-043,999,98
2024-04-17,SKU-043,1035,74
2024-04-24,SKU-043,1073,86
2024-05-01,SKU-043,1050,134
2024-05-08,SKU-043,1073,84
2024-05-15,SKU-043,1067,113
2024-05-22,SKU-043,1068,121
2024-05-29,SKU-043,1078,119
2024-06-05,SKU-043,1062,141
2024-06-12,SKU-043,960,102
2024-06-19,SKU-043,925,145
2024-06-26,SKU-043,929,113
2024-07-03,SKU-043,997,59
2024-07-10,SKU-043,965,152
2024-07-17,SKU-043,1000,93
2024-07-24,SKU-043,963,158
2024-07-31,SKU-043,951,125
2024-08-07,SKU-043,949,112
2024-08-14,SKU-043,947,130
2024-08-21,SKU-043,971,84
2024-08-28,SKU-043,964,134
2024-09-04,SKU-043,981,102
2024-09-11,SKU-043,1008,91
2024-09-18,SKU-043,963,166
2024-09-25,SKU-043,928,142
2024-10-02,SKU-043,945,109
2024-10-09,SKU-043,942,123
2024-10-16,SKU-043,942,124
2024-10-23,SKU-043,936,122
2024-10-30,SKU-043,926,118
2024-11-06,SKU-043,893,152
2024-11-13,SKU-043,890,117
2024-11-20,SKU-043,905,109
2024-11-27,SKU-043,896,132
2024-12-04,SKU-043,952,72
2024-12-11,SKU-043,1009,53
2024-12-18,SKU-043,986,129
2024-12-25,SKU-043,996,112
2025-01-01,SKU-043,971,146
2025-01-08,SKU-043,979,101
2025-01-15,SKU-043,999,104
2025-01-22,SKU-043,980,139
2025-01-29,SKU-043,1017,91
2025-02-05,SKU-043,1024,120
2025-02-12,SKU-043,1018,112
2025-02-19,SKU-043,998,136
2025-02-26,SKU-043,998,106
2025-03-05,SKU-043,971,155
2025-03-12,SKU-043,1005,86
2025-03-19,SKU-043,978,135
2025-03-26,SKU-043,947,140
2025-04-02,SKU-043,958,99
2025-04-09,SKU-043,995,85
2025-04-16,SKU-043,987,116
2025-04-23,SKU-043,1008,98
2025-04-30,SKU-043,1020,111
2025-05-07,SKU-043,1008,120
2025-05-14,SKU-043,995,138
2025-05-21,SKU-043,866,129
2025-05-28,SKU-043,881,108
2025-06-04,SKU-043,854,139
2025-06-11,SKU-043,848,130
2025-06-18,SKU-043,907,62
2025-06-25,SKU-043,908,118
2025-07-02,SKU-043,900,129
2025-07-09,SKU-043,916,105
2025-07-16,SKU-043,824,92
2025-07-23,SKU-043,751,73
2025-07-30,SKU-043,708,163
2025-08-06,SKU-043,722,110
2025-08-13,SKU-043,710,127
2025-08-20,SKU-043,707,111
2025-08-27,SKU-043,733,92
2025-09-03,SKU-043,721,118
2025-09-10,SKU-043,725,118
2025-09-17,SKU-043,713,119
2025-09-24,SKU-043,708,131
2025-10-01,SKU-043,727,96
2025-10-08,SKU-043,724,115
2025-10-15,SKU-043,695,154
2025-10-22,SKU-043,686,120
2025-10-29,SKU-043,651,156
2025-11-05,SKU-043,655,123
2025-11-12,SKU-043,664,118
2025-11-26,SKU-043,634,116
2025-12-03,SKU-043,625,115
2025-12-10,SKU-043,618,134
2025-12-17,SKU-043,641,92
2025-12-24,SKU-043,658,107
2024-01-03,SKU-044,593,148
2024-01-10,SKU-044,621,134
2024-01-17,SKU-044,596,183
2024-01-24,SKU-044,598,138
2024-01-31,SKU-044,611,127
2024-02-07,SKU-044,544,215
2024-02-14,SKU-044,618,91
2024-02-21,SKU-044,629,156
2024-02-28,SKU-044,662,119
2024-03-06,SKU-044,653,158
2024-03-13,SKU-044,639,173
2024-03-20,SKU-044,628,167
2024-03-27,SKU-044,567,209
2024-04-10,SKU-044,579,155
2024-04-17,SKU-044,558,178
2024-04-24,SKU-044,536,181
2024-05-01,SKU-044,541,158
2024-05-08,SKU-044,520,187
2024-05-15,SKU-044,533,145
2024-05-22,SKU-044,559,137
2024-05-29,SKU-044,598,113
2024-06-05,SKU-044,534,213
2024-06-12,SKU-044,551,140
2024-06-19,SKU-044,510,181
2024-06-26,SKU-044,571,102
2024-07-03,SKU-044,577,152
2024-07-10,SKU-044,612,112
2024-07-17,SKU-044,591,172
2024-07-24,SKU-044,531,206
2024-07-31,SKU-044,607,87
2024-08-07,SKU-044,504,244
2024-08-14,SKU-044,477,194
2024-08-21,SKU-044,463,176
2024-08-28,SKU-044,451,160
2024-09-04,SKU-044,454,141
2024-09-11,SKU-044,507,95
2024-09-18,SKU-044,473,183
2024-09-25,SKU-044,500,123
2024-10-02,SKU-044,477,183
2024-10-09,SKU-044,508,110
2024-10-16,SKU-044,498,164
2024-10-23,SKU-044,463,187
2024-10-30,SKU-044,490,118
2024-11-06,SKU-044,471,163
2024-11-13,SKU-044,430,208
2024-11-20,SKU-044,457,132
2024-11-27,SKU-044,484,133
2024-12-04,SKU-044,506,146
2024-12-11,SKU-044,512,151
2024-12-18,SKU-044,490,190
2024-12-25,SKU-044,475,173
2025-01-01,SKU-044,478,149
2025-01-08,SKU-044,503,138
2025-01-15,SKU-044,465,177
2025-01-22,SKU-044,516,94
2025-01-29,SKU-044,496,167
2025-02-05,SKU-044,494,159
2025-02-12,SKU-044,476,164
2025-02-19,SKU-044,493,131
2025-02-26,SKU-044,549,106
2025-03-05,SKU-044,571,123
2025-03-12,SKU-044,521,194
2025-03-19,SKU-044,502,160
2025-03-26,SKU-044,476,166
2025-04-02,SKU-044,443,174
2025-04-09,SKU-044,497,94
2025-04-16,SKU-044,510,149
2025-04-23,SKU-044,426,224
2025-04-30,SKU-044,414,152
2025-05-07,SKU-044,369,210
2025-05-14,SKU-044,351,180
2025-05-21,SKU-044,284,215
2025-05-28,SKU-044,290,134
2025-06-04,SKU-044,337,117
2025-06-11,SKU-044,411,93
2025-06-18,SKU-044,363,187
2025-06-25,SKU-044,400,126
2025-07-02,SKU-044,356,186
2025-07-09,SKU-044,372,151
2025-07-16,SKU-044,345,175
2025-07-23,SKU-044,422,82
2025-07-30,SKU-044,477,113
2025-08-06,SKU-044,491,154
2025-08-13,SKU-044,535,122
2025-08-20,SKU-044,569,107
2025-08-27,SKU-044,603,109
2025-09-03,SKU-044,650,120
2025-09-10,SKU-044,648,165
2025-09-17,SKU-044,647,152
2025-09-24,SKU-044,582,222
2025-10-01,SKU-044,592,159
2025-10-08,SKU-044,588,148
2025-10-15,SKU-044,574,169
2025-10-22,SKU-044,633,104
2025-10-29,SKU-044,691,105
2025-11-05,SKU-044,738,118
2025-11-12,SKU-044,771,132
2025-11-19,SKU-044,781,135
2025-11-26,SKU-044,806,117
2025-12-03,SKU-044,858,101
2025-12-10,SKU-044,824,193
2025-12-17,SKU-044,827,158
2025-12-24,SKU-044,810,171
2024-01-03,SKU-045,813,167
2024-01-10,SKU-045,829,128
2024-01-17,SKU-045,807,170
2024-01-24,SKU-045,820,136
2024-01-31,SKU-045,818,155
2024-02-07,SKU-045,809,158
2024-02-14,SKU-045,793,153
2024-02-21,SKU-045,843,87
2024-02-28,SKU-045,825,155
2024-03-06,SKU-045,846,122
2024-03-13,SKU-045,850,137
2024-03-20,SKU-045,835,153
2024-03-27,SKU-045,840,127
2024-04-03,SKU-045,841,151
2024-04-10,SKU-045,848,131
2024-04-17,SKU-045,812,167
2024-04-24,SKU-045,786,171
2024-05-01,SKU-045,767,162
2024-05-08,SKU-045,769,139
2024-05-15,SKU-045,752,161
2024-05-22,SKU-045,805,85
2024-05-29,SKU-045,786,157
2024-06-05,SKU-045,770,149
2024-06-12,SKU-045,782,145
2024-06-19,SKU-045,761,167
2024-06-26,SKU-045,754,139
2024-07-03,SKU-045,769,123
2024-07-10,SKU-045,746,164
2024-07-17,SKU-045,755,138
2024-07-24,SKU-045,778,117
2024-07-31,SKU-045,772,158
2024-08-07,SKU-045,758,167
2024-08-14,SKU-045,736,176
2024-08-21,SKU-045,652,220
2024-08-28,SKU-045,666,141
2024-09-04,SKU-045,690,127
2024-09-11,SKU-045,707,130
2024-09-18,SKU-045,694,150
2024-09-25,SKU-045,684,151
2024-10-02,SKU-045,749,94
2024-10-09,SKU-045,805,102
2024-10-16,SKU-045,869,91
2024-10-23,SKU-045,869,159
2024-10-30,SKU-045,891,136
2024-11-06,SKU-045,908,138
2024-11-13,SKU-045,877,168
2024-11-20,SKU-045,864,150
2024-11-27,SKU-045,889,123
2024-12-04,SKU-045,885,150
2024-12-11,SKU-045,901,128
2024-12-18,SKU-045,898,136
2024-12-25,SKU-045,930,124
2025-01-01,SKU-045,893,179
2025-01-08,SKU-045,968,84
2025-01-15,SKU-045,989,134
2025-01-22,SKU-045,977,143
2025-01-29,SKU-045,964,147
2025-02-05,SKU-045,991,125
2025-02-12,SKU-045,977,160
2025-02-19,SKU-045,1008,119
2025-02-26,SKU-045,1012,136
2025-03-05,SKU-045,991,174
2025-03-12,SKU-045,1020,123
2025-03-19,SKU-045,1030,141
2025-03-26,SKU-045,994,183
2025-04-02,SKU-045,984,141
2025-04-09,SKU-045,985,134
2025-04-16,SKU-045,1009,135
2025-04-23,SKU-045,996,166
2025-04-30,SKU-045,1068,85
2025-05-07,SKU-045,1049,166
2025-05-14,SKU-045,1078,113
2025-05-21,SKU-045,1074,136
2025-05-28,SKU-045,1072,144
2025-06-04,SKU-045,1047,169
2025-06-11,SKU-045,987,210
2025-06-18,SKU-045,1056,70
2025-06-25,SKU-045,1011,181
2025-07-02,SKU-045,958,207
2025-07-09,SKU-045,957,149
2025-07-16,SKU-045,880,208
2025-07-23,SKU-045,813,203
2025-07-30,SKU-045,782,167
2025-08-06,SKU-045,712,209
2025-08-13,SKU-045,657,200
2025-08-20,SKU-045,617,184
2025-08-27,SKU-045,665,108
2025-09-03,SKU-045,644,163
2025-09-10,SKU-045,667,136
2025-09-17,SKU-045,644,175
2025-09-24,SKU-045,650,136
2025-10-01,SKU-045,657,150
2025-10-08,SKU-045,655,141
2025-10-15,SKU-045,653,156
2025-10-22,SKU-045,652,151
2025-10-29,SKU-045,644,147
2025-11-05,SKU-045,672,108
2025-11-12,SKU-045,636,187
2025-11-19,SKU-045,679,117
2025-11-26,SKU-045,648,174
2025-12-03,SKU-045,758,45
2025-12-10,SKU-045,781,117
2025-12-17,SKU-045,768,157
2025-12-24,SKU-045,779,138
2024-01-03,SKU-046,875,96
2024-01-10,SKU-046,857,163
2024-01-17,SKU-046,877,112
2024-01-24,SKU-046,890,120
2024-01-31,SKU-046,922,100
2024-02-14,SKU-046,960,129
2024-02-21,SKU-046,940,142
2024-02-28,SKU-046,926,159
2024-03-06,SKU-046,939,112
2024-03-13,SKU-046,917,162
2024-03-20,SKU-046,909,131
2024-03-27,SKU-046,916,135
2024-04-03,SKU-046,928,134
2024-04-10,SKU-046,957,114
2024-04-17,SKU-046,930,151
2024-04-24,SKU-046,919,143
2024-05-01,SKU-046,910,151
2024-05-08,SKU-046,889,153
2024-05-15,SKU-046,916,99
2024-05-22,SKU-046,931,112
2024-05-29,SKU-046,932,122
2024-06-05,SKU-046,908,164
2024-06-12,SKU-046,929,112
2024-06-19,SKU-046,908,152
2024-06-26,SKU-046,896,134
2024-07-03,SKU-046,898,126
2024-07-10,SKU-046,945,94
2024-07-17,SKU-046,954,125
2024-07-24,SKU-046,967,121
2024-07-31,SKU-046,941,150
2024-08-07,SKU-046,962,112
2024-08-14,SKU-046,976,120
2024-08-21,SKU-046,972,133
2024-08-28,SKU-046,1002,96
2024-09-04,SKU-046,993,135
2024-09-11,SKU-046,997,121
2024-09-18,SKU-046,1012,127
2024-09-25,SKU-046,1039,98
2024-10-02,SKU-046,1037,136
2024-10-09,SKU-046,1049,114
2024-10-16,SKU-046,1083,107
2024-10-23,SKU-046,1032,185
2024-10-30,SKU-046,1017,138
2024-11-06,SKU-046,1049,106
2024-11-13,SKU-046,1060,124
2024-11-20,SKU-046,1047,153
2024-11-27,SKU-046,1034,154
2024-12-04,SKU-046,1007,160
2024-12-11,SKU-046,1027,118
2024-12-18,SKU-046,959,195
2024-12-25,SKU-046,925,163
2025-01-01,SKU-046,927,144
2025-01-08,SKU-046,879,170
2025-01-15,SKU-046,888,134
2025-01-22,SKU-046,913,123
2025-01-29,SKU-046,906,130
2025-02-05,SKU-046,799,107
2025-02-12,SKU-046,795,148
2025-02-19,SKU-046,761,157
2025-02-26,SKU-046,771,125
2025-03-05,SKU-046,768,147
2025-03-12,SKU-046,737,169
2025-03-19,SKU-046,588,149
2025-03-26,SKU-046,594,140
2025-04-02,SKU-046,596,130
2025-04-09,SKU-046,588,132
2025-04-16,SKU-046,600,119
2025-04-23,SKU-046,622,100
2025-04-30,SKU-046,582,167
2025-05-07,SKU-046,594,127
2025-05-14,SKU-046,577,147
2025-05-21,SKU-046,545,164
2025-05-28,SKU-046,565,122
2025-06-04,SKU-046,566,133
2025-06-11,SKU-046,574,141
2025-06-18,SKU-046,606,114
2025-06-25,SKU-046,606,137
2025-07-02,SKU-046,620,115
2025-07-09,SKU-046,573,170
2025-07-16,SKU-046,550,156
2025-07-23,SKU-046,558,138
2025-07-30,SKU-046,559,141
2025-08-06,SKU-046,560,142
2025-08-13,SKU-046,549,150
2025-08-20,SKU-046,536,162
2025-08-27,SKU-046,526,132
2025-09-03,SKU-046,532,139
2025-09-10,SKU-046,545,121
2025-09-17,SKU-046,551,129
2025-09-24,SKU-046,533,158
2025-10-01,SKU-046,536,119
2025-10-08,SKU-046,465,194
2025-10-15,SKU-046,447,145
2025-10-22,SKU-046,423,157
2025-10-29,SKU-046,438,112
2025-11-05,SKU-046,443,120
2025-11-12,SKU-046,451,118
2025-11-19,SKU-046,421,162
2025-11-26,SKU-046,433,126
2025-12-03,SKU-046,407,175
2025-12-10,SKU-046,424,116
2025-12-24,SKU-046,467,140
2024-01-03,SKU-047,610,69
2024-01-10,SKU-047,574,115
2024-01-17,SKU-047,550,118
2024-01-24,SKU-047,554,80
2024-01-31,SKU-047,551,87
2024-02-07,SKU-047,605,36
2024-02-14,SKU-047,592,96
2024-02-21,SKU-047,596,86
2024-02-28,SKU-047,584,98
2024-03-06,SKU-047,577,91
2024-03-13,SKU-047,580,84
2024-03-20,SKU-047,588,70
2024-03-27,SKU-047,571,99
2024-04-03,SKU-047,564,97
2024-04-10,SKU-047,561,84
2024-04-17,SKU-047,571,73
2024-04-24,SKU-047,584,81
2024-05-01,SKU-047,583,96
2024-05-08,SKU-047,579,86
2024-05-15,SKU-047,569,95
2024-05-22,SKU-047,561,99
2024-05-29,SKU-047,538,106
2024-06-05,SKU-047,553,69
2024-06-12,SKU-047,535,105
2024-06-19,SKU-047,531,94
2024-06-26,SKU-047,520,91
2024-07-03,SKU-047,545,71
2024-07-10,SKU-047,553,78
2024-07-17,SKU-047,568,67
2024-07-24,SKU-047,548,111
2024-07-31,SKU-047,537,103
2024-08-07,SKU-047,537,94
2024-08-14,SKU-047,526,103
2024-08-21,SKU-047,553,66
2024-08-28,SKU-047,576,69
2024-09-04,SKU-047,591,80
2024-09-11,SKU-047,563,119
2024-09-18,SKU-047,576,70
2024-09-25,SKU-047,534,129
2024-10-02,SKU-047,558,65
2024-10-09,SKU-047,552,86
2024-10-16,SKU-047,530,103
2024-10-23,SKU-047,530,82
2024-10-30,SKU-047,513,96
2024-11-06,SKU-047,497,104
2024-11-13,SKU-047,563,28
2024-11-20,SKU-047,558,101
2024-11-27,SKU-047,574,79
2024-12-04,SKU-047,554,105
2024-12-11,SKU-047,586,57
2024-12-18,SKU-047,589,83
2024-12-25,SKU-047,592,77
2025-01-01,SKU-047,584,102
2025-01-08,SKU-047,571,96
2025-01-15,SKU-047,554,103
2025-01-22,SKU-047,561,76
2025-01-29,SKU-047,544,111
2025-02-05,SKU-047,554,77
2025-02-12,SKU-047,528,117
2025-02-19,SKU-047,533,86
2025-02-26,SKU-047,528,96
2025-03-05,SKU-047,505,107
2025-03-12,SKU-047,485,99
2025-03-19,SKU-047,507,71
2025-03-26,SKU-047,539,58
2025-04-02,SKU-047,590,39
2025-04-09,SKU-047,560,114
2025-04-16,SKU-047,550,93
2025-04-23,SKU-047,549,91
2025-04-30,SKU-047,558,86
2025-05-07,SKU-047,587,65
2025-05-14,SKU-047,588,90
2025-05-21,SKU-047,575,107
2025-05-28,SKU-047,569,91
2025-06-04,SKU-047,566,91
2025-06-11,SKU-047,539,109
2025-06-18,SKU-047,515,110
2025-06-25,SKU-047,536,72
2025-07-02,SKU-047,533,98
2025-07-09,SKU-047,536,88
2025-07-16,SKU-047,552,69
2025-07-23,SKU-047,559,77
2025-07-30,SKU-047,557,93
2025-08-06,SKU-047,545,92
2025-08-13,SKU-047,528,107
2025-08-20,SKU-047,531,79
2025-08-27,SKU-047,522,101
2025-09-03,SKU-047,516,101
2025-09-10,SKU-047,514,88
2025-09-17,SKU-047,482,125
2025-09-24,SKU-047,478,82
2025-10-01,SKU-047,482,76
2025-10-08,SKU-047,509,64
2025-10-15,SKU-047,479,122
2025-10-22,SKU-047,457,104
2025-10-29,SKU-047,422,120
2025-11-05,SKU-047,431,73
2025-11-12,SKU-047,444,82
2025-11-19,SKU-047,439,91
2025-11-26,SKU-047,458,75
2025-12-03,SKU-047,462,78
2025-12-10,SKU-047,486,68
2025-12-17,SKU-047,501,68
2025-12-24,SKU-047,519,73
2024-01-03,SKU-048,373,86
2024-01-10,SKU-048,352,105
2024-01-17,SKU-048,366,75
2024-01-24,SKU-048,364,95
2024-01-31,SKU-048,343,103
2024-02-07,SKU-048,326,97
2024-02-14,SKU-048,234,92
2024-02-21,SKU-048,159,75
2024-02-28,SKU-048,154,95
2024-03-06,SKU-048,135,109
2024-03-13,SKU-048,85,130
2024-03-20,SKU-048,86,90
2024-03-27,SKU-048,97,87
2024-04-03,SKU-048,0,111
2024-04-10,SKU-048,0,121
2024-04-17,SKU-048,0,97
2024-04-24,SKU-048,0,99
2024-05-01,SKU-048,0,103
2024-05-08,SKU-048,4,91
2024-05-15,SKU-048,4,97
2024-05-22,SKU-048,0,103
2024-05-29,SKU-048,0,90
2024-06-05,SKU-048,0,113
2024-06-12,SKU-048,0,124
2024-06-19,SKU-048,25,69
2024-06-26,SKU-048,36,85
2024-07-03,SKU-048,11,107
2024-07-10,SKU-048,17,85
2024-07-17,SKU-048,22,87
2024-07-24,SKU-048,29,88
2024-07-31,SKU-048,48,68
2024-08-07,SKU-048,44,95
2024-08-14,SKU-048,29,103
2024-08-21,SKU-048,43,70
2024-08-28,SKU-048,36,104
2024-09-04,SKU-048,48,85
2024-09-11,SKU-048,25,104
2024-09-18,SKU-048,35,84
2024-09-25,SKU-048,45,76
2024-10-02,SKU-048,45,87
2024-10-09,SKU-048,38,98
2024-10-16,SKU-048,37,82
2024-10-23,SKU-048,42,92
2024-10-30,SKU-048,26,114
2024-11-06,SKU-048,68,54
2024-11-13,SKU-048,46,118
2024-11-20,SKU-048,40,90
2024-11-27,SKU-048,35,88
2024-12-04,SKU-048,39,86
2024-12-11,SKU-048,37,92
2024-12-18,SKU-048,40,79
2024-12-25,SKU-048,46,89
2025-01-01,SKU-048,31,100
2025-01-08,SKU-048,9,115
2025-01-15,SKU-048,29,63
2025-01-22,SKU-048,50,68
2025-01-29,SKU-048,20,112
2025-02-05,SKU-048,23,89
2025-02-12,SKU-048,22,95
2025-02-19,SKU-048,15,99
2025-02-26,SKU-048,29,68
2025-03-05,SKU-048,50,67
2025-03-12,SKU-048,86,60
2025-03-19,SKU-048,83,100
2025-03-26,SKU-048,73,104
2025-04-02,SKU-048,0,100
2025-04-09,SKU-048,0,79
2025-04-16,SKU-048,0,148
2025-04-23,SKU-048,13,83
2025-04-30,SKU-048,11,91
2025-05-07,SKU-048,18,87
2025-05-14,SKU-048,13,86
2025-05-21,SKU-048,0,110
2025-05-28,SKU-048,28,66
2025-06-04,SKU-048,29,89
2025-06-11,SKU-048,38,82
2025-06-18,SKU-048,43,89
2025-06-25,SKU-048,60,70
2025-07-02,SKU-048,41,111
2025-07-09,SKU-048,39,92
2025-07-16,SKU-048,12,112
2025-07-23,SKU-048,14,81
2025-07-30,SKU-048,10,85
2025-08-06,SKU-048,0,99
2025-08-13,SKU-048,0,112
2025-08-20,SKU-048,0,91
2025-08-27,SKU-048,4,83
2025-09-03,SKU-048,0,107
2025-09-10,SKU-048,3,77
2025-09-17,SKU-048,0,88
2025-09-24,SKU-048,6,84
2025-10-01,SKU-048,8,84
2025-10-08,SKU-048,57,37
2025-10-15,SKU-048,77,73
2025-10-22,SKU-048,76,95
2025-10-29,SKU-048,61,100
2025-11-05,SKU-048,81,67
2025-11-12,SKU-048,92,78
2025-11-19,SKU-048,74,106
2025-11-26,SKU-048,77,92
2025-12-03,SKU-048,53,114
2025-12-10,SKU-048,32,109
2025-12-17,SKU-048,32,92
2025-12-24,SKU-048,60,63
2024-01-03,SKU-049,505,92
2024-01-10,SKU-049,509,112
2024-01-17,SKU-049,486,139
2024-01-24,SKU-049,468,125
2024-01-31,SKU-049,485,87
2024-02-07,SKU-049,446,160
2024-02-14,SKU-049,439,113
2024-02-21,SKU-049,438,124
2024-02-28,SKU-049,447,98
2024-03-06,SKU-049,458,108
2024-03-13,SKU-049,467,114
2024-03-20,SKU-049,483,103
2024-03-27,SKU-049,453,139
2024-04-03,SKU-049,449,125
2024-04-10,SKU-049,483,89
2024-04-17,SKU-049,490,105
2024-04-24,SKU-049,388,102
2024-05-01,SKU-049,394,107
2024-05-08,SKU-049,314,184
2024-05-15,SKU-049,358,74
2024-05-22,SKU-049,356,111
2024-05-29,SKU-049,372,99
2024-06-05,SKU-049,406,70
2024-06-12,SKU-049,438,78
2024-06-19,SKU-049,461,97
2024-06-26,SKU-049,465,119
2024-07-03,SKU-049,443,131
2024-07-10,SKU-049,437,124
2024-07-17,SKU-049,420,132
2024-07-24,SKU-049,420,122
2024-07-31,SKU-049,418,110
2024-08-07,SKU-049,476,62
2024-08-14,SKU-049,467,116
2024-08-21,SKU-049,529,60
2024-08-28,SKU-049,518,116
2024-09-04,SKU-049,490,148
2024-09-11,SKU-049,510,105
2024-09-18,SKU-049,518,110
2024-09-25,SKU-049,558,66
2024-10-02,SKU-049,523,139
2024-10-09,SKU-049,553,93
2024-10-16,SKU-049,545,113
2024-10-23,SKU-049,578,81
2024-10-30,SKU-049,551,133
2024-11-06,SKU-049,554,115
2024-11-13,SKU-049,531,131
2024-11-20,SKU-049,551,89
2024-11-27,SKU-049,565,102
2024-12-04,SKU-049,566,105
2024-12-11,SKU-049,566,125
2024-12-18,SKU-049,548,136
2024-12-25,SKU-049,624,28
2025-01-01,SKU-049,656,80
2025-01-08,SKU-049,659,114
2025-01-15,SKU-049,682,89
2025-01-22,SKU-049,694,91
2025-01-29,SKU-049,641,158
2025-02-05,SKU-049,638,125
2025-02-12,SKU-049,630,116
2025-02-19,SKU-049,596,147
2025-02-26,SKU-049,612,102
2025-03-05,SKU-049,617,99
2025-03-12,SKU-049,609,123
2025-03-19,SKU-049,600,128
2025-03-26,SKU-049,592,117
2025-04-02,SKU-049,591,106
2025-04-09,SKU-049,603,110
2025-04-16,SKU-049,603,114
2025-04-23,SKU-049,583,132
2025-04-30,SKU-049,572,131
2025-05-07,SKU-049,574,118
2025-05-14,SKU-049,554,134
2025-05-21,SKU-049,550,108
2025-05-28,SKU-049,587,84
2025-06-04,SKU-049,632,73
2025-06-11,SKU-049,618,133
2025-06-18,SKU-049,618,107
2025-06-25,SKU-049,616,124
2025-07-02,SKU-049,651,83
2025-07-09,SKU-049,663,91
2025-07-16,SKU-049,640,135
2025-07-23,SKU-049,663,93
2025-07-30,SKU-049,653,115
2025-08-06,SKU-049,671,89
2025-08-13,SKU-049,683,93
2025-08-20,SKU-049,648,144
2025-08-27,SKU-049,658,114
2025-09-03,SKU-049,655,109
2025-09-10,SKU-049,685,78
2025-09-17,SKU-049,669,120
2025-09-24,SKU-049,648,144
2025-10-01,SKU-049,618,153
2025-10-08,SKU-049,540,183
2025-10-15,SKU-049,542,111
2025-10-22,SKU-049,541,111
2025-10-29,SKU-049,478,179
2025-11-05,SKU-049,490,101
2025-11-12,SKU-049,504,104
2025-11-19,SKU-049,510,112
2025-11-26,SKU-049,524,108
2025-12-03,SKU-049,526,105
2025-12-17,SKU-049,523,102
2025-12-24,SKU-049,513,127
2024-01-03,SKU-050,689,98
2024-01-10,SKU-050,686,93
2024-01-17,SKU-050,682,100
2024-01-24,SKU-050,687,87
2024-01-31,SKU-050,685,85
2024-02-07,SKU-050,721,60
2024-02-14,SKU-050,716,91
2024-02-21,SKU-050,673,132
2024-02-28,SKU-050,694,74
2024-03-06,SKU-050,668,116
2024-03-13,SKU-050,636,118
2024-03-20,SKU-050,632,105
2024-03-27,SKU-050,658,64
2024-04-03,SKU-050,660,81
2024-04-10,SKU-050,644,101
2024-04-17,SKU-050,643,86
2024-04-24,SKU-050,638,99
2024-05-01,SKU-050,649,79
2024-05-08,SKU-050,643,95
2024-05-15,SKU-050,639,90
2024-05-22,SKU-050,608,114
2024-05-29,SKU-050,595,103
2024-06-05,SKU-050,593,86
2024-06-12,SKU-050,607,85
2024-06-19,SKU-050,605,88
2024-06-26,SKU-050,583,118
2024-07-03,SKU-050,569,105
2024-07-10,SKU-050,547,114
2024-07-17,SKU-050,553,90
2024-07-24,SKU-050,530,117
2024-07-31,SKU-050,557,72
2024-08-07,SKU-050,588,55
2024-08-14,SKU-050,576,112
2024-08-21,SKU-050,580,92
2024-08-28,SKU-050,570,110
2024-09-04,SKU-050,563,99
2024-09-11,SKU-050,551,105
2024-09-18,SKU-050,551,85
2024-09-25,SKU-050,560,73
2024-10-02,SKU-050,551,102
2024-10-09,SKU-050,555,81
2024-10-16,SKU-050,564,88
2024-10-23,SKU-050,574,73
2024-10-30,SKU-050,589,81
2024-11-06,SKU-050,580,97
2024-11-13,SKU-050,603,70
2024-11-20,SKU-050,619,80
2024-11-27,SKU-050,585,120
2024-12-04,SKU-050,586,90
2024-12-11,SKU-050,570,104
2024-12-18,SKU-050,577,83
2024-12-25,SKU-050,582,95
2025-01-01,SKU-050,570,99
2025-01-08,SKU-050,569,99
2025-01-15,SKU-050,568,101
2025-01-22,SKU-050,541,117
2025-01-29,SKU-050,543,82
2025-02-05,SKU-050,540,100
2025-02-12,SKU-050,572,67
2025-02-19,SKU-050,600,69
2025-02-26,SKU-050,618,74
2025-03-05,SKU-050,608,102
2025-03-12,SKU-050,619,79
2025-03-19,SKU-050,631,80
2025-03-26,SKU-050,662,65
2025-04-02,SKU-050,647,106
2025-04-09,SKU-050,667,79
2025-04-16,SKU-050,717,45
2025-04-23,SKU-050,750,57
2025-04-30,SKU-050,746,98
2025-05-07,SKU-050,741,100
2025-05-14,SKU-050,753,83
2025-05-21,SKU-050,760,90
2025-05-28,SKU-050,733,114
2025-06-04,SKU-050,729,101
2025-06-11,SKU-050,742,86
2025-06-18,SKU-050,757,77
2025-06-25,SKU-050,786,64
2025-07-02,SKU-050,788,92
2025-07-09,SKU-050,802,85
2025-07-16,SKU-050,818,77
2025-07-23,SKU-050,821,84
2025-07-30,SKU-050,870,43
2025-08-06,SKU-050,879,91
2025-08-13,SKU-050,854,116
2025-08-20,SKU-050,840,99
2025-08-27,SKU-050,846,94
2025-09-03,SKU-050,854,79
2025-09-10,SKU-050,851,88
2025-09-17,SKU-050,828,110
2025-09-24,SKU-050,806,111
2025-10-01,SKU-050,787,105
2025-10-08,SKU-050,784,90
2025-10-15,SKU-050,794,78
2025-10-22,SKU-050,765,128
2025-10-29,SKU-050,720,139
2025-11-05,SKU-050,736,82
2025-11-12,SKU-050,764,66
2025-11-19,SKU-050,751,104
2025-11-26,SKU-050,739,101
2025-12-03,SKU-050,715,113
2025-12-10,SKU-050,684,114
2025-12-17,SKU-050,701,82
2025-12-24,SKU-050,718,67
2024-01-03,SKU-051,625,97
2024-01-10,SKU-051,572,182
2024-01-17,SKU-051,591,132
2024-01-24,SKU-051,545,181
2024-01-31,SKU-051,611,76
2024-02-07,SKU-051,613,152
2024-02-14,SKU-051,600,158
2024-02-21,SKU-051,624,112
2024-02-28,SKU-051,618,147
2024-03-06,SKU-051,644,107
2024-03-13,SKU-051,655,139
2024-03-20,SKU-051,675,109
2024-03-27,SKU-051,688,119
2024-04-03,SKU-051,660,165
2024-04-10,SKU-051,610,182
2024-04-17,SKU-051,615,136
2024-04-24,SKU-051,606,164
2024-05-01,SKU-051,606,155
2024-05-08,SKU-051,599,164
2024-05-15,SKU-051,606,136
2024-05-22,SKU-051,605,149
2024-05-29,SKU-051,637,100
2024-06-05,SKU-051,602,175
2024-06-12,SKU-051,646,105
2024-06-19,SKU-051,661,134
2024-06-26,SKU-051,664,149
2024-07-03,SKU-051,652,163
2024-07-10,SKU-051,556,96
2024-07-17,SKU-051,550,139
2024-07-24,SKU-051,570,109
2024-07-31,SKU-051,522,200
2024-08-07,SKU-051,529,133
2024-08-14,SKU-051,536,130
2024-08-21,SKU-051,534,133
2024-08-28,SKU-051,527,148
2024-09-04,SKU-051,541,119
2024-09-11,SKU-051,537,141
2024-09-18,SKU-051,535,134
2024-09-25,SKU-051,544,139
2024-10-02,SKU-051,508,176
2024-10-09,SKU-051,452,199
2024-10-16,SKU-051,448,153
2024-10-23,SKU-051,438,155
2024-10-30,SKU-051,427,145
2024-11-06,SKU-051,409,171
2024-11-13,SKU-051,388,153
2024-11-20,SKU-051,395,133
2024-11-27,SKU-051,358,173
2024-12-04,SKU-051,375,112
2024-12-11,SKU-051,374,135
2024-12-18,SKU-051,417,111
2024-12-25,SKU-051,420,146
2025-01-01,SKU-051,452,124
2025-01-08,SKU-051,456,131
2025-01-15,SKU-051,452,144
2025-01-22,SKU-051,421,162
2025-01-29,SKU-051,412,140
2025-02-05,SKU-051,346,215
2025-02-12,SKU-051,397,85
2025-02-19,SKU-051,463,88
2025-02-26,SKU-051,483,118
2025-03-05,SKU-051,466,154
2025-03-12,SKU-051,451,151
2025-03-19,SKU-051,429,157
2025-03-26,SKU-051,417,155
2025-04-02,SKU-051,453,102
2025-04-09,SKU-051,429,156
2025-04-16,SKU-051,414,166
2025-04-23,SKU-051,366,181
2025-04-30,SKU-051,384,121
2025-05-07,SKU-051,403,133
2025-05-14,SKU-051,297,105
2025-05-21,SKU-051,112,185
2025-05-28,SKU-051,91,167
2025-06-04,SKU-051,47,180
2025-06-11,SKU-051,80,103
2025-06-18,SKU-051,34,178
2025-06-25,SKU-051,1,179
2025-07-02,SKU-051,0,183
2025-07-09,SKU-051,0,157
2025-07-16,SKU-051,21,131
2025-07-23,SKU-051,29,126
2025-07-30,SKU-051,18,152
2025-08-06,SKU-051,15,135
2025-08-13,SKU-051,73,79
2025-08-20,SKU-051,38,177
2025-08-27,SKU-051,56,133
2025-09-03,SKU-051,4,195
2025-09-10,SKU-051,0,162
2025-09-17,SKU-051,13,136
2025-09-24,SKU-051,32,135
2025-10-08,SKU-051,0,193
2025-10-15,SKU-051,0,140
2025-10-22,SKU-051,0,167
2025-10-29,SKU-051,1,142
2025-11-05,SKU-051,19,125
2025-11-12,SKU-051,37,138
2025-11-19,SKU-051,5,168
2025-11-26,SKU-051,36,125
2025-12-03,SKU-051,55,118
2025-12-10,SKU-051,113,98
2025-12-17,SKU-051,74,173
2025-12-24,SKU-051,69,148
2024-01-03,SKU-052,738,131
2024-01-10,SKU-052,722,162
2024-01-17,SKU-052,718,139
2024-01-24,SKU-052,696,150
2024-01-31,SKU-052,708,134
2024-02-07,SKU-052,746,106
2024-02-14,SKU-052,608,137
2024-02-21,SKU-052,585,166
2024-02-28,SKU-052,582,153
2024-03-06,SKU-052,599,121
2024-03-13,SKU-052,586,150
2024-03-20,SKU-052,538,180
2024-03-27,SKU-052,551,124
2024-04-03,SKU-052,375,176
2024-04-10,SKU-052,183,192
2024-04-17,SKU-052,160,170
2024-04-24,SKU-052,137,156
2024-05-01,SKU-052,202,89
2024-05-08,SKU-052,178,154
2024-05-15,SKU-052,199,135
2024-05-22,SKU-052,234,97
2024-05-29,SKU-052,265,116
2024-06-05,SKU-052,270,142
2024-06-12,SKU-052,235,192
2024-06-19,SKU-052,253,136
2024-06-26,SKU-052,220,169
2024-07-03,SKU-052,238,115
2024-07-10,SKU-052,238,158
2024-07-17,SKU-052,262,122
2024-07-24,SKU-052,274,117
2024-07-31,SKU-052,311,102
2024-08-07,SKU-052,305,142
2024-08-14,SKU-052,248,186
2024-08-21,SKU-052,248,148
2024-08-28,SKU-052,256,146
2024-09-04,SKU-052,278,127
2024-09-11,SKU-052,266,161
2024-09-18,SKU-052,252,170
2024-09-25,SKU-052,240,148
2024-10-02,SKU-052,209,166
2024-10-09,SKU-052,216,135
2024-10-16,SKU-052,202,153
2024-10-23,SKU-052,225,130
2024-10-30,SKU-052,220,145
2024-11-06,SKU-052,176,185
2024-11-13,SKU-052,173,137
2024-11-20,SKU-052,227,88
2024-11-27,SKU-052,224,146
2024-12-04,SKU-052,246,120
2024-12-11,SKU-052,211,180
2024-12-18,SKU-052,180,186
2024-12-25,SKU-052,190,125
2025-01-01,SKU-052,140,187
2025-01-08,SKU-052,155,137
2025-01-15,SKU-052,226,78
2025-01-22,SKU-052,192,168
2025-01-29,SKU-052,244,90
2025-02-05,SKU-052,242,150
2025-02-12,SKU-052,180,202
2025-02-19,SKU-052,151,180
2025-02-26,SKU-052,164,116
2025-03-05,SKU-052,187,108
2025-03-12,SKU-052,193,134
2025-03-19,SKU-052,203,146
2025-03-26,SKU-052,225,111
2025-04-02,SKU-052,258,123
2025-04-09,SKU-052,266,138
2025-04-16,SKU-052,255,162
2025-04-23,SKU-052,249,135
2025-04-30,SKU-052,235,167
2025-05-07,SKU-052,279,109
2025-05-14,SKU-052,279,132
2025-05-21,SKU-052,305,107
2025-05-28,SKU-052,326,131
2025-06-04,SKU-052,336,127
2025-06-11,SKU-052,336,143
2025-06-18,SKU-052,314,158
2025-06-25,SKU-052,362,97
2025-07-02,SKU-052,356,135
2025-07-09,SKU-052,359,127
2025-07-16,SKU-052,320,184
2025-07-23,SKU-052,308,152
2025-07-30,SKU-052,317,120
2025-08-06,SKU-052,336,116
2025-08-13,SKU-052,320,155
2025-08-20,SKU-052,323,135
2025-08-27,SKU-052,387,91
2025-09-03,SKU-052,368,169
2025-09-10,SKU-052,359,163
2025-09-17,SKU-052,354,148
2025-09-24,SKU-052,373,138
2025-10-01,SKU-052,371,139
2025-10-08,SKU-052,340,162
2025-10-15,SKU-052,323,155
2025-10-22,SKU-052,339,116
2025-10-29,SKU-052,331,138
2025-11-05,SKU-052,299,165
2025-11-12,SKU-052,291,142
2025-11-19,SKU-052,289,143
2025-11-26,SKU-052,294,150
2025-12-03,SKU-052,324,106
2025-12-10,SKU-052,333,146
2025-12-17,SKU-052,391,78
2025-12-24,SKU-052,448,86
2024-01-03,SKU-053,503,149
2024-01-10,SKU-053,498,152
2024-01-17,SKU-053,501,139
2024-01-24,SKU-053,500,134
2024-01-31,SKU-053,491,151
2024-02-07,SKU-053,528,109
2024-02-14,SKU-053,547,114
2024-02-21,SKU-053,571,117
2024-02-28,SKU-053,571,125
2024-03-06,SKU-053,545,155
2024-03-13,SKU-053,557,118
2024-03-20,SKU-053,549,142
2024-03-27,SKU-053,542,141
2024-04-03,SKU-053,546,135
2024-04-10,SKU-053,566,104
2024-04-17,SKU-053,581,132
2024-04-24,SKU-053,603,123
2024-05-01,SKU-053,630,105
2024-05-08,SKU-053,505,125
2024-05-15,SKU-053,547,92
2024-05-22,SKU-053,565,117
2024-05-29,SKU-053,550,142
2024-06-05,SKU-053,585,101
2024-06-12,SKU-053,441,144
2024-06-19,SKU-053,451,132
2024-06-26,SKU-053,438,136
2024-07-03,SKU-053,397,171
2024-07-10,SKU-053,295,102
2024-07-17,SKU-053,218,78
2024-07-24,SKU-053,217,128
2024-07-31,SKU-053,165,186
2024-08-07,SKU-053,158,131
2024-08-14,SKU-053,157,124
2024-08-21,SKU-053,156,146
2024-08-28,SKU-053,105,193
2024-09-04,SKU-053,118,112
2024-09-11,SKU-053,98,153
2024-09-18,SKU-053,92,153
2024-09-25,SKU-053,89,135
2024-10-02,SKU-053,55,160
2024-10-09,SKU-053,52,130
2024-10-16,SKU-053,76,115
2024-10-23,SKU-053,70,131
2024-10-30,SKU-053,120,91
2024-11-06,SKU-053,124,135
2024-11-13,SKU-053,131,117
2024-11-20,SKU-053,97,170
2024-11-27,SKU-053,46,185
2024-12-04,SKU-053,13,157
2024-12-11,SKU-053,0,163
2024-12-18,SKU-053,2,126
2024-12-25,SKU-053,58,76
2025-01-01,SKU-053,56,144
2025-01-08,SKU-053,63,128
2025-01-15,SKU-053,50,159
2025-01-22,SKU-053,43,140
2025-01-29,SKU-053,27,155
2025-02-05,SKU-053,0,196
2025-02-12,SKU-053,0,151
2025-02-19,SKU-053,7,116
2025-02-26,SKU-053,3,129
2025-03-05,SKU-053,0,133
2025-03-12,SKU-053,0,140
2025-03-19,SKU-053,3,129
2025-03-26,SKU-053,23,119
2025-04-02,SKU-053,14,137
2025-04-09,SKU-053,38,112
2025-04-16,SKU-053,26,141
2025-04-23,SKU-053,0,158
2025-04-30,SKU-053,31,92
2025-05-07,SKU-053,0,177
2025-05-14,SKU-053,0,145
2025-05-21,SKU-053,0,136
2025-05-28,SKU-053,6,125
2025-06-04,SKU-053,24,125
2025-06-11,SKU-053,55,116
2025-06-18,SKU-053,87,107
2025-06-25,SKU-053,62,160
2025-07-02,SKU-053,101,99
2025-07-09,SKU-053,97,127
2025-07-16,SKU-053,0,131
2025-07-23,SKU-053,0,139
2025-07-30,SKU-053,28,95
2025-08-06,SKU-053,50,109
2025-08-13,SKU-053,63,129
2025-08-20,SKU-053,36,153
2025-08-27,SKU-053,3,156
2025-09-03,SKU-053,0,136
2025-09-10,SKU-053,0,150
2025-09-17,SKU-053,0,189
2025-09-24,SKU-053,16,129
2025-10-01,SKU-053,0,195
2025-10-08,SKU-053,29,93
2025-10-15,SKU-053,10,166
2025-10-22,SKU-053,6,134
2025-10-29,SKU-053,40,113
2025-11-05,SKU-053,78,96
2025-11-12,SKU-053,105,103
2025-11-19,SKU-053,149,88
2025-11-26,SKU-053,134,146
2025-12-03,SKU-053,137,127
2025-12-10,SKU-053,152,119
2025-12-17,SKU-053,135,151
2025-12-24,SKU-053,147,128
2024-01-03,SKU-054,431,122
2024-01-10,SKU-054,410,111
2024-01-17,SKU-054,413,103
2024-01-24,SKU-054,389,122
2024-01-31,SKU-054,395,95
2024-02-07,SKU-054,384,105
2024-02-14,SKU-054,397,90
2024-02-21,SKU-054,390,101
2024-02-28,SKU-054,406,78
2024-03-06,SKU-054,380,131
2024-03-13,SKU-054,392,90
2024-03-20,SKU-054,389,97
2024-03-27,SKU-054,396,85
2024-04-03,SKU-054,358,128
2024-04-10,SKU-054,365,93
2024-04-17,SKU-054,383,78
2024-04-24,SKU-054,393,93
2024-05-01,SKU-054,390,101
2024-05-08,SKU-054,405,91
2024-05-15,SKU-054,396,111
2024-05-22,SKU-054,391,99
2024-05-29,SKU-054,421,75
2024-06-05,SKU-054,387,125
2024-06-12,SKU-054,366,109
2024-06-19,SKU-054,351,106
2024-06-26,SKU-054,385,68
2024-07-03,SKU-054,362,115
2024-07-10,SKU-054,372,94
2024-07-17,SKU-054,365,107
2024-07-24,SKU-054,378,85
2024-07-31,SKU-054,362,104
2024-08-07,SKU-054,392,74
2024-08-14,SKU-054,358,139
2024-08-21,SKU-054,316,132
2024-08-28,SKU-054,344,66
2024-09-04,SKU-054,327,120
2024-09-11,SKU-054,340,88
2024-09-18,SKU-054,375,62
2024-09-25,SKU-054,366,101
2024-10-02,SKU-054,401,70
2024-10-09,SKU-054,393,107
2024-10-16,SKU-054,401,93
2024-10-23,SKU-054,390,103
2024-10-30,SKU-054,387,107
2024-11-06,SKU-054,381,99
2024-11-13,SKU-054,373,98
2024-11-20,SKU-054,396,71
2024-11-27,SKU-054,379,113
2024-12-04,SKU-054,366,103
2024-12-11,SKU-054,385,77
2024-12-18,SKU-054,388,93
2024-12-25,SKU-054,380,97
2025-01-01,SKU-054,397,85
2025-01-08,SKU-054,428,71
2025-01-15,SKU-054,429,90
2025-01-22,SKU-054,426,96
2025-01-29,SKU-054,447,73
2025-02-05,SKU-054,453,95
2025-02-19,SKU-054,473,63
2025-02-26,SKU-054,487,73
2025-03-05,SKU-054,487,100
2025-03-12,SKU-054,449,131
2025-03-19,SKU-054,446,92
2025-03-26,SKU-054,459,92
2025-04-02,SKU-054,478,76
2025-04-09,SKU-054,468,105
2025-04-16,SKU-054,518,47
2025-04-23,SKU-054,501,123
2025-04-30,SKU-054,533,68
2025-05-07,SKU-054,542,83
2025-05-14,SKU-054,534,97
2025-05-21,SKU-054,558,71
2025-05-28,SKU-054,540,111
2025-06-04,SKU-054,519,123
2025-06-11,SKU-054,539,80
2025-06-18,SKU-054,557,74
2025-06-25,SKU-054,547,113
2025-07-02,SKU-054,501,135
2025-07-09,SKU-054,536,67
2025-07-16,SKU-054,553,73
2025-07-23,SKU-054,569,78
2025-07-30,SKU-054,552,112
2025-08-06,SKU-054,525,118
2025-08-13,SKU-054,547,79
2025-08-20,SKU-054,572,69
2025-08-27,SKU-054,579,80
2025-09-03,SKU-054,580,102
2025-09-10,SKU-054,566,113
2025-09-17,SKU-054,553,101
2025-09-24,SKU-054,534,112
2025-10-01,SKU-054,534,107
2025-10-08,SKU-054,567,72
2025-10-15,SKU-054,589,79
2025-10-22,SKU-054,619,60
2025-10-29,SKU-054,647,69
2025-11-05,SKU-054,631,106
2025-11-12,SKU-054,650,85
2025-11-19,SKU-054,624,121
2025-11-26,SKU-054,626,95
2025-12-03,SKU-054,586,127
2025-12-10,SKU-054,569,107
2025-12-17,SKU-054,564,94
2025-12-24,SKU-054,569,90
2024-01-03,SKU-055,1198,135
2024-01-10,SKU-055,1236,109
2024-01-17,SKU-055,1241,126
2024-01-24,SKU-055,1301,95
2024-01-31,SKU-055,1297,135
2024-02-07,SKU-055,1278,175
2024-02-14,SKU-055,1216,213
2024-02-21,SKU-055,1189,176
2024-02-28,SKU-055,1189,144
2024-03-06,SKU-055,1175,160
2024-03-13,SKU-055,1171,150
2024-03-20,SKU-055,1119,206
2024-03-27,SKU-055,1135,127
2024-04-03,SKU-055,1087,184
2024-04-10,SKU-055,1104,131
2024-04-17,SKU-055,1071,188
2024-04-24,SKU-055,1031,191
2024-05-01,SKU-055,969,205
2024-05-08,SKU-055,955,153
2024-05-15,SKU-055,986,126
2024-05-22,SKU-055,1032,114
2024-05-29,SKU-055,1028,157
2024-06-05,SKU-055,954,208
2024-06-12,SKU-055,928,168
2024-06-19,SKU-055,901,172
2024-06-26,SKU-055,907,147
2024-07-03,SKU-055,940,111
2024-07-10,SKU-055,786,154
2024-07-17,SKU-055,787,147
2024-07-24,SKU-055,759,160
2024-07-31,SKU-055,758,138
2024-08-07,SKU-055,795,107
2024-08-14,SKU-055,776,161
2024-08-21,SKU-055,788,122
2024-08-28,SKU-055,764,184
2024-09-04,SKU-055,736,186
2024-09-11,SKU-055,678,208
2024-09-18,SKU-055,748,83
2024-09-25,SKU-055,779,100
2024-10-02,SKU-055,789,128
2024-10-09,SKU-055,816,130
2024-10-16,SKU-055,813,142
2024-10-23,SKU-055,820,136
2024-10-30,SKU-055,813,144
2024-11-06,SKU-055,834,136
2024-11-13,SKU-055,782,193
2024-11-20,SKU-055,805,132
2024-11-27,SKU-055,742,217
2024-12-04,SKU-055,718,183
2024-12-11,SKU-055,738,139
2024-12-18,SKU-055,717,160
2024-12-25,SKU-055,707,168
2025-01-01,SKU-055,834,29
2025-01-08,SKU-055,853,135
2025-01-15,SKU-055,863,137
2025-01-22,SKU-055,913,109
2025-01-29,SKU-055,892,157
2025-02-05,SKU-055,896,154
2025-02-12,SKU-055,936,94
2025-02-19,SKU-055,904,186
2025-02-26,SKU-055,939,110
2025-03-05,SKU-055,930,165
2025-03-12,SKU-055,954,125
2025-03-19,SKU-055,957,136
2025-03-26,SKU-055,982,122
2025-04-02,SKU-055,904,211
2025-04-09,SKU-055,869,179
2025-04-16,SKU-055,858,160
2025-04-23,SKU-055,828,178
2025-04-30,SKU-055,794,191
2025-05-07,SKU-055,647,148
2025-05-14,SKU-055,585,195
2025-05-21,SKU-055,634,85
2025-05-28,SKU-055,655,123
2025-06-04,SKU-055,711,93
2025-06-18,SKU-055,673,217
2025-06-25,SKU-055,500,173
2025-07-02,SKU-055,501,145
2025-07-09,SKU-055,504,150
2025-07-23,SKU-055,127,148
2025-07-30,SKU-055,131,149
2025-08-06,SKU-055,138,151
2025-08-13,SKU-055,127,160
2025-08-20,SKU-055,167,110
2025-08-27,SKU-055,112,203
2025-09-03,SKU-055,59,201
2025-09-10,SKU-055,20,173
2025-09-17,SKU-055,13,146
2025-09-24,SKU-055,9,150
2025-10-01,SKU-055,0,168
2025-10-08,SKU-055,0,178
2025-10-15,SKU-055,0,154
2025-10-22,SKU-055,0,195
2025-10-29,SKU-055,23,110
2025-11-05,SKU-055,45,118
2025-11-12,SKU-055,79,123
2025-11-19,SKU-055,206,27
2025-11-26,SKU-055,249,94
2025-12-03,SKU-055,242,153
2025-12-10,SKU-055,286,116
2025-12-17,SKU-055,260,172
2025-12-24,SKU-055,264,154
2024-01-03,SKU-056,418,103
2024-01-10,SKU-056,419,109
2024-01-17,SKU-056,400,118
2024-01-24,SKU-056,372,130
2024-01-31,SKU-056,380,106
2024-02-07,SKU-056,359,116
2024-02-14,SKU-056,368,100
2024-02-28,SKU-056,305,151
2024-03-06,SKU-056,308,106
2024-03-13,SKU-056,301,115
2024-03-20,SKU-056,321,83
2024-03-27,SKU-056,315,120
2024-04-03,SKU-056,301,127
2024-04-10,SKU-056,331,82
2024-04-17,SKU-056,223,108
2024-04-24,SKU-056,239,93
2024-05-01,SKU-056,256,94
2024-05-08,SKU-056,293,70
2024-05-15,SKU-056,314,76
2024-05-22,SKU-056,289,124
2024-05-29,SKU-056,273,119
2024-06-05,SKU-056,227,154
2024-06-12,SKU-056,225,102
2024-06-19,SKU-056,237,89
2024-06-26,SKU-056,230,105
2024-07-03,SKU-056,195,136
2024-07-10,SKU-056,177,132
2024-07-17,SKU-056,202,87
2024-07-24,SKU-056,201,115
2024-07-31,SKU-056,175,126
2024-08-07,SKU-056,177,101
2024-08-14,SKU-056,197,95
2024-08-21,SKU-056,213,90
2024-08-28,SKU-056,214,101
2024-09-04,SKU-056,199,112
2024-09-11,SKU-056,233,64
2024-09-18,SKU-056,248,84
2024-09-25,SKU-056,223,124
2024-10-02,SKU-056,205,121
2024-10-09,SKU-056,210,89
2024-10-16,SKU-056,193,126
2024-10-23,SKU-056,224,79
2024-10-30,SKU-056,219,106
2024-11-06,SKU-056,221,97
2024-11-13,SKU-056,216,101
2024-11-20,SKU-056,223,92
2024-11-27,SKU-056,223,106
2024-12-04,SKU-056,219,113
2024-12-18,SKU-056,178,122
2024-12-25,SKU-056,170,116
2025-01-01,SKU-056,207,72
2025-01-08,SKU-056,165,140
2025-01-15,SKU-056,136,125
2025-01-22,SKU-056,120,120
2025-01-29,SKU-056,134,83
2025-02-05,SKU-056,31,104
2025-02-12,SKU-056,48,86
2025-02-19,SKU-056,64,84
2025-02-26,SKU-056,33,126
2025-03-05,SKU-056,29,98
2025-03-12,SKU-056,62,62
2025-03-19,SKU-056,57,108
2025-03-26,SKU-056,69,86
2025-04-02,SKU-056,92,92
2025-04-09,SKU-056,73,124
2025-04-16,SKU-056,92,83
2025-04-23,SKU-056,82,104
2025-04-30,SKU-056,73,112
2025-05-07,SKU-056,96,78
2025-05-14,SKU-056,151,46
2025-05-21,SKU-056,166,96
2025-05-28,SKU-056,167,103
2025-06-04,SKU-056,150,112
2025-06-11,SKU-056,135,119
2025-06-18,SKU-056,135,108
2025-06-25,SKU-056,127,122
2025-07-02,SKU-056,117,106
2025-07-09,SKU-056,108,108
2025-07-16,SKU-056,114,105
2025-07-23,SKU-056,107,104
2025-07-30,SKU-056,98,119
2025-08-06,SKU-056,86,110
2025-08-13,SKU-056,66,117
2025-08-20,SKU-056,57,118
2025-09-03,SKU-056,69,126
2025-09-10,SKU-056,64,113
2025-09-17,SKU-056,76,84
2025-10-01,SKU-056,0,135
2025-10-08,SKU-056,18,91
2025-10-15,SKU-056,21,105
2025-10-22,SKU-056,43,92
2025-10-29,SKU-056,28,121
2025-11-05,SKU-056,22,103
2025-11-12,SKU-056,54,75
2025-11-19,SKU-056,59,107
2025-11-26,SKU-056,58,114
2025-12-03,SKU-056,47,116
2025-12-10,SKU-056,13,133
2025-12-17,SKU-056,16,101
2025-12-24,SKU-056,0,140
2024-01-03,SKU-057,810,98
2024-01-10,SKU-057,798,116
2024-01-17,SKU-057,822,76
2024-01-24,SKU-057,834,98
2024-01-31,SKU-057,849,99
2024-02-07,SKU-057,815,136
2024-02-14,SKU-057,821,93
2024-02-21,SKU-057,862,79
2024-02-28,SKU-057,856,121
2024-03-06,SKU-057,830,128
2024-03-13,SKU-057,823,118
2024-03-20,SKU-057,843,89
2024-03-27,SKU-057,872,87
2024-04-03,SKU-057,863,117
2024-04-10,SKU-057,831,133
2024-04-17,SKU-057,807,133
2024-04-24,SKU-057,793,131
2024-05-01,SKU-057,786,126
2024-05-08,SKU-057,806,97
2024-05-15,SKU-057,839,76
2024-05-22,SKU-057,849,93
2024-05-29,SKU-057,831,120
2024-06-05,SKU-057,823,112
2024-06-12,SKU-057,839,101
2024-06-19,SKU-057,834,122
2024-06-26,SKU-057,853,96
2024-07-03,SKU-057,853,102
2024-07-10,SKU-057,860,110
2024-07-17,SKU-057,862,106
2024-07-24,SKU-057,847,120
2024-07-31,SKU-057,883,81
2024-08-07,SKU-057,940,44
2024-08-14,SKU-057,925,124
2024-08-21,SKU-057,938,95
2024-08-28,SKU-057,925,113
2024-09-04,SKU-057,895,142
2024-09-11,SKU-057,873,135
2024-09-18,SKU-057,868,112
2024-09-25,SKU-057,840,138
2024-10-02,SKU-057,860,89
2024-10-09,SKU-057,835,138
2024-10-16,SKU-057,820,126
2024-10-23,SKU-057,805,134
2024-10-30,SKU-057,794,110
2024-11-06,SKU-057,811,86
2024-11-13,SKU-057,748,163
2024-11-20,SKU-057,777,82
2024-11-27,SKU-057,800,91
2024-12-04,SKU-057,790,116
2024-12-11,SKU-057,811,96
2024-12-18,SKU-057,820,95
2024-12-25,SKU-057,804,118
2025-01-01,SKU-057,838,70
2025-01-08,SKU-057,841,108
2025-01-15,SKU-057,838,117
2025-01-22,SKU-057,861,76
2025-01-29,SKU-057,867,102
2025-02-05,SKU-057,896,76
2025-02-12,SKU-057,877,137
2025-02-19,SKU-057,870,109
2025-02-26,SKU-057,850,122
2025-03-05,SKU-057,821,147
2025-03-12,SKU-057,818,104
2025-03-19,SKU-057,770,153
2025-03-26,SKU-057,759,112
2025-04-02,SKU-057,723,140
2025-04-09,SKU-057,778,61
2025-04-16,SKU-057,791,97
2025-04-23,SKU-057,768,142
2025-04-30,SKU-057,724,147
2025-05-07,SKU-057,661,162
2025-05-14,SKU-057,673,104
2025-05-21,SKU-057,678,111
2025-05-28,SKU-057,678,109
2025-06-04,SKU-057,663,117
2025-06-11,SKU-057,637,128
2025-06-18,SKU-057,622,128
2025-06-25,SKU-057,636,94
2025-07-02,SKU-057,598,151
2025-07-09,SKU-057,610,97
2025-07-16,SKU-057,600,115
2025-07-23,SKU-057,570,129
2025-07-30,SKU-057,557,118
2025-08-06,SKU-057,583,89
2025-08-13,SKU-057,580,120
2025-08-20,SKU-057,621,77
2025-08-27,SKU-057,648,83
2025-09-03,SKU-057,676,86
2025-09-10,SKU-057,678,96
2025-09-17,SKU-057,737,60
2025-09-24,SKU-057,729,109
2025-10-01,SKU-057,703,135
2025-10-08,SKU-057,707,99
2025-10-15,SKU-057,728,93
2025-10-22,SKU-057,724,117
2025-10-29,SKU-057,710,117
2025-11-05,SKU-057,721,108
2025-11-12,SKU-057,752,80
2025-11-19,SKU-057,741,124
2025-11-26,SKU-057,752,107
2025-12-03,SKU-057,752,107
2025-12-10,SKU-057,778,93
2025-12-17,SKU-057,789,98
2025-12-24,SKU-057,782,124
2024-01-03,SKU-058,886,159
2024-01-10,SKU-058,879,140
2024-01-17,SKU-058,879,144
2024-01-24,SKU-058,909,118
2024-01-31,SKU-058,915,143
2024-02-07,SKU-058,899,160
2024-02-14,SKU-058,919,130
2024-02-21,SKU-058,972,84
2024-02-28,SKU-058,963,140
2024-03-06,SKU-058,966,144
2024-03-13,SKU-058,1023,86
2024-03-20,SKU-058,1042,112
2024-03-27,SKU-058,1026,158
2024-04-03,SKU-058,1015,140
2024-04-10,SKU-058,1047,104
2024-04-17,SKU-058,1073,125
2024-04-24,SKU-058,1120,84
2024-05-01,SKU-058,1151,110
2024-05-08,SKU-058,1140,138
2024-05-15,SKU-058,1120,149
2024-05-22,SKU-058,1100,151
2024-05-29,SKU-058,1123,129
2024-06-05,SKU-058,1098,175
2024-06-12,SKU-058,1041,200
2024-06-19,SKU-058,985,211
2024-06-26,SKU-058,996,136
2024-07-03,SKU-058,993,143
2024-07-10,SKU-058,1030,116
2024-07-17,SKU-058,1045,121
2024-07-24,SKU-058,1023,156
2024-07-31,SKU-058,1026,144
2024-08-07,SKU-058,1082,97
2024-08-14,SKU-058,951,131
2024-08-21,SKU-058,913,190
2024-08-28,SKU-058,900,145
2024-09-04,SKU-058,965,75
2024-09-11,SKU-058,1039,78
2024-09-18,SKU-058,1006,183
2024-09-25,SKU-058,973,168
2024-10-02,SKU-058,938,174
2024-10-09,SKU-058,993,78
2024-10-16,SKU-058,1030,117
2024-10-23,SKU-058,1024,147
2024-10-30,SKU-058,1052,105
2024-11-06,SKU-058,1037,145
2024-11-13,SKU-058,1010,169
2024-11-20,SKU-058,1009,148
2024-11-27,SKU-058,962,189
2024-12-04,SKU-058,951,148
2024-12-11,SKU-058,946,146
2024-12-18,SKU-058,986,114
2024-12-25,SKU-058,936,191
2025-01-01,SKU-058,957,109
2025-01-08,SKU-058,925,163
2025-01-15,SKU-058,897,181
2025-01-22,SKU-058,881,166
2025-01-29,SKU-058,898,128
2025-02-05,SKU-058,893,158
2025-02-12,SKU-058,872,173
2025-02-19,SKU-058,849,151
2025-02-26,SKU-058,855,140
2025-03-05,SKU-058,897,99
2025-03-12,SKU-058,908,138
2025-03-19,SKU-058,927,122
2025-03-26,SKU-058,881,182
2025-04-02,SKU-058,892,144
2025-04-09,SKU-058,877,145
2025-04-16,SKU-058,872,150
2025-04-23,SKU-058,672,200
2025-04-30,SKU-058,667,152
2025-05-07,SKU-058,768,51
2025-05-14,SKU-058,776,123
2025-05-21,SKU-058,783,141
2025-05-28,SKU-058,826,105
2025-06-04,SKU-058,803,165
2025-06-11,SKU-058,796,150
2025-06-18,SKU-058,796,153
2025-06-25,SKU-058,812,130
2025-07-02,SKU-058,811,133
2025-07-09,SKU-058,815,141
2025-07-16,SKU-058,825,140
2025-07-23,SKU-058,859,111
2025-07-30,SKU-058,767,225
2025-08-06,SKU-058,753,143
2025-08-13,SKU-058,749,147
2025-08-20,SKU-058,690,193
2025-08-27,SKU-058,673,148
2025-09-03,SKU-058,721,90
2025-09-10,SKU-058,705,169
2025-09-17,SKU-058,726,114
2025-09-24,SKU-058,740,121
2025-10-01,SKU-058,735,156
2025-10-08,SKU-058,744,126
2025-10-15,SKU-058,741,149
2025-10-22,SKU-058,697,175
2025-10-29,SKU-058,676,153
2025-11-05,SKU-058,687,117
2025-11-12,SKU-058,662,160
2025-11-19,SKU-058,714,90
2025-11-26,SKU-058,757,104
2025-12-03,SKU-058,773,120
2025-12-10,SKU-058,755,148
2025-12-17,SKU-058,774,125
2025-12-24,SKU-058,767,145
2024-01-03,SKU-059,652,91
2024-01-10,SKU-059,672,75
2024-01-17,SKU-059,622,141
2024-01-24,SKU-059,627,85
2024-01-31,SKU-059,641,87
2024-02-07,SKU-059,677,66
2024-02-14,SKU-059,657,118
2024-02-21,SKU-059,622,126
2024-02-28,SKU-059,618,111
2024-03-06,SKU-059,636,80
2024-03-13,SKU-059,602,123
2024-03-20,SKU-059,614,81
2024-03-27,SKU-059,629,78
2024-04-03,SKU-059,615,120
2024-04-10,SKU-059,609,106
2024-04-17,SKU-059,581,127
2024-04-24,SKU-059,602,82
2024-05-01,SKU-059,577,124
2024-05-08,SKU-059,574,101
2024-05-15,SKU-059,581,98
2024-05-22,SKU-059,590,92
2024-05-29,SKU-059,478,112
2024-06-05,SKU-059,492,93
2024-06-12,SKU-059,498,85
2024-06-19,SKU-059,465,141
2024-06-26,SKU-059,445,120
2024-07-03,SKU-059,456,82
2024-07-10,SKU-059,461,98
2024-07-17,SKU-059,475,80
2024-07-24,SKU-059,497,81
2024-07-31,SKU-059,503,95
2024-08-07,SKU-059,499,104
2024-08-14,SKU-059,499,90
2024-08-21,SKU-059,501,88
2024-08-28,SKU-059,520,85
2024-09-04,SKU-059,532,87
2024-09-11,SKU-059,546,89
2024-09-18,SKU-059,567,74
2024-09-25,SKU-059,576,99
2024-10-02,SKU-059,611,69
2024-10-09,SKU-059,606,97
2024-10-16,SKU-059,585,117
2024-10-23,SKU-059,590,103
2024-10-30,SKU-059,607,91
2024-11-06,SKU-059,606,90
2024-11-13,SKU-059,569,135
2024-11-20,SKU-059,544,121
2024-11-27,SKU-059,562,83
2024-12-04,SKU-059,564,89
2024-12-11,SKU-059,556,106
2024-12-18,SKU-059,517,130
2024-12-25,SKU-059,564,46
2025-01-01,SKU-059,546,117
2025-01-08,SKU-059,507,141
2025-01-15,SKU-059,499,102
2025-01-22,SKU-059,538,60
2025-01-29,SKU-059,530,113
2025-02-05,SKU-059,542,79
2025-02-12,SKU-059,521,110
2025-02-19,SKU-059,559,52
2025-02-26,SKU-059,555,96
2025-03-05,SKU-059,530,114
2025-03-12,SKU-059,562,73
2025-03-19,SKU-059,585,77
2025-03-26,SKU-059,585,103
2025-04-02,SKU-059,599,94
2025-04-09,SKU-059,613,89
2025-04-16,SKU-059,621,92
2025-04-23,SKU-059,638,88
2025-04-30,SKU-059,641,96
2025-05-07,SKU-059,629,107
2025-05-14,SKU-059,623,111
2025-05-21,SKU-059,514,109
2025-05-28,SKU-059,471,140
2025-06-04,SKU-059,445,128
2025-06-11,SKU-059,453,83
2025-06-18,SKU-059,389,64
2025-06-25,SKU-059,372,116
2025-07-02,SKU-059,379,84
2025-07-09,SKU-059,386,93
2025-07-16,SKU-059,354,121
2025-07-23,SKU-059,364,95
2025-08-06,SKU-059,426,72
2025-08-13,SKU-059,445,88
2025-08-20,SKU-059,433,104
2025-08-27,SKU-059,425,102
2025-09-03,SKU-059,451,73
2025-09-10,SKU-059,425,127
2025-09-17,SKU-059,436,85
2025-09-24,SKU-059,498,44
2025-10-01,SKU-059,491,108
2025-10-08,SKU-059,465,133
2025-10-15,SKU-059,448,125
2025-10-22,SKU-059,421,121
2025-10-29,SKU-059,407,120
2025-11-05,SKU-059,446,51
2025-11-12,SKU-059,460,82
2025-11-19,SKU-059,463,101
2025-11-26,SKU-059,461,109
2025-12-03,SKU-059,453,112
2025-12-10,SKU-059,434,120
2025-12-17,SKU-059,421,113
2025-12-24,SKU-059,400,117
2024-01-03,SKU-060,719,95
2024-01-10,SKU-060,728,91
2024-01-17,SKU-060,717,104
2024-01-24,SKU-060,709,95
2024-01-31,SKU-060,692,110
2024-02-07,SKU-060,693,87
2024-02-14,SKU-060,667,116
2024-02-21,SKU-060,657,110
2024-02-28,SKU-060,555,102
2024-03-06,SKU-060,563,80
2024-03-13,SKU-060,557,107
2024-03-20,SKU-060,581,64
2024-03-27,SKU-060,574,103
2024-04-03,SKU-060,551,107
2024-04-10,SKU-060,580,64
2024-04-17,SKU-060,575,96
2024-04-24,SKU-060,616,56
2024-05-01,SKU-060,612,98
2024-05-08,SKU-060,581,117
2024-05-15,SKU-060,605,77
2024-05-22,SKU-060,601,95
2024-05-29,SKU-060,604,87
2024-06-05,SKU-060,552,138
2024-06-12,SKU-060,557,79
2024-06-19,SKU-060,582,66
2024-06-26,SKU-060,600,80
2024-07-03,SKU-060,607,77
2024-07-10,SKU-060,612,94
2024-07-17,SKU-060,626,86
2024-07-24,SKU-060,607,108
2024-07-31,SKU-060,595,104
2024-08-07,SKU-060,565,119
2024-08-14,SKU-060,570,84
2024-08-21,SKU-060,632,41
2024-08-28,SKU-060,622,96
2024-09-04,SKU-060,596,118
2024-09-11,SKU-060,592,99
2024-09-18,SKU-060,620,73
2024-09-25,SKU-060,595,114
2024-10-02,SKU-060,608,84
2024-10-09,SKU-060,592,116
2024-10-16,SKU-060,582,102
2024-10-23,SKU-060,601,71
2024-10-30,SKU-060,611,81
2024-11-06,SKU-060,592,113
2024-11-13,SKU-060,583,110
2024-11-20,SKU-060,568,105
2024-11-27,SKU-060,534,128
2024-12-04,SKU-060,521,99
2024-12-11,SKU-060,521,102
2024-12-18,SKU-060,535,79
2024-12-25,SKU-060,551,70
2025-01-01,SKU-060,558,87
2025-01-08,SKU-060,545,103
2025-01-15,SKU-060,533,107
2025-01-22,SKU-060,512,106
2025-01-29,SKU-060,490,107
2025-02-05,SKU-060,496,82
2025-02-12,SKU-060,490,98
2025-02-19,SKU-060,486,88
2025-02-26,SKU-060,360,126
2025-03-05,SKU-060,349,110
2025-03-12,SKU-060,332,106
2025-03-19,SKU-060,335,99
2025-03-26,SKU-060,300,120
2025-04-02,SKU-060,302,98
2025-04-09,SKU-060,301,92
2025-04-16,SKU-060,286,107
2025-04-23,SKU-060,267,106
2025-04-30,SKU-060,289,69
2025-05-07,SKU-060,286,99
2025-05-14,SKU-060,293,77
2025-05-21,SKU-060,307,85
2025-05-28,SKU-060,347,61
2025-06-04,SKU-060,368,70
2025-06-11,SKU-060,391,76
2025-06-18,SKU-060,393,87
2025-06-25,SKU-060,360,131
2025-07-02,SKU-060,377,79
2025-07-09,SKU-060,414,62
2025-07-16,SKU-060,393,120
2025-07-23,SKU-060,359,133
2025-07-30,SKU-060,373,80
2025-08-06,SKU-060,403,72
2025-08-13,SKU-060,400,104
2025-08-27,SKU-060,408,92
2025-09-03,SKU-060,409,96
2025-09-10,SKU-060,415,96
2025-09-17,SKU-060,399,108
2025-09-24,SKU-060,449,52
2025-10-01,SKU-060,426,112
2025-10-08,SKU-060,450,72
2025-10-15,SKU-060,444,96
2025-10-22,SKU-060,419,127
2025-10-29,SKU-060,391,126
2025-11-05,SKU-060,386,90
2025-11-12,SKU-060,388,86
2025-11-19,SKU-060,387,90
2025-11-26,SKU-060,378,108
2025-12-03,SKU-060,382,80
2025-12-10,SKU-060,394,77
2025-12-17,SKU-060,394,100
2025-12-24,SKU-060,385,93
2024-01-03,SKU-061,1013,95
2024-01-10,SKU-061,1012,129
2024-01-17,SKU-061,1024,101
2024-01-24,SKU-061,1006,138
2024-01-31,SKU-061,944,173
2024-02-07,SKU-061,913,155
2024-02-14,SKU-061,894,132
2024-02-21,SKU-061,893,122
2024-02-28,SKU-061,884,118
2024-03-06,SKU-061,785,99
2024-03-13,SKU-061,810,96
2024-03-20,SKU-061,803,114
2024-03-27,SKU-061,822,107
2024-04-03,SKU-061,791,151
2024-04-10,SKU-061,793,106
2024-04-17,SKU-061,851,65
2024-04-24,SKU-061,730,121
2024-05-01,SKU-061,722,130
2024-05-08,SKU-061,733,115
2024-05-15,SKU-061,697,150
2024-05-22,SKU-061,688,124
2024-05-29,SKU-061,692,104
2024-06-05,SKU-061,701,108
2024-06-12,SKU-061,706,113
2024-06-19,SKU-061,701,121
2024-06-26,SKU-061,689,138
2024-07-03,SKU-061,675,130
2024-07-10,SKU-061,691,93
2024-07-17,SKU-061,651,154
2024-07-24,SKU-061,692,84
2024-07-31,SKU-061,669,136
2024-08-07,SKU-061,617,170
2024-08-14,SKU-061,594,152
2024-08-21,SKU-061,620,95
2024-08-28,SKU-061,661,86
2024-09-04,SKU-061,678,90
2024-09-11,SKU-061,635,164
2024-09-18,SKU-061,657,103
2024-09-25,SKU-061,608,167
2024-10-02,SKU-061,610,118
2024-10-09,SKU-061,578,147
2024-10-16,SKU-061,560,125
2024-10-23,SKU-061,572,112
2024-10-30,SKU-061,566,121
2024-11-06,SKU-061,528,146
2024-11-13,SKU-061,542,115
2024-11-20,SKU-061,491,163
2024-11-27,SKU-061,525,83
2024-12-04,SKU-061,518,124
2024-12-11,SKU-061,555,86
2024-12-18,SKU-061,539,142
2024-12-25,SKU-061,541,115
2025-01-01,SKU-061,569,90
2025-01-08,SKU-061,516,170
2025-01-15,SKU-061,526,103
2025-01-22,SKU-061,489,149
2025-01-29,SKU-061,440,161
2025-02-05,SKU-061,458,99
2025-02-12,SKU-061,342,116
2025-02-19,SKU-061,368,98
2025-02-26,SKU-061,371,105
2025-03-05,SKU-061,239,132
2025-03-12,SKU-061,233,133
2025-03-19,SKU-061,246,102
2025-03-26,SKU-061,250,123
2025-04-02,SKU-061,289,83
2025-04-09,SKU-061,315,95
2025-04-16,SKU-061,324,110
2025-04-23,SKU-061,311,139
2025-04-30,SKU-061,302,118
2025-05-07,SKU-061,274,144
2025-05-14,SKU-061,230,164
2025-05-21,SKU-061,226,113
2025-05-28,SKU-061,275,65
2025-06-04,SKU-061,225,158
2025-06-11,SKU-061,243,98
2025-06-18,SKU-061,254,110
2025-06-25,SKU-061,248,130
2025-07-02,SKU-061,228,147
2025-07-09,SKU-061,237,119
2025-07-16,SKU-061,249,100
2025-07-23,SKU-061,225,143
2025-07-30,SKU-061,262,92
2025-08-06,SKU-061,278,90
2025-08-13,SKU-061,268,126
2025-08-20,SKU-061,257,133
2025-08-27,SKU-061,289,98
2025-09-03,SKU-061,309,108
2025-09-10,SKU-061,334,102
2025-09-17,SKU-061,315,134
2025-09-24,SKU-061,349,89
2025-10-01,SKU-061,337,121
2025-10-08,SKU-061,320,145
2025-10-15,SKU-061,319,128
2025-10-22,SKU-061,320,129
2025-10-29,SKU-061,276,151
2025-11-05,SKU-061,285,115
2025-11-12,SKU-061,287,113
2025-11-19,SKU-061,317,87
2025-11-26,SKU-061,277,166
2025-12-03,SKU-061,272,118
2025-12-10,SKU-061,264,125
2025-12-17,SKU-061,245,143
2025-12-24,SKU-061,211,143
2024-01-03,SKU-062,629,91
2024-01-10,SKU-062,628,77
2024-01-17,SKU-062,624,82
2024-01-24,SKU-062,602,100
2024-01-31,SKU-062,621,52
2024-02-07,SKU-062,636,60
2024-02-14,SKU-062,650,61
2024-02-21,SKU-062,641,88
2024-02-28,SKU-062,640,84
2024-03-06,SKU-062,617,100
2024-03-13,SKU-062,628,62
2024-03-20,SKU-062,588,113
2024-03-27,SKU-062,594,77
2024-04-03,SKU-062,586,82
2024-04-10,SKU-062,609,54
2024-04-17,SKU-062,601,88
2024-04-24,SKU-062,615,65
2024-05-01,SKU-062,604,83
2024-05-08,SKU-062,528,76
2024-05-15,SKU-062,513,89
2024-05-22,SKU-062,496,94
2024-05-29,SKU-062,483,98
2024-06-05,SKU-062,477,91
2024-06-12,SKU-062,495,64
2024-06-19,SKU-062,508,72
2024-06-26,SKU-062,527,53
2024-07-03,SKU-062,513,98
2024-07-10,SKU-062,512,83
2024-07-17,SKU-062,506,76
2024-07-24,SKU-062,507,78
2024-07-31,SKU-062,496,93
2024-08-07,SKU-062,476,90
2024-08-14,SKU-062,466,93
2024-08-21,SKU-062,472,79
2024-08-28,SKU-062,454,97
2024-09-04,SKU-062,474,61
2024-09-11,SKU-062,464,85
2024-09-18,SKU-062,465,70
2024-09-25,SKU-062,480,67
2024-10-02,SKU-062,485,72
2024-10-09,SKU-062,469,90
2024-10-16,SKU-062,466,86
2024-10-23,SKU-062,454,98
2024-10-30,SKU-062,435,95
2024-11-06,SKU-062,416,90
2024-11-13,SKU-062,410,89
2024-11-20,SKU-062,403,88
2024-11-27,SKU-062,401,76
2024-12-04,SKU-062,395,86
2024-12-11,SKU-062,410,63
2024-12-18,SKU-062,429,56
2024-12-25,SKU-062,422,91
2025-01-01,SKU-062,409,89
2025-01-08,SKU-062,410,85
2025-01-15,SKU-062,439,54
2025-01-22,SKU-062,435,85
2025-01-29,SKU-062,441,78
2025-02-05,SKU-062,437,75
2025-02-12,SKU-062,442,71
2025-02-19,SKU-062,475,51
2025-02-26,SKU-062,467,88
2025-03-05,SKU-062,460,91
2025-03-12,SKU-062,491,50
2025-03-19,SKU-062,486,80
2025-03-26,SKU-062,495,76
2025-04-02,SKU-062,487,91
2025-04-09,SKU-062,484,85
2025-04-16,SKU-062,487,76
2025-04-23,SKU-062,462,98
2025-04-30,SKU-062,468,67
2025-05-07,SKU-062,491,53
2025-05-14,SKU-062,503,68
2025-05-21,SKU-062,436,67
2025-05-28,SKU-062,438,77
2025-06-04,SKU-062,441,70
2025-06-11,SKU-062,461,55
2025-06-18,SKU-062,449,86
2025-06-25,SKU-062,466,65
2025-07-02,SKU-062,474,69
2025-07-09,SKU-062,522,28
2025-07-16,SKU-062,515,84
2025-07-23,SKU-062,536,63
2025-07-30,SKU-062,493,44
2025-08-06,SKU-062,402,91
2025-08-13,SKU-062,411,73
2025-08-20,SKU-062,412,74
2025-08-27,SKU-062,391,102
2025-09-03,SKU-062,410,52
2025-09-10,SKU-062,439,43
2025-09-17,SKU-062,442,78
2025-09-24,SKU-062,446,78
2025-10-01,SKU-062,458,71
2025-10-08,SKU-062,470,66
2025-10-15,SKU-062,469,78
2025-10-22,SKU-062,437,105
2025-10-29,SKU-062,458,63
2025-11-05,SKU-062,450,90
2025-11-12,SKU-062,413,108
2025-11-19,SKU-062,424,65
2025-11-26,SKU-062,412,88
2025-12-03,SKU-062,385,103
2025-12-10,SKU-062,384,78
2025-12-17,SKU-062,390,75
2025-12-24,SKU-062,368,97
2024-01-03,SKU-063,1029,170
2024-01-10,SKU-063,1063,116
2024-01-17,SKU-063,1061,147
2024-01-24,SKU-063,1042,150
2024-01-31,SKU-063,1020,165
2024-02-07,SKU-063,1060,115
2024-02-14,SKU-063,1044,166
2024-02-21,SKU-063,1012,169
2024-02-28,SKU-063,1004,145
2024-03-06,SKU-063,966,168
2024-03-13,SKU-063,964,136
2024-03-20,SKU-063,971,136
2024-03-27,SKU-063,951,176
2024-04-03,SKU-063,998,101
2024-04-10,SKU-063,957,177
2024-04-17,SKU-063,953,137
2024-04-24,SKU-063,961,130
2024-05-01,SKU-063,942,154
2024-05-08,SKU-063,950,119
2024-05-15,SKU-063,973,130
2024-05-22,SKU-063,947,167
2024-05-29,SKU-063,940,157
2024-06-05,SKU-063,909,160
2024-06-12,SKU-063,895,151
2024-06-19,SKU-063,935,107
2024-06-26,SKU-063,877,187
2024-07-03,SKU-063,862,164
2024-07-10,SKU-063,874,127
2024-07-17,SKU-063,784,241
2024-07-24,SKU-063,806,131
2024-07-31,SKU-063,863,95
2024-08-07,SKU-063,869,141
2024-08-14,SKU-063,870,148
2024-08-21,SKU-063,874,124
2024-08-28,SKU-063,921,106
2024-09-04,SKU-063,929,123
2024-09-11,SKU-063,964,110
2024-09-18,SKU-063,955,147
2024-09-25,SKU-063,984,121
2024-10-02,SKU-063,1005,119
2024-10-09,SKU-063,1008,146
2024-10-16,SKU-063,1013,131
2024-10-23,SKU-063,1067,101
2024-10-30,SKU-063,1104,107
2024-11-06,SKU-063,1094,149
2024-11-13,SKU-063,1082,151
2024-11-20,SKU-063,1090,127
2024-11-27,SKU-063,1110,116
2024-12-04,SKU-063,1116,142
2024-12-11,SKU-063,1193,78
2024-12-18,SKU-063,1237,105
2024-12-25,SKU-063,1258,134
2025-01-01,SKU-063,1302,105
2025-01-08,SKU-063,1284,162
2025-01-15,SKU-063,1261,151
2025-01-22,SKU-063,1298,113
2025-01-29,SKU-063,1334,104
2025-02-05,SKU-063,1301,169
2025-02-12,SKU-063,1269,164
2025-02-19,SKU-063,1240,175
2025-02-26,SKU-063,1224,147
2025-03-05,SKU-063,1235,143
2025-03-12,SKU-063,1255,125
2025-03-19,SKU-063,1269,116
2025-03-26,SKU-063,1275,133
2025-04-02,SKU-063,1320,106
2025-04-09,SKU-063,1379,91
2025-04-16,SKU-063,1374,134
2025-04-23,SKU-063,1379,137
2025-04-30,SKU-063,1395,136
2025-05-07,SKU-063,1419,104
2025-05-14,SKU-063,1413,153
2025-05-21,SKU-063,1414,144
2025-05-28,SKU-063,1401,147
2025-06-04,SKU-063,1410,134
2025-06-11,SKU-063,1394,158
2025-06-18,SKU-063,1385,151
2025-06-25,SKU-063,1383,143
2025-07-02,SKU-063,1357,168
2025-07-09,SKU-063,1345,155
2025-07-16,SKU-063,1327,166
2025-07-23,SKU-063,1337,139
2025-07-30,SKU-063,1317,149
2025-08-06,SKU-063,1270,179
2025-08-13,SKU-063,1303,95
2025-08-20,SKU-063,1346,100
2025-08-27,SKU-063,1356,142
2025-09-03,SKU-063,1382,105
2025-09-10,SKU-063,1416,119
2025-09-17,SKU-063,1445,113
2025-09-24,SKU-063,1422,155
2025-10-01,SKU-063,1487,87
2025-10-08,SKU-063,1500,143
2025-10-15,SKU-063,1471,177
2025-10-22,SKU-063,1491,117
2025-10-29,SKU-063,1505,138
2025-11-05,SKU-063,1518,131
2025-11-12,SKU-063,1536,114
2025-11-19,SKU-063,1546,141
2025-11-26,SKU-063,1574,126
2025-12-03,SKU-063,1548,165
2025-12-10,SKU-063,1537,144
2025-12-17,SKU-063,1582,92
2024-01-03,SKU-064,758,119
2024-01-10,SKU-064,728,127
2024-01-17,SKU-064,720,120
2024-01-24,SKU-064,710,101
2024-02-07,SKU-064,737,114
2024-02-14,SKU-064,747,83
2024-02-21,SKU-064,739,112
2024-02-28,SKU-064,772,71
2024-03-06,SKU-064,802,78
2024-03-13,SKU-064,799,101
2024-03-20,SKU-064,791,99
2024-03-27,SKU-064,798,103
2024-04-03,SKU-064,801,96
2024-04-10,SKU-064,785,123
2024-04-17,SKU-064,793,101
2024-04-24,SKU-064,774,122
2024-05-01,SKU-064,752,126
2024-05-08,SKU-064,733,112
2024-05-15,SKU-064,716,113
2024-05-22,SKU-064,698,113
2024-05-29,SKU-064,674,125
2024-06-05,SKU-064,667,111
2024-06-12,SKU-064,671,95
2024-06-19,SKU-064,659,115
2024-06-26,SKU-064,643,127
2024-07-03,SKU-064,650,99
2024-07-10,SKU-064,653,100
2024-07-17,SKU-064,623,121
2024-07-24,SKU-064,587,132
2024-07-31,SKU-064,615,68
2024-08-07,SKU-064,612,113
2024-08-14,SKU-064,609,104
2024-08-21,SKU-064,578,121
2024-08-28,SKU-064,565,106
2024-09-04,SKU-064,577,99
2024-09-11,SKU-064,548,128
2024-09-18,SKU-064,561,87
2024-09-25,SKU-064,529,130
2024-10-02,SKU-064,526,101
2024-10-09,SKU-064,517,116
2024-10-16,SKU-064,530,92
2024-10-23,SKU-064,565,63
2024-10-30,SKU-064,557,101
2024-11-06,SKU-064,547,113
2024-11-13,SKU-064,575,68
2024-11-20,SKU-064,558,112
2024-11-27,SKU-064,548,103
2024-12-04,SKU-064,569,79
2024-12-11,SKU-064,568,101
2024-12-18,SKU-064,590,83
2024-12-25,SKU-064,603,96
2025-01-01,SKU-064,641,66
2025-01-08,SKU-064,641,95
2025-01-15,SKU-064,626,122
2025-01-22,SKU-064,617,107
2025-01-29,SKU-064,630,86
2025-02-05,SKU-064,635,99
2025-02-12,SKU-064,643,87
2025-02-26,SKU-064,645,126
2025-03-05,SKU-064,659,97
2025-03-12,SKU-064,666,88
2025-03-19,SKU-064,649,120
2025-03-26,SKU-064,639,108
2025-04-02,SKU-064,671,69
2025-04-09,SKU-064,678,84
2025-04-16,SKU-064,700,75
2025-04-23,SKU-064,710,94
2025-04-30,SKU-064,738,84
2025-05-07,SKU-064,769,74
2025-05-14,SKU-064,798,68
2025-05-21,SKU-064,795,95
2025-05-28,SKU-064,814,81
2025-06-04,SKU-064,776,141
2025-06-11,SKU-064,807,70
2025-06-18,SKU-064,774,137
2025-06-25,SKU-064,758,118
2025-07-02,SKU-064,741,111
2025-07-09,SKU-064,761,85
2025-07-16,SKU-064,739,128
2025-07-23,SKU-064,719,114
2025-07-30,SKU-064,730,97
2025-08-06,SKU-064,717,106
2025-08-13,SKU-064,739,78
2025-08-20,SKU-064,703,141
2025-08-27,SKU-064,717,83
2025-09-03,SKU-064,716,110
2025-09-10,SKU-064,699,121
2025-09-17,SKU-064,673,131
2025-09-24,SKU-064,683,99
2025-10-01,SKU-064,692,100
2025-10-08,SKU-064,722,76
2025-10-15,SKU-064,730,90
2025-10-22,SKU-064,726,96
2025-10-29,SKU-064,725,106
2025-11-05,SKU-064,664,153
2025-11-12,SKU-064,663,96
2025-11-19,SKU-064,696,74
2025-11-26,SKU-064,674,116
2025-12-03,SKU-064,631,135
2025-12-10,SKU-064,651,84
2025-12-17,SKU-064,643,112
2025-12-24,SKU-064,623,118
2024-01-10,SKU-065,764,111
2024-01-17,SKU-065,774,123
2024-01-24,SKU-065,779,111
2024-01-31,SKU-065,780,125
2024-02-07,SKU-065,749,142
2024-02-14,SKU-065,703,161
2024-02-21,SKU-065,699,126
2024-02-28,SKU-065,726,106
2024-03-06,SKU-065,708,146
2024-03-13,SKU-065,703,138
2024-03-20,SKU-065,757,78
2024-03-27,SKU-065,776,111
2024-04-03,SKU-065,787,109
2024-04-10,SKU-065,749,156
2024-04-17,SKU-065,748,119
2024-04-24,SKU-065,728,145
2024-05-01,SKU-065,729,117
2024-05-08,SKU-065,624,105
2024-05-15,SKU-065,615,125
2024-05-22,SKU-065,578,171
2024-05-29,SKU-065,539,152
2024-06-05,SKU-065,582,77
2024-06-12,SKU-065,559,143
2024-06-19,SKU-065,556,135
2024-06-26,SKU-065,526,157
2024-07-03,SKU-065,528,113
2024-07-10,SKU-065,540,122
2024-07-17,SKU-065,511,154
2024-07-24,SKU-065,378,134
2024-07-31,SKU-065,406,107
2024-08-07,SKU-065,403,124
2024-08-14,SKU-065,475,46
2024-08-21,SKU-065,442,152
2024-08-28,SKU-065,469,108
2024-09-04,SKU-065,431,163
2024-09-11,SKU-065,459,95
2024-09-18,SKU-065,432,144
2024-09-25,SKU-065,403,145
2024-10-02,SKU-065,407,113
2024-10-09,SKU-065,458,76
2024-10-16,SKU-065,477,103
2024-10-23,SKU-065,524,76
2024-10-30,SKU-065,522,121
2024-11-06,SKU-065,567,88
2024-11-13,SKU-065,607,79
2024-11-20,SKU-065,608,112
2024-11-27,SKU-065,595,133
2024-12-04,SKU-065,601,117
2024-12-11,SKU-065,647,73
2024-12-18,SKU-065,574,207
2024-12-25,SKU-065,539,150
2025-01-01,SKU-065,567,92
2025-01-08,SKU-065,628,68
2025-01-15,SKU-065,629,120
2025-01-22,SKU-065,624,131
2025-01-29,SKU-065,623,130
2025-02-05,SKU-065,656,89
2025-02-12,SKU-065,597,177
2025-02-19,SKU-065,574,151
2025-02-26,SKU-065,601,94
2025-03-05,SKU-065,630,83
2025-03-12,SKU-065,649,114
2025-03-19,SKU-065,650,116
2025-03-26,SKU-065,691,73
2025-04-02,SKU-065,708,104
2025-04-09,SKU-065,738,88
2025-04-16,SKU-065,739,124
2025-04-23,SKU-065,686,168
2025-04-30,SKU-065,660,144
2025-05-07,SKU-065,687,98
2025-05-14,SKU-065,692,123
2025-05-21,SKU-065,684,133
2025-05-28,SKU-065,664,134
2025-06-04,SKU-065,669,123
2025-06-11,SKU-065,712,87
2025-06-18,SKU-065,688,155
2025-06-25,SKU-065,504,184
2025-07-02,SKU-065,480,138
2025-07-09,SKU-065,466,134
2025-07-16,SKU-065,532,61
2025-07-23,SKU-065,524,124
2025-07-30,SKU-065,466,173
2025-08-06,SKU-065,504,94
2025-08-13,SKU-065,491,135
2025-08-20,SKU-065,477,142
2025-08-27,SKU-065,506,101
2025-09-03,SKU-065,554,63
2025-09-10,SKU-065,544,124
2025-09-17,SKU-065,532,133
2025-09-24,SKU-065,524,124
2025-10-01,SKU-065,538,109
2025-10-08,SKU-065,510,144
2025-10-15,SKU-065,515,128
2025-10-22,SKU-065,494,142
2025-10-29,SKU-065,543,71
2025-11-05,SKU-065,502,161
2025-11-12,SKU-065,490,129
2025-11-19,SKU-065,511,105
2025-11-26,SKU-065,521,114
2025-12-03,SKU-065,535,105
2025-12-10,SKU-065,558,104
2025-12-17,SKU-065,491,182
2025-12-24,SKU-065,507,108
2024-01-03,SKU-066,641,90
2024-01-10,SKU-066,631,97
2024-01-17,SKU-066,629,80
2024-01-24,SKU-066,628,79
2024-01-31,SKU-066,626,82
2024-02-07,SKU-066,646,67
2024-02-14,SKU-066,637,91
2024-02-21,SKU-066,632,85
2024-02-28,SKU-066,607,107
2024-03-06,SKU-066,626,63
2024-03-13,SKU-066,594,111
2024-03-20,SKU-066,595,86
2024-03-27,SKU-066,585,99
2024-04-03,SKU-066,603,69
2024-04-10,SKU-066,613,68
2024-04-17,SKU-066,600,103
2024-04-24,SKU-066,578,107
2024-05-01,SKU-066,589,71
2024-05-08,SKU-066,553,36
2024-05-15,SKU-066,542,95
2024-05-22,SKU-066,514,110
2024-05-29,SKU-066,502,101
2024-06-05,SKU-066,493,90
2024-06-12,SKU-066,510,69
2024-06-19,SKU-066,401,109
2024-06-26,SKU-066,389,101
2024-07-03,SKU-066,386,86
2024-07-10,SKU-066,377,90
2024-07-17,SKU-066,308,70
2024-07-24,SKU-066,292,101
2024-07-31,SKU-066,288,96
2024-08-07,SKU-066,265,107
2024-08-14,SKU-066,237,109
2024-08-21,SKU-066,250,69
2024-08-28,SKU-066,260,81
2024-09-04,SKU-066,266,80
2024-09-11,SKU-066,251,94
2024-09-18,SKU-066,221,113
2024-09-25,SKU-066,230,68
2024-10-02,SKU-066,234,77
2024-10-09,SKU-066,234,77
2024-10-16,SKU-066,245,79
2024-10-23,SKU-066,239,93
2024-10-30,SKU-066,255,65
2024-11-06,SKU-066,272,64
2024-11-13,SKU-066,278,79
2024-11-20,SKU-066,278,79
2024-11-27,SKU-066,288,71
2024-12-04,SKU-066,283,92
2024-12-11,SKU-066,297,71
2024-12-18,SKU-066,278,101
2024-12-25,SKU-066,258,99
2025-01-01,SKU-066,282,54
2025-01-08,SKU-066,291,77
2025-01-15,SKU-066,279,95
2025-01-22,SKU-066,303,56
2025-01-29,SKU-066,301,82
2025-02-05,SKU-066,291,100
2025-02-12,SKU-066,267,113
2025-02-19,SKU-066,290,65
2025-02-26,SKU-066,258,116
2025-03-05,SKU-066,232,108
2025-03-12,SKU-066,246,64
2025-03-19,SKU-066,231,107
2025-04-02,SKU-066,233,59
2025-04-09,SKU-066,226,84
2025-04-16,SKU-066,202,116
2025-04-23,SKU-066,191,99
2025-04-30,SKU-066,208,64
2025-05-07,SKU-066,235,59
2025-05-14,SKU-066,258,67
2025-05-21,SKU-066,244,92
2025-05-28,SKU-066,226,97
2025-06-04,SKU-066,142,84
2025-06-11,SKU-066,128,94
2025-06-18,SKU-066,119,99
2025-06-25,SKU-066,46,73
2025-07-02,SKU-066,40,86
2025-07-09,SKU-066,60,64
2025-07-16,SKU-066,72,77
2025-07-23,SKU-066,55,100
2025-07-30,SKU-066,64,79
2025-08-06,SKU-066,51,99
2025-08-13,SKU-066,62,75
2025-08-20,SKU-066,51,102
2025-08-27,SKU-066,46,92
2025-09-03,SKU-066,19,103
2025-09-10,SKU-066,1,101
2025-09-17,SKU-066,0,95
2025-09-24,SKU-066,18,74
2025-10-01,SKU-066,29,70
2025-10-08,SKU-066,42,66
2025-10-15,SKU-066,16,102
2025-10-22,SKU-066,36,61
2025-10-29,SKU-066,16,107
2025-11-05,SKU-066,21,82
2025-11-12,SKU-066,23,79
2025-11-19,SKU-066,31,75
2025-11-26,SKU-066,30,93
2025-12-03,SKU-066,22,84
2025-12-10,SKU-066,18,86
2025-12-17,SKU-066,0,104
2025-12-24,SKU-066,12,68
2024-01-03,SKU-067,340,84
2024-01-10,SKU-067,357,66
2024-01-17,SKU-067,359,79
2024-01-24,SKU-067,356,98
2024-01-31,SKU-067,376,64
2024-02-07,SKU-067,400,65
2024-02-14,SKU-067,403,74
2024-02-21,SKU-067,411,81
2024-02-28,SKU-067,426,70
2024-03-06,SKU-067,335,91
2024-03-13,SKU-067,264,71
2024-03-20,SKU-067,263,95
2024-03-27,SKU-067,250,101
2024-04-03,SKU-067,226,109
2024-04-10,SKU-067,250,58
2024-04-17,SKU-067,232,106
2024-04-24,SKU-067,219,106
2024-05-01,SKU-067,224,74
2024-05-08,SKU-067,230,75
2024-05-15,SKU-067,237,88
2024-05-22,SKU-067,230,87
2024-05-29,SKU-067,216,105
2024-06-05,SKU-067,236,70
2024-06-12,SKU-067,271,49
2024-06-19,SKU-067,264,92
2024-06-26,SKU-067,281,70
2024-07-03,SKU-067,262,102
2024-07-10,SKU-067,256,99
2024-07-17,SKU-067,276,74
2024-07-24,SKU-067,307,59
2024-07-31,SKU-067,304,88
2024-08-07,SKU-067,314,82
2024-08-14,SKU-067,306,95
2024-08-21,SKU-067,303,88
2024-08-28,SKU-067,333,64
2024-09-04,SKU-067,335,78
2024-09-11,SKU-067,329,90
2024-09-18,SKU-067,337,78
2024-09-25,SKU-067,346,72
2024-10-02,SKU-067,340,94
2024-10-09,SKU-067,342,93
2024-10-16,SKU-067,338,89
2024-10-23,SKU-067,340,86
2024-10-30,SKU-067,335,93
2024-11-06,SKU-067,334,95
2024-11-13,SKU-067,359,63
2024-11-20,SKU-067,342,107
2024-11-27,SKU-067,347,77
2024-12-04,SKU-067,361,74
2024-12-11,SKU-067,369,78
2024-12-18,SKU-067,391,57
2024-12-25,SKU-067,429,55
2025-01-01,SKU-067,454,64
2025-01-08,SKU-067,443,98
2025-01-15,SKU-067,418,106
2025-01-22,SKU-067,424,78
2025-01-29,SKU-067,439,77
2025-02-05,SKU-067,421,99
2025-02-12,SKU-067,451,53
2025-02-19,SKU-067,329,122
2025-02-26,SKU-067,333,79
2025-03-05,SKU-067,335,91
2025-03-12,SKU-067,349,68
2025-03-19,SKU-067,340,97
2025-03-26,SKU-067,335,100
2025-04-02,SKU-067,337,85
2025-04-09,SKU-067,333,83
2025-04-16,SKU-067,329,93
2025-04-23,SKU-067,340,72
2025-04-30,SKU-067,335,90
2025-05-07,SKU-067,374,55
2025-05-14,SKU-067,352,100
2025-05-21,SKU-067,315,115
2025-05-28,SKU-067,323,87
2025-06-04,SKU-067,351,65
2025-06-11,SKU-067,349,81
2025-06-18,SKU-067,359,80
2025-06-25,SKU-067,314,125
2025-07-02,SKU-067,306,100
2025-07-09,SKU-067,301,83
2025-07-16,SKU-067,279,107
2025-07-23,SKU-067,257,113
2025-07-30,SKU-067,271,77
2025-08-06,SKU-067,290,72
2025-08-13,SKU-067,308,65
2025-08-20,SKU-067,297,100
2025-08-27,SKU-067,273,109
2025-09-03,SKU-067,241,111
2025-09-10,SKU-067,267,66
2025-09-17,SKU-067,307,50
2025-09-24,SKU-067,299,87
2025-10-01,SKU-067,288,95
2025-10-08,SKU-067,315,67
2025-10-15,SKU-067,335,71
2025-10-22,SKU-067,342,82
2025-10-29,SKU-067,310,111
2025-11-05,SKU-067,336,67
2025-11-12,SKU-067,341,78
2025-11-19,SKU-067,316,107
2025-11-26,SKU-067,327,75
2025-12-03,SKU-067,340,74
2025-12-10,SKU-067,343,85
2025-12-17,SKU-067,334,99
2025-12-24,SKU-067,376,38
2024-01-03,SKU-068,600,106
2024-01-10,SKU-068,633,97
2024-01-17,SKU-068,651,108
2024-01-24,SKU-068,633,138
2024-01-31,SKU-068,675,88
2024-02-07,SKU-068,689,118
2024-02-14,SKU-068,667,137
2024-02-21,SKU-068,689,106
2024-02-28,SKU-068,711,112
2024-03-06,SKU-068,720,125
2024-03-13,SKU-068,709,137
2024-03-20,SKU-068,735,91
2024-03-27,SKU-068,756,104
2024-04-03,SKU-068,779,111
2024-04-10,SKU-068,775,129
2024-04-17,SKU-068,784,128
2024-04-24,SKU-068,802,110
2024-05-01,SKU-068,855,74
2024-05-08,SKU-068,817,160
2024-05-15,SKU-068,688,130
2024-05-22,SKU-068,515,172
2024-05-29,SKU-068,494,157
2024-06-05,SKU-068,524,99
2024-06-12,SKU-068,508,140
2024-06-19,SKU-068,472,158
2024-06-26,SKU-068,477,124
2024-07-03,SKU-068,446,145
2024-07-10,SKU-068,466,96
2024-07-17,SKU-068,506,87
2024-07-24,SKU-068,491,145
2024-07-31,SKU-068,418,198
2024-08-07,SKU-068,421,124
2024-08-14,SKU-068,439,110
2024-08-21,SKU-068,477,95
2024-08-28,SKU-068,484,125
2024-09-04,SKU-068,495,124
2024-09-11,SKU-068,477,131
2024-09-18,SKU-068,513,92
2024-09-25,SKU-068,501,148
2024-10-02,SKU-068,533,93
2024-10-09,SKU-068,559,108
2024-10-16,SKU-068,550,134
2024-10-23,SKU-068,624,40
2024-10-30,SKU-068,647,103
2024-11-06,SKU-068,619,147
2024-11-13,SKU-068,652,100
2024-11-20,SKU-068,635,134
2024-11-27,SKU-068,637,116
2024-12-04,SKU-068,659,108
2024-12-11,SKU-068,655,121
2024-12-18,SKU-068,673,119
2024-12-25,SKU-068,711,93
2025-01-01,SKU-068,700,142
2025-01-08,SKU-068,718,117
2025-01-15,SKU-068,716,123
2025-01-22,SKU-068,727,106
2025-01-29,SKU-068,716,130
2025-02-05,SKU-068,740,107
2025-02-12,SKU-068,710,164
2025-02-19,SKU-068,680,144
2025-02-26,SKU-068,697,115
2025-03-05,SKU-068,692,119
2025-03-12,SKU-068,753,63
2025-03-19,SKU-068,735,133
2025-03-26,SKU-068,656,205
2025-04-02,SKU-068,634,135
2025-04-09,SKU-068,656,101
2025-04-16,SKU-068,643,148
2025-04-23,SKU-068,648,126
2025-04-30,SKU-068,630,144
2025-05-07,SKU-068,625,133
2025-05-14,SKU-068,694,63
2025-05-21,SKU-068,674,142
2025-05-28,SKU-068,662,131
2025-06-04,SKU-068,671,119
2025-06-11,SKU-068,671,121
2025-06-18,SKU-068,681,114
2025-06-25,SKU-068,656,144
2025-07-02,SKU-068,657,125
2025-07-09,SKU-068,638,140
2025-07-16,SKU-068,658,110
2025-07-23,SKU-068,638,135
2025-08-06,SKU-068,598,128
2025-08-13,SKU-068,629,94
2025-08-20,SKU-068,631,123
2025-08-27,SKU-068,610,137
2025-09-03,SKU-068,593,132
2025-09-10,SKU-068,647,80
2025-09-17,SKU-068,644,123
2025-09-24,SKU-068,667,107
2025-10-01,SKU-068,630,152
2025-10-08,SKU-068,644,104
2025-10-15,SKU-068,649,115
2025-10-22,SKU-068,617,152
2025-10-29,SKU-068,639,108
2025-11-05,SKU-068,636,138
2025-11-12,SKU-068,600,153
2025-11-19,SKU-068,569,161
2025-11-26,SKU-068,506,185
2025-12-03,SKU-068,542,80
2025-12-10,SKU-068,479,179
2025-12-17,SKU-068,503,101
2025-12-24,SKU-068,452,174
2024-01-03,SKU-069,735,71
2024-01-10,SKU-069,716,128
2024-01-17,SKU-069,707,119
2024-01-24,SKU-069,735,91
2024-01-31,SKU-069,754,91
2024-02-07,SKU-069,769,97
2024-02-14,SKU-069,773,115
2024-02-21,SKU-069,765,117
2024-02-28,SKU-069,789,97
2024-03-06,SKU-069,810,103
2024-03-13,SKU-069,809,120
2024-03-20,SKU-069,805,111
2024-03-27,SKU-069,788,135
2024-04-03,SKU-069,819,78
2024-04-10,SKU-069,822,117
2024-04-17,SKU-069,823,109
2024-04-24,SKU-069,801,136
2024-05-01,SKU-069,794,114
2024-05-08,SKU-069,781,134
2024-05-15,SKU-069,656,125
2024-05-22,SKU-069,641,119
2024-05-29,SKU-069,648,100
2024-06-05,SKU-069,660,107
2024-06-12,SKU-069,506,154
2024-06-19,SKU-069,491,128
2024-06-26,SKU-069,523,91
2024-07-03,SKU-069,529,112
2024-07-10,SKU-069,517,135
2024-07-17,SKU-069,510,120
2024-07-24,SKU-069,524,96
2024-07-31,SKU-069,526,103
2024-08-07,SKU-069,502,140
2024-08-14,SKU-069,492,133
2024-08-21,SKU-069,492,104
2024-08-28,SKU-069,498,99
2024-09-04,SKU-069,493,126
2024-09-11,SKU-069,511,93
2024-09-18,SKU-069,519,98
2024-09-25,SKU-069,499,125
2024-10-02,SKU-069,489,114
2024-10-09,SKU-069,480,116
2024-10-16,SKU-069,510,85
2024-10-23,SKU-069,511,114
2024-10-30,SKU-069,511,108
2024-11-06,SKU-069,503,110
2024-11-13,SKU-069,457,166
2024-11-20,SKU-069,466,109
2024-11-27,SKU-069,495,81
2024-12-04,SKU-069,523,93
2024-12-11,SKU-069,527,118
2024-12-18,SKU-069,522,111
2024-12-25,SKU-069,548,87
2025-01-01,SKU-069,559,101
2025-01-08,SKU-069,597,81
2025-01-15,SKU-069,556,149
2025-01-22,SKU-069,592,83
2025-01-29,SKU-069,604,99
2025-02-05,SKU-069,568,147
2025-02-12,SKU-069,539,142
2025-02-19,SKU-069,546,116
2025-02-26,SKU-069,538,122
2025-03-05,SKU-069,566,74
2025-03-12,SKU-069,553,133
2025-03-19,SKU-069,578,95
2025-03-26,SKU-069,611,81
2025-04-02,SKU-069,598,131
2025-04-09,SKU-069,599,114
2025-04-16,SKU-069,578,145
2025-04-23,SKU-069,594,104
2025-04-30,SKU-069,569,146
2025-05-07,SKU-069,454,115
2025-05-14,SKU-069,455,103
2025-05-21,SKU-069,493,86
2025-05-28,SKU-069,531,80
2025-06-04,SKU-069,513,138
2025-06-11,SKU-069,536,89
2025-06-18,SKU-069,524,120
2025-06-25,SKU-069,512,130
2025-07-02,SKU-069,518,111
2025-07-09,SKU-069,498,124
2025-07-16,SKU-069,513,101
2025-07-23,SKU-069,527,104
2025-07-30,SKU-069,521,127
2025-08-06,SKU-069,552,81
2025-08-13,SKU-069,549,105
2025-08-20,SKU-069,517,153
2025-08-27,SKU-069,500,120
2025-09-03,SKU-069,523,85
2025-09-10,SKU-069,512,118
2025-09-17,SKU-069,523,106
2025-09-24,SKU-069,560,81
2025-10-01,SKU-069,533,146
2025-10-15,SKU-069,550,100
2025-10-22,SKU-069,561,95
2025-10-29,SKU-069,586,95
2025-11-05,SKU-069,573,115
2025-11-12,SKU-069,570,119
2025-11-19,SKU-069,542,150
2025-11-26,SKU-069,564,101
2025-12-03,SKU-069,556,118
2025-12-10,SKU-069,525,140
2025-12-17,SKU-069,553,79
2025-12-24,SKU-069,565,100
2024-01-03,SKU-070,595,84
2024-01-10,SKU-070,639,85
2024-01-17,SKU-070,625,145
2024-01-24,SKU-070,599,135
2024-02-07,SKU-070,621,116
2024-02-14,SKU-070,608,126
2024-02-21,SKU-070,618,116
2024-02-28,SKU-070,641,99
2024-03-06,SKU-070,641,120
2024-03-20,SKU-070,682,87
2024-03-27,SKU-070,705,108
2024-04-03,SKU-070,702,129
2024-04-10,SKU-070,709,110
2024-04-17,SKU-070,709,113
2024-04-24,SKU-070,674,146
2024-05-01,SKU-070,675,120
2024-05-08,SKU-070,651,143
2024-05-15,SKU-070,618,142
2024-05-22,SKU-070,636,99
2024-05-29,SKU-070,609,145
2024-06-05,SKU-070,609,131
2024-06-12,SKU-070,608,117
2024-06-19,SKU-070,617,101
2024-06-26,SKU-070,631,117
2024-07-03,SKU-070,657,99
2024-07-10,SKU-070,680,100
2024-07-17,SKU-070,697,111
2024-07-24,SKU-070,690,136
2024-07-31,SKU-070,705,111
2024-08-07,SKU-070,740,95
2024-08-14,SKU-070,734,115
2024-08-21,SKU-070,712,130
2024-08-28,SKU-070,720,113
2024-09-04,SKU-070,674,158
2024-09-11,SKU-070,667,126
2024-09-18,SKU-070,649,131
2024-09-25,SKU-070,655,120
2024-10-02,SKU-070,608,163
2024-10-09,SKU-070,553,173
2024-10-16,SKU-070,560,105
2024-10-23,SKU-070,537,143
2024-10-30,SKU-070,502,146
2024-11-06,SKU-070,505,114
2024-11-13,SKU-070,480,155
2024-11-20,SKU-070,497,110
2024-11-27,SKU-070,481,125
2024-12-04,SKU-070,493,105
2024-12-11,SKU-070,523,99
2024-12-18,SKU-070,573,73
2024-12-25,SKU-070,572,121
2025-01-01,SKU-070,565,133
2025-01-08,SKU-070,540,145
2025-01-15,SKU-070,513,154
2025-01-22,SKU-070,533,105
2025-01-29,SKU-070,500,149
2025-02-05,SKU-070,513,101
2025-02-12,SKU-070,513,118
2025-02-19,SKU-070,490,142
2025-02-26,SKU-070,522,86
2025-03-05,SKU-070,515,137
2025-03-12,SKU-070,522,121
2025-03-19,SKU-070,526,104
2025-03-26,SKU-070,553,92
2025-04-02,SKU-070,525,144
2025-04-09,SKU-070,521,125
2025-04-16,SKU-070,518,134
2025-04-23,SKU-070,538,105
2025-04-30,SKU-070,509,157
2025-05-07,SKU-070,495,136
2025-05-14,SKU-070,509,97
2025-05-28,SKU-070,555,91
2025-06-04,SKU-070,531,150
2025-06-11,SKU-070,488,169
2025-06-18,SKU-070,466,137
2025-06-25,SKU-070,455,125
2025-07-02,SKU-070,477,104
2025-07-09,SKU-070,492,101
2025-07-16,SKU-070,473,144
2025-07-23,SKU-070,465,128
2025-07-30,SKU-070,484,113
2025-08-06,SKU-070,467,132
2025-08-13,SKU-070,458,126
2025-08-20,SKU-070,471,98
2025-08-27,SKU-070,461,136
2025-09-03,SKU-070,456,133
2025-09-10,SKU-070,438,142
2025-09-17,SKU-070,442,123
2025-09-24,SKU-070,468,105
2025-10-01,SKU-070,397,179
2025-10-08,SKU-070,405,107
2025-10-15,SKU-070,418,104
2025-10-22,SKU-070,374,153
2025-10-29,SKU-070,380,114
2025-11-05,SKU-070,410,99
2025-11-12,SKU-070,444,97
2025-11-19,SKU-070,460,102
2025-11-26,SKU-070,468,124
2025-12-03,SKU-070,467,119
2025-12-10,SKU-070,451,143
2025-12-17,SKU-070,440,134
2025-12-24,SKU-070,423,149
2024-01-03,SKU-071,598,129
2024-01-10,SKU-071,590,118
2024-01-17,SKU-071,591,105
2024-01-24,SKU-071,609,92
2024-01-31,SKU-071,601,108
2024-02-07,SKU-071,610,97
2024-02-14,SKU-071,626,85
2024-02-21,SKU-071,651,79
2024-02-28,SKU-071,644,115
2024-03-06,SKU-071,648,98
2024-03-13,SKU-071,532,116
2024-03-20,SKU-071,520,129
2024-03-27,SKU-071,497,129
2024-04-03,SKU-071,482,123
2024-04-10,SKU-071,478,121
2024-04-17,SKU-071,455,133
2024-04-24,SKU-071,464,97
2024-05-01,SKU-071,482,101
2024-05-08,SKU-071,526,73
2024-05-15,SKU-071,522,107
2024-05-22,SKU-071,532,89
2024-05-29,SKU-071,553,93
2024-06-05,SKU-071,553,102
2024-06-12,SKU-071,558,112
2024-06-19,SKU-071,560,108
2024-06-26,SKU-071,536,127
2024-07-03,SKU-071,546,109
2024-07-10,SKU-071,530,127
2024-07-17,SKU-071,498,138
2024-07-24,SKU-071,481,129
2024-07-31,SKU-071,492,101
2024-08-07,SKU-071,514,95
2024-08-14,SKU-071,533,100
2024-08-21,SKU-071,550,95
2024-08-28,SKU-071,585,82
2024-09-04,SKU-071,546,144
2024-09-11,SKU-071,546,105
2024-09-25,SKU-071,539,149
2024-10-02,SKU-071,573,84
2024-10-09,SKU-071,578,113
2024-10-16,SKU-071,568,108
2024-10-23,SKU-071,523,149
2024-10-30,SKU-071,529,112
2024-11-06,SKU-071,488,153
2024-11-13,SKU-071,490,118
2024-11-20,SKU-071,454,137
2024-11-27,SKU-071,440,130
2024-12-04,SKU-071,464,92
2024-12-11,SKU-071,482,86
2024-12-18,SKU-071,508,89
2024-12-25,SKU-071,502,118
2025-01-01,SKU-071,458,152
2025-01-08,SKU-071,458,100
2025-01-15,SKU-071,467,110
2025-01-22,SKU-071,446,125
2025-01-29,SKU-071,483,78
2025-02-05,SKU-071,406,76
2025-02-12,SKU-071,306,100
2025-02-19,SKU-071,291,135
2025-02-26,SKU-071,268,125
2025-03-05,SKU-071,292,90
2025-03-12,SKU-071,303,88
2025-03-19,SKU-071,308,96
2025-03-26,SKU-071,318,101
2025-04-02,SKU-071,282,145
2025-04-09,SKU-071,330,65
2025-04-16,SKU-071,339,105
2025-04-23,SKU-071,345,102
2025-04-30,SKU-071,313,132
2025-05-07,SKU-071,307,112
2025-05-14,SKU-071,293,118
2025-05-21,SKU-071,323,90
2025-05-28,SKU-071,347,83
2025-06-04,SKU-071,336,120
2025-06-11,SKU-071,322,126
2025-06-18,SKU-071,343,96
2025-06-25,SKU-071,342,115
2025-07-02,SKU-071,328,117
2025-07-09,SKU-071,296,133
2025-07-16,SKU-071,321,95
2025-07-23,SKU-071,389,44
2025-07-30,SKU-071,370,137
2025-08-06,SKU-071,384,98
2025-08-13,SKU-071,361,140
2025-08-20,SKU-071,369,111
2025-08-27,SKU-071,378,109
2025-09-03,SKU-071,372,110
2025-09-10,SKU-071,420,66
2025-09-17,SKU-071,406,124
2025-09-24,SKU-071,438,75
2025-10-01,SKU-071,436,119
2025-10-08,SKU-071,449,106
2025-10-15,SKU-071,467,98
2025-10-22,SKU-071,452,119
2025-10-29,SKU-071,439,122
2025-11-05,SKU-071,468,72
2025-11-12,SKU-071,444,140
2025-11-19,SKU-071,450,107
2025-12-03,SKU-071,482,80
2025-12-17,SKU-071,443,155
2025-12-24,SKU-071,406,149
2024-01-03,SKU-072,342,115
2024-01-10,SKU-072,346,79
2024-01-17,SKU-072,357,77
2024-01-24,SKU-072,361,88
2024-01-31,SKU-072,330,115
2024-02-07,SKU-072,369,43
2024-02-14,SKU-072,381,77
2024-02-21,SKU-072,406,66
2024-02-28,SKU-072,414,78
2024-03-06,SKU-072,429,75
2024-03-13,SKU-072,434,82
2024-03-20,SKU-072,434,89
2024-03-27,SKU-072,417,106
2024-04-03,SKU-072,428,66
2024-04-10,SKU-072,407,113
2024-04-17,SKU-072,442,43
2024-04-24,SKU-072,429,102
2024-05-01,SKU-072,439,81
2024-05-08,SKU-072,443,77
2024-05-15,SKU-072,458,75
2024-05-22,SKU-072,460,79
2024-05-29,SKU-072,454,90
2024-06-05,SKU-072,458,73
2024-06-12,SKU-072,448,91
2024-06-19,SKU-072,453,86
2024-06-26,SKU-072,448,85
2024-07-03,SKU-072,462,68
2024-07-10,SKU-072,481,64
2024-07-17,SKU-072,364,117
2024-07-24,SKU-072,377,69
2024-07-31,SKU-072,391,76
2024-08-07,SKU-072,375,98
2024-08-14,SKU-072,394,68
2024-08-21,SKU-072,366,118
2024-08-28,SKU-072,358,98
2024-09-04,SKU-072,336,100
2024-09-11,SKU-072,338,88
2024-09-18,SKU-072,354,70
2024-09-25,SKU-072,318,116
2024-10-02,SKU-072,338,63
2024-10-09,SKU-072,347,72
2024-10-16,SKU-072,330,108
2024-10-23,SKU-072,346,75
2024-10-30,SKU-072,355,80
2024-11-06,SKU-072,347,87
2024-11-13,SKU-072,368,65
2024-11-20,SKU-072,378,82
2024-11-27,SKU-072,378,88
2024-12-04,SKU-072,380,84
2024-12-11,SKU-072,362,101
2024-12-18,SKU-072,383,68
2024-12-25,SKU-072,385,84
2025-01-01,SKU-072,388,89
2025-01-08,SKU-072,377,94
2025-01-15,SKU-072,395,67
2025-01-22,SKU-072,379,100
2025-01-29,SKU-072,353,118
2025-02-05,SKU-072,356,88
2025-02-19,SKU-072,365,59
2025-03-05,SKU-072,355,94
2025-03-12,SKU-072,334,98
2025-03-19,SKU-072,333,86
2025-03-26,SKU-072,338,80
2025-04-02,SKU-072,313,115
2025-04-09,SKU-072,348,58
2025-04-16,SKU-072,364,64
2025-04-23,SKU-072,338,106
2025-04-30,SKU-072,347,68
2025-05-07,SKU-072,369,58
2025-05-14,SKU-072,352,107
2025-05-21,SKU-072,351,85
2025-05-28,SKU-072,343,94
2025-06-04,SKU-072,355,78
2025-06-11,SKU-072,352,90
2025-06-18,SKU-072,265,86
2025-06-25,SKU-072,301,51
2025-07-02,SKU-072,314,76
2025-07-09,SKU-072,205,109
2025-07-16,SKU-072,130,75
2025-07-23,SKU-072,88,130
2025-08-06,SKU-072,97,87
2025-08-13,SKU-072,103,86
2025-08-20,SKU-072,141,54
2025-08-27,SKU-072,114,108
2025-09-03,SKU-072,120,73
2025-09-10,SKU-072,131,80
2025-09-17,SKU-072,150,74
2025-09-24,SKU-072,145,84
2025-10-01,SKU-072,146,92
2025-10-08,SKU-072,155,81
2025-10-15,SKU-072,189,47
2025-10-22,SKU-072,182,97
2025-10-29,SKU-072,201,68
2025-11-05,SKU-072,197,93
2025-11-12,SKU-072,205,78
2025-11-19,SKU-072,199,99
2025-11-26,SKU-072,235,49
2025-12-03,SKU-072,220,101
2025-12-10,SKU-072,255,51
2025-12-17,SKU-072,272,62
2025-12-24,SKU-072,212,137
2024-01-03,SKU-073,586,144
2024-01-10,SKU-073,633,77
2024-01-17,SKU-073,621,119
2024-01-24,SKU-073,577,152
2024-01-31,SKU-073,550,139
2024-02-07,SKU-073,550,118
2024-02-14,SKU-073,537,118
2024-02-21,SKU-073,538,109
2024-02-28,SKU-073,529,127
2024-03-06,SKU-073,493,144
2024-03-13,SKU-073,494,106
2024-03-20,SKU-073,504,110
2024-03-27,SKU-073,390,114
2024-04-03,SKU-073,415,95
2024-04-10,SKU-073,454,85
2024-04-17,SKU-073,471,98
2024-04-24,SKU-073,460,114
2024-05-01,SKU-073,485,94
2024-05-08,SKU-073,517,83
2024-05-15,SKU-073,492,144
2024-05-22,SKU-073,506,96
2024-05-29,SKU-073,515,97
2024-06-05,SKU-073,447,175
2024-06-12,SKU-073,459,112
2024-06-19,SKU-073,499,81
2024-06-26,SKU-073,513,88
2024-07-03,SKU-073,566,70
2024-07-10,SKU-073,558,112
2024-07-17,SKU-073,528,141
2024-07-24,SKU-073,539,107
2024-07-31,SKU-073,535,121
2024-08-07,SKU-073,517,131
2024-08-14,SKU-073,549,89
2024-08-21,SKU-073,555,100
2024-08-28,SKU-073,570,94
2024-09-04,SKU-073,557,121
2024-09-11,SKU-073,579,82
2024-09-18,SKU-073,578,109
2024-09-25,SKU-073,585,110
2024-10-02,SKU-073,562,126
2024-10-09,SKU-073,610,65
2024-10-16,SKU-073,628,104
2024-10-23,SKU-073,610,121
2024-10-30,SKU-073,590,134
2024-11-06,SKU-073,567,125
2024-11-13,SKU-073,568,123
2024-11-20,SKU-073,562,108
2024-11-27,SKU-073,583,88
2024-12-04,SKU-073,578,120
2024-12-11,SKU-073,586,103
2024-12-18,SKU-073,580,109
2024-12-25,SKU-073,577,117
2025-01-01,SKU-073,571,119
2025-01-08,SKU-073,579,116
2025-01-15,SKU-073,564,120
2025-01-22,SKU-073,532,142
2025-01-29,SKU-073,534,104
2025-02-05,SKU-073,494,159
2025-02-12,SKU-073,500,107
2025-02-19,SKU-073,458,163
2025-02-26,SKU-073,454,127
2025-03-05,SKU-073,302,152
2025-03-12,SKU-073,278,146
2025-03-19,SKU-073,262,136
2025-03-26,SKU-073,256,129
2025-04-02,SKU-073,163,93
2025-04-09,SKU-073,154,113
2025-04-16,SKU-073,161,98
2025-04-23,SKU-073,137,128
2025-04-30,SKU-073,7,130
2025-05-07,SKU-073,0,146
2025-05-14,SKU-073,0,146
2025-05-21,SKU-073,19,93
2025-05-28,SKU-073,43,93
2025-06-04,SKU-073,43,121
2025-06-11,SKU-073,67,92
2025-06-18,SKU-073,76,95
2025-06-25,SKU-073,103,81
2025-07-02,SKU-073,52,156
2025-07-09,SKU-073,67,105
2025-07-16,SKU-073,64,106
2025-07-23,SKU-073,61,106
2025-07-30,SKU-073,91,94
2025-08-06,SKU-073,119,85
2025-08-13,SKU-073,136,102
2025-08-20,SKU-073,132,119
2025-08-27,SKU-073,131,122
2025-09-03,SKU-073,143,92
2025-09-10,SKU-073,127,131
2025-09-17,SKU-073,78,166
2025-09-24,SKU-073,92,101
2025-10-01,SKU-073,98,113
2025-10-08,SKU-073,98,105
2025-10-15,SKU-073,82,134
2025-10-22,SKU-073,83,108
2025-10-29,SKU-073,110,89
2025-11-05,SKU-073,110,113
2025-11-12,SKU-073,89,134
2025-11-19,SKU-073,109,90
2025-11-26,SKU-073,107,114
2025-12-03,SKU-073,137,90
2025-12-10,SKU-073,160,85
2025-12-17,SKU-073,162,115
2025-12-24,SKU-073,142,126
2024-01-03,SKU-074,712,113
2024-01-10,SKU-074,714,87
2024-01-17,SKU-074,713,106
2024-01-24,SKU-074,721,85
2024-01-31,SKU-074,721,102
2024-02-07,SKU-074,732,88
2024-02-14,SKU-074,734,93
2024-02-21,SKU-074,729,101
2024-02-28,SKU-074,714,114
2024-03-06,SKU-074,710,91
2024-03-13,SKU-074,700,100
2024-03-20,SKU-074,709,85
2024-03-27,SKU-074,741,60
2024-04-03,SKU-074,737,104
2024-04-10,SKU-074,767,65
2024-04-17,SKU-074,749,105
2024-04-24,SKU-074,740,101
2024-05-01,SKU-074,728,116
2024-05-08,SKU-074,726,106
2024-05-15,SKU-074,706,119
2024-05-22,SKU-074,630,75
2024-05-29,SKU-074,603,130
2024-06-05,SKU-074,620,77
2024-06-12,SKU-074,589,121
2024-06-19,SKU-074,592,100
2024-06-26,SKU-074,603,86
2024-07-03,SKU-074,592,109
2024-07-10,SKU-074,603,80
2024-07-17,SKU-074,616,87
2024-07-24,SKU-074,607,112
2024-07-31,SKU-074,490,117
2024-08-07,SKU-074,476,106
2024-08-14,SKU-074,520,60
2024-08-21,SKU-074,525,89
2024-08-28,SKU-074,528,83
2024-09-04,SKU-074,539,91
2024-09-11,SKU-074,543,85
2024-09-18,SKU-074,560,84
2024-09-25,SKU-074,566,85
2024-10-02,SKU-074,570,83
2024-10-09,SKU-074,563,108
2024-10-16,SKU-074,526,125
2024-10-23,SKU-074,496,119
2024-10-30,SKU-074,485,100
2024-11-06,SKU-074,519,67
2024-11-13,SKU-074,505,101
2024-11-20,SKU-074,540,65
2024-11-27,SKU-074,518,126
2024-12-04,SKU-074,496,122
2024-12-18,SKU-074,529,92
2024-12-25,SKU-074,522,98
2025-01-01,SKU-074,493,129
2025-01-08,SKU-074,487,96
2025-01-15,SKU-074,503,72
2025-01-22,SKU-074,532,73
2025-01-29,SKU-074,486,132
2025-02-05,SKU-074,477,105
2025-02-12,SKU-074,466,98
2025-02-19,SKU-074,482,72
2025-02-26,SKU-074,513,68
2025-03-05,SKU-074,504,95
2025-03-12,SKU-074,506,99
2025-03-19,SKU-074,534,66
2025-03-26,SKU-074,523,111
2025-04-02,SKU-074,515,113
2025-04-09,SKU-074,513,103
2025-04-16,SKU-074,543,70
2025-04-23,SKU-074,499,131
2025-04-30,SKU-074,505,96
2025-05-07,SKU-074,427,78
2025-05-14,SKU-074,357,70
2025-05-21,SKU-074,350,97
2025-05-28,SKU-074,353,101
2025-06-04,SKU-074,367,73
2025-06-11,SKU-074,376,84
2025-06-18,SKU-074,377,89
2025-06-25,SKU-074,375,100
2025-07-02,SKU-074,393,74
2025-07-09,SKU-074,399,94
2025-07-16,SKU-074,397,104
2025-07-23,SKU-074,413,82
2025-07-30,SKU-074,403,102
2025-08-06,SKU-074,397,97
2025-08-13,SKU-074,381,104
2025-08-20,SKU-074,388,81
2025-08-27,SKU-074,406,82
2025-09-03,SKU-074,441,57
2025-09-10,SKU-074,474,53
2025-09-17,SKU-074,488,73
2025-09-24,SKU-074,472,102
2025-10-01,SKU-074,470,89
2025-10-08,SKU-074,498,66
2025-10-15,SKU-074,512,87
2025-10-22,SKU-074,473,126
2025-10-29,SKU-074,467,102
2025-11-05,SKU-074,461,92
2025-11-12,SKU-074,445,113
2025-11-19,SKU-074,482,56
2025-11-26,SKU-074,496,86
2025-12-03,SKU-074,507,82
2025-12-10,SKU-074,510,93
2025-12-17,SKU-074,517,91
2025-12-24,SKU-074,492,120
2024-01-03,SKU-075,605,151
2024-01-10,SKU-075,628,109
2024-01-17,SKU-075,632,108
2024-01-24,SKU-075,665,94
2024-01-31,SKU-075,692,92
2024-02-07,SKU-075,700,122
2024-02-14,SKU-075,699,130
2024-02-21,SKU-075,704,128
2024-02-28,SKU-075,640,178
2024-03-06,SKU-075,643,116
2024-03-13,SKU-075,687,86
2024-03-20,SKU-075,672,146
2024-03-27,SKU-075,639,153
2024-04-03,SKU-075,640,116
2024-04-10,SKU-075,647,114
2024-04-17,SKU-075,693,69
2024-04-24,SKU-075,702,116
2024-05-01,SKU-075,713,111
2024-05-08,SKU-075,683,158
2024-05-15,SKU-075,703,97
2024-05-22,SKU-075,709,114
2024-05-29,SKU-075,728,111
2024-06-05,SKU-075,755,88
2024-06-12,SKU-075,747,127
2024-06-19,SKU-075,708,159
2024-06-26,SKU-075,720,110
2024-07-03,SKU-075,729,123
2024-07-10,SKU-075,724,134
2024-07-17,SKU-075,716,127
2024-07-24,SKU-075,752,94
2024-07-31,SKU-075,722,155
2024-08-07,SKU-075,778,75
2024-08-14,SKU-075,726,172
2024-08-21,SKU-075,707,140
2024-08-28,SKU-075,715,105
2024-09-04,SKU-075,723,124
2024-09-11,SKU-075,711,136
2024-09-18,SKU-075,696,138
2024-09-25,SKU-075,737,86
2024-10-02,SKU-075,723,127
2024-10-09,SKU-075,721,128
2024-10-16,SKU-075,711,137
2024-10-23,SKU-075,719,112
2024-10-30,SKU-075,709,132
2024-11-06,SKU-075,682,150
2024-11-13,SKU-075,642,149
2024-11-20,SKU-075,642,111
2024-11-27,SKU-075,663,109
2024-12-04,SKU-075,675,105
2024-12-11,SKU-075,628,158
2024-12-18,SKU-075,627,128
2024-12-25,SKU-075,663,95
2025-01-01,SKU-075,634,145
2025-01-08,SKU-075,601,143
2025-01-15,SKU-075,585,147
2025-01-22,SKU-075,580,124
2025-01-29,SKU-075,563,133
2025-02-05,SKU-075,579,112
2025-02-12,SKU-075,554,138
2025-02-19,SKU-075,583,100
2025-02-26,SKU-075,574,139
2025-03-05,SKU-075,593,100
2025-03-12,SKU-075,580,135
2025-03-19,SKU-075,548,147
2025-03-26,SKU-075,552,125
2025-04-02,SKU-075,563,103
2025-04-09,SKU-075,569,105
2025-04-16,SKU-075,552,128
2025-04-23,SKU-075,543,118
2025-04-30,SKU-075,533,140
2025-05-07,SKU-075,558,95
2025-05-14,SKU-075,566,115
2025-05-21,SKU-075,579,119
2025-05-28,SKU-075,577,120
2025-06-04,SKU-075,583,114
2025-06-11,SKU-075,612,80
2025-06-18,SKU-075,652,80
2025-06-25,SKU-075,615,155
2025-07-02,SKU-075,581,144
2025-07-09,SKU-075,605,94
2025-07-16,SKU-075,572,146
2025-07-23,SKU-075,614,89
2025-07-30,SKU-075,640,85
2025-08-06,SKU-075,657,114
2025-08-13,SKU-075,694,95
2025-08-20,SKU-075,678,132
2025-08-27,SKU-075,673,132
2025-09-03,SKU-075,736,64
2025-09-10,SKU-075,713,144
2025-09-17,SKU-075,697,140
2025-09-24,SKU-075,715,105
2025-10-01,SKU-075,724,106
2025-10-08,SKU-075,720,125
2025-10-15,SKU-075,751,102
2025-10-22,SKU-075,747,134
2025-10-29,SKU-075,753,107
2025-11-05,SKU-075,715,162
2025-11-12,SKU-075,727,114
2025-11-19,SKU-075,705,139
2025-11-26,SKU-075,694,126
2025-12-03,SKU-075,695,131
2025-12-10,SKU-075,724,88
2025-12-17,SKU-075,682,152
2025-12-24,SKU-075,700,112
2024-01-03,SKU-076,328,69
2024-01-10,SKU-076,315,90
2024-01-17,SKU-076,320,72
2024-01-24,SKU-076,334,67
2024-01-31,SKU-076,341,66
2024-02-07,SKU-076,331,88
2024-02-14,SKU-076,336,80
2024-02-21,SKU-076,350,63
2024-02-28,SKU-076,351,74
2024-03-06,SKU-076,387,39
2024-03-13,SKU-076,380,79
2024-03-20,SKU-076,369,85
2024-04-03,SKU-076,374,74
2024-04-10,SKU-076,375,83
2024-04-17,SKU-076,350,96
2024-04-24,SKU-076,355,67
2024-05-01,SKU-076,375,62
2024-05-08,SKU-076,349,100
2024-05-15,SKU-076,350,78
2024-05-22,SKU-076,338,86
2024-05-29,SKU-076,309,101
2024-06-05,SKU-076,330,61
2024-06-12,SKU-076,326,79
2024-06-19,SKU-076,234,92
2024-06-26,SKU-076,213,105
2024-07-03,SKU-076,255,44
2024-07-10,SKU-076,249,91
2024-07-17,SKU-076,244,85
2024-07-24,SKU-076,238,85
2024-07-31,SKU-076,245,64
2024-08-07,SKU-076,244,73
2024-08-14,SKU-076,231,86
2024-08-21,SKU-076,213,99
2024-08-28,SKU-076,187,97
2024-09-04,SKU-076,195,69
2024-09-11,SKU-076,185,91
2024-09-18,SKU-076,191,70
2024-09-25,SKU-076,197,74
2024-10-02,SKU-076,192,79
2024-10-09,SKU-076,197,72
2024-10-16,SKU-076,204,74
2024-10-23,SKU-076,226,55
2024-10-30,SKU-076,230,78
2024-11-06,SKU-076,236,70
2024-11-13,SKU-076,235,79
2024-11-20,SKU-076,233,74
2024-11-27,SKU-076,279,39
2024-12-04,SKU-076,273,85
2024-12-11,SKU-076,248,98
2024-12-18,SKU-076,250,70
2024-12-25,SKU-076,248,84
2025-01-01,SKU-076,239,90
2025-01-08,SKU-076,229,84
2025-01-15,SKU-076,239,66
2025-01-22,SKU-076,226,89
2025-01-29,SKU-076,214,92
2025-02-05,SKU-076,193,95
2025-02-12,SKU-076,163,104
2025-02-19,SKU-076,133,105
2025-02-26,SKU-076,133,81
2025-03-05,SKU-076,130,77
2025-03-12,SKU-076,136,67
2025-03-19,SKU-076,154,66
2025-03-26,SKU-076,155,70
2025-04-02,SKU-076,172,65
2025-04-09,SKU-076,167,89
2025-04-16,SKU-076,150,94
2025-04-23,SKU-076,171,64
2025-04-30,SKU-076,161,92
2025-05-07,SKU-076,178,68
2025-05-14,SKU-076,87,91
2025-05-21,SKU-076,90,78
2025-05-28,SKU-076,57,113
2025-06-04,SKU-076,71,67
2025-06-11,SKU-076,70,76
2025-06-18,SKU-076,66,80
2025-06-25,SKU-076,71,78
2025-07-02,SKU-076,50,96
2025-07-09,SKU-076,81,48
2025-07-16,SKU-076,59,104
2025-07-23,SKU-076,37,95
2025-07-30,SKU-076,35,79
2025-08-06,SKU-076,27,92
2025-08-13,SKU-076,36,66
2025-08-20,SKU-076,26,86
2025-08-27,SKU-076,47,62
2025-09-03,SKU-076,58,66
2025-09-10,SKU-076,60,71
2025-09-17,SKU-076,67,78
2025-09-24,SKU-076,71,79
2025-10-01,SKU-076,81,72
2025-10-08,SKU-076,71,87
2025-10-15,SKU-076,64,82
2025-10-22,SKU-076,65,77
2025-10-29,SKU-076,73,74
2025-11-05,SKU-076,76,81
2025-11-12,SKU-076,55,94
2025-11-19,SKU-076,40,85
2025-11-26,SKU-076,5,113
2025-12-03,SKU-076,9,74
2025-12-10,SKU-076,22,60
2025-12-17,SKU-076,25,80
2025-12-24,SKU-076,22,77
2024-01-03,SKU-077,1006,141
2024-01-10,SKU-077,1037,139
2024-01-17,SKU-077,1027,152
2024-01-24,SKU-077,1035,162
2024-01-31,SKU-077,1000,178
2024-02-07,SKU-077,1039,110
2024-02-14,SKU-077,1040,147
2024-02-21,SKU-077,1041,168
2024-02-28,SKU-077,989,193
2024-03-06,SKU-077,1040,99
2024-03-13,SKU-077,995,190
2024-03-20,SKU-077,983,171
2024-03-27,SKU-077,955,173
2024-04-03,SKU-077,902,197
2024-04-10,SKU-077,895,156
2024-04-17,SKU-077,897,161
2024-04-24,SKU-077,906,143
2024-05-01,SKU-077,944,132
2024-05-08,SKU-077,988,98
2024-05-15,SKU-077,1045,97
2024-05-22,SKU-077,1049,147
2024-05-29,SKU-077,1028,168
2024-06-05,SKU-077,1038,158
2024-06-12,SKU-077,1017,171
2024-06-19,SKU-077,1012,170
2024-06-26,SKU-077,988,181
2024-07-03,SKU-077,991,156
2024-07-10,SKU-077,962,180
2024-07-17,SKU-077,985,127
2024-07-24,SKU-077,973,173
2024-07-31,SKU-077,1035,108
2024-08-07,SKU-077,1033,150
2024-08-14,SKU-077,946,253
2024-08-21,SKU-077,943,158
2024-08-28,SKU-077,967,120
2024-09-04,SKU-077,943,188
2024-09-11,SKU-077,934,168
2024-09-18,SKU-077,933,161
2024-09-25,SKU-077,920,180
2024-10-02,SKU-077,935,155
2024-10-09,SKU-077,898,202
2024-10-16,SKU-077,930,133
2024-10-23,SKU-077,905,174
2024-10-30,SKU-077,890,157
2024-11-06,SKU-077,831,206
2024-11-13,SKU-077,840,152
2024-11-20,SKU-077,827,168
2024-11-27,SKU-077,822,150
2024-12-04,SKU-077,813,158
2024-12-11,SKU-077,796,175
2024-12-25,SKU-077,732,194
2025-01-01,SKU-077,713,178
2025-01-08,SKU-077,682,175
2025-01-15,SKU-077,707,138
2025-01-22,SKU-077,723,148
2025-01-29,SKU-077,725,146
2025-02-05,SKU-077,707,183
2025-02-12,SKU-077,776,85
2025-02-19,SKU-077,741,180
2025-02-26,SKU-077,751,131
2025-03-05,SKU-077,707,205
2025-03-12,SKU-077,720,141
2025-03-19,SKU-077,692,197
2025-03-26,SKU-077,641,195
2025-04-02,SKU-077,636,165
2025-04-09,SKU-077,673,127
2025-04-16,SKU-077,656,160
2025-04-23,SKU-077,653,152
2025-04-30,SKU-077,634,174
2025-05-07,SKU-077,637,142
2025-05-14,SKU-077,626,155
2025-05-21,SKU-077,653,141
2025-05-28,SKU-077,646,164
2025-06-04,SKU-077,688,110
2025-06-11,SKU-077,653,185
2025-06-18,SKU-077,714,99
2025-06-25,SKU-077,742,132
2025-07-02,SKU-077,711,184
2025-07-16,SKU-077,796,103
2025-07-23,SKU-077,803,150
2025-07-30,SKU-077,860,110
2025-08-06,SKU-077,844,160
2025-08-13,SKU-077,846,140
2025-08-20,SKU-077,843,146
2025-08-27,SKU-077,837,176
2025-09-03,SKU-077,826,158
2025-09-10,SKU-077,865,126
2025-09-17,SKU-077,851,167
2025-09-24,SKU-077,837,178
2025-10-01,SKU-077,843,150
2025-10-08,SKU-077,791,209
2025-10-15,SKU-077,787,157
2025-10-22,SKU-077,809,122
2025-10-29,SKU-077,847,128
2025-11-05,SKU-077,867,124
2025-11-12,SKU-077,880,156
2025-11-19,SKU-077,873,154
2025-11-26,SKU-077,848,173
2025-12-10,SKU-077,875,156
2025-12-17,SKU-077,840,182
2025-12-24,SKU-077,792,196
2024-01-03,SKU-078,792,94
2024-01-10,SKU-078,832,55
2024-01-17,SKU-078,819,104
2024-01-24,SKU-078,785,120
2024-01-31,SKU-078,801,84
2024-02-07,SKU-078,796,94
2024-02-14,SKU-078,775,108
2024-02-21,SKU-078,772,93
2024-02-28,SKU-078,763,97
2024-03-06,SKU-078,771,95
2024-03-13,SKU-078,766,100
2024-03-20,SKU-078,778,90
2024-03-27,SKU-078,764,100
2024-04-03,SKU-078,744,117
2024-04-10,SKU-078,748,94
2024-04-17,SKU-078,752,89
2024-04-24,SKU-078,779,75
2024-05-01,SKU-078,783,96
2024-05-08,SKU-078,837,49
2024-05-15,SKU-078,833,97
2024-05-22,SKU-078,835,96
2024-05-29,SKU-078,802,137
2024-06-05,SKU-078,798,103
2024-06-12,SKU-078,738,61
2024-06-19,SKU-078,724,114
2024-06-26,SKU-078,736,78
2024-07-03,SKU-078,727,97
2024-07-10,SKU-078,758,73
2024-07-17,SKU-078,744,104
2024-07-24,SKU-078,703,132
2024-07-31,SKU-078,690,112
2024-08-07,SKU-078,681,100
2024-08-14,SKU-078,668,110
2024-08-21,SKU-078,667,98
2024-08-28,SKU-078,606,152
2024-09-04,SKU-078,626,83
2024-09-11,SKU-078,623,90
2024-09-18,SKU-078,604,105
2024-09-25,SKU-078,616,89
2024-10-02,SKU-078,659,60
2024-10-09,SKU-078,679,73
2024-10-16,SKU-078,682,90
2024-10-23,SKU-078,666,120
2024-10-30,SKU-078,654,108
2024-11-06,SKU-078,662,89
2024-11-13,SKU-078,657,97
2024-11-20,SKU-078,680,82
2024-11-27,SKU-078,679,98
2024-12-04,SKU-078,694,88
2024-12-11,SKU-078,700,96
2024-12-18,SKU-078,706,92
2024-12-25,SKU-078,717,92
2025-01-01,SKU-078,730,79
2025-01-08,SKU-078,749,75
2025-01-15,SKU-078,731,115
2025-01-22,SKU-078,736,84
2025-01-29,SKU-078,761,65
2025-02-05,SKU-078,781,74
2025-02-12,SKU-078,754,121
2025-02-19,SKU-078,778,63
2025-02-26,SKU-078,768,110
2025-03-05,SKU-078,761,110
2025-03-12,SKU-078,767,98
2025-03-19,SKU-078,779,91
2025-03-26,SKU-078,754,126
2025-04-02,SKU-078,739,105
2025-04-16,SKU-078,752,114
2025-04-23,SKU-078,777,78
2025-04-30,SKU-078,758,114
2025-05-07,SKU-078,718,126
2025-05-14,SKU-078,616,102
2025-05-21,SKU-078,592,127
2025-05-28,SKU-078,618,71
2025-06-04,SKU-078,610,107
2025-06-11,SKU-078,604,102
2025-06-18,SKU-078,597,107
2025-06-25,SKU-078,614,82
2025-07-02,SKU-078,616,84
2025-07-09,SKU-078,508,109
2025-07-16,SKU-078,486,117
2025-07-23,SKU-078,472,119
2025-07-30,SKU-078,467,102
2025-08-06,SKU-078,391,75
2025-08-13,SKU-078,394,84
2025-08-20,SKU-078,410,75
2025-08-27,SKU-078,405,96
2025-09-03,SKU-078,414,86
2025-09-10,SKU-078,412,105
2025-09-17,SKU-078,388,114
2025-09-24,SKU-078,408,75
2025-10-01,SKU-078,395,115
2025-10-08,SKU-078,407,90
2025-10-15,SKU-078,396,105
2025-10-22,SKU-078,408,78
2025-10-29,SKU-078,386,125
2025-11-05,SKU-078,358,114
2025-11-12,SKU-078,361,90
2025-11-19,SKU-078,392,64
2025-11-26,SKU-078,391,90
2025-12-03,SKU-078,418,72
2025-12-10,SKU-078,436,71
2025-12-17,SKU-078,425,99
2025-12-24,SKU-078,419,99
2024-01-03,SKU-079,827,111
2024-01-10,SKU-079,773,186
2024-01-24,SKU-079,801,103
2024-01-31,SKU-079,752,173
2024-02-07,SKU-079,780,98
2024-02-14,SKU-079,795,115
2024-02-21,SKU-079,784,128
2024-02-28,SKU-079,814,102
2024-03-06,SKU-079,811,120
2024-03-13,SKU-079,860,76
2024-03-20,SKU-079,889,97
2024-03-27,SKU-079,906,113
2024-04-03,SKU-079,906,128
2024-04-10,SKU-079,907,128
2024-04-17,SKU-079,897,129
2024-04-24,SKU-079,911,115
2024-05-01,SKU-079,942,92
2024-05-08,SKU-079,956,107
2024-05-15,SKU-079,991,88
2024-05-22,SKU-079,903,87
2024-05-29,SKU-079,888,147
2024-06-05,SKU-079,878,137
2024-06-12,SKU-079,876,128
2024-06-19,SKU-079,852,141
2024-06-26,SKU-079,834,148
2024-07-03,SKU-079,836,116
2024-07-10,SKU-079,826,141
2024-07-17,SKU-079,847,94
2024-07-24,SKU-079,878,86
2024-07-31,SKU-079,902,95
2024-08-07,SKU-079,940,89
2024-08-14,SKU-079,924,137
2024-08-21,SKU-079,940,113
2024-08-28,SKU-079,951,120
2024-09-04,SKU-079,899,174
2024-09-11,SKU-079,895,116
2024-09-18,SKU-079,890,117
2024-09-25,SKU-079,891,114
2024-10-02,SKU-079,875,135
2024-10-09,SKU-079,901,103
2024-10-16,SKU-079,948,83
2024-10-23,SKU-079,913,144
2024-10-30,SKU-079,960,63
2024-11-06,SKU-079,963,125
2024-11-13,SKU-079,938,135
2024-11-20,SKU-079,978,75
2024-11-27,SKU-079,972,123
2024-12-04,SKU-079,1007,84
2024-12-11,SKU-079,1046,87
2024-12-18,SKU-079,1052,110
2024-12-25,SKU-079,1071,100
2025-01-01,SKU-079,1090,104
2025-01-08,SKU-079,1099,112
2025-01-15,SKU-079,1080,142
2025-01-22,SKU-079,1049,141
2025-01-29,SKU-079,1055,111
2025-02-05,SKU-079,1065,100
2025-02-12,SKU-079,1080,104
2025-02-19,SKU-079,1097,105
2025-02-26,SKU-079,1101,108
2025-03-05,SKU-079,1122,105
2025-03-12,SKU-079,1143,111
2025-03-19,SKU-079,1153,111
2025-03-26,SKU-079,1165,98
2025-04-02,SKU-079,1184,113
2025-04-09,SKU-079,1165,139
2025-04-16,SKU-079,1147,140
2025-04-23,SKU-079,1172,102
2025-04-30,SKU-079,1147,156
2025-05-07,SKU-079,1158,109
2025-05-14,SKU-079,1165,127
2025-05-21,SKU-079,1174,101
2025-05-28,SKU-079,1156,134
2025-06-04,SKU-079,1187,97
2025-06-11,SKU-079,1219,87
2025-06-18,SKU-079,1194,134
2025-06-25,SKU-079,1219,87
2025-07-02,SKU-079,1187,162
2025-07-09,SKU-079,1194,113
2025-07-16,SKU-079,1187,128
2025-07-23,SKU-079,1179,128
2025-07-30,SKU-079,1178,128
2025-08-06,SKU-079,1195,107
2025-08-13,SKU-079,1149,157
2025-08-20,SKU-079,1119,153
2025-08-27,SKU-079,1165,85
2025-09-03,SKU-079,1168,113
2025-09-10,SKU-079,1196,85
2025-09-17,SKU-079,1183,129
2025-09-24,SKU-079,1147,149
2025-10-01,SKU-079,1151,125
2025-10-08,SKU-079,1131,133
2025-10-15,SKU-079,1129,123
2025-10-22,SKU-079,1134,123
2025-10-29,SKU-079,1091,174
2025-11-05,SKU-079,1143,65
2025-11-12,SKU-079,1143,126
2025-11-19,SKU-079,1145,128
2025-11-26,SKU-079,1119,152
2025-12-03,SKU-079,1149,101
2025-12-10,SKU-079,1136,123
2025-12-17,SKU-079,1123,145
2025-12-24,SKU-079,1141,100
2024-01-03,SKU-080,1078,144
2024-01-10,SKU-080,1005,206
2024-01-17,SKU-080,992,157
2024-01-24,SKU-080,1015,129
2024-01-31,SKU-080,1023,148
2024-02-07,SKU-080,998,176
2024-02-14,SKU-080,1024,118
2024-02-21,SKU-080,1009,174
2024-02-28,SKU-080,988,156
2024-03-06,SKU-080,986,133
2024-03-13,SKU-080,975,145
2024-03-20,SKU-080,992,133
2024-03-27,SKU-080,1006,133
2024-04-03,SKU-080,995,159
2024-04-10,SKU-080,967,178
2024-04-17,SKU-080,909,207
2024-04-24,SKU-080,923,121
2024-05-01,SKU-080,949,106
2024-05-08,SKU-080,917,185
2024-05-15,SKU-080,899,160
2024-05-22,SKU-080,871,170
2024-05-29,SKU-080,832,178
2024-06-05,SKU-080,861,118
2024-06-12,SKU-080,769,92
2024-06-19,SKU-080,617,152
2024-06-26,SKU-080,612,145
2024-07-03,SKU-080,587,163
2024-07-10,SKU-080,587,145
2024-07-17,SKU-080,585,139
2024-07-24,SKU-080,598,138
2024-07-31,SKU-080,608,126
2024-08-07,SKU-080,615,140
2024-08-14,SKU-080,578,187
2024-08-21,SKU-080,634,94
2024-08-28,SKU-080,702,88
2024-09-04,SKU-080,653,185
2024-09-11,SKU-080,649,157
2024-09-18,SKU-080,635,147
2024-09-25,SKU-080,576,195
2024-10-02,SKU-080,587,138
2024-10-09,SKU-080,600,146
2024-10-16,SKU-080,614,142
2024-10-23,SKU-080,563,194
2024-10-30,SKU-080,586,120
2024-11-06,SKU-080,590,132
2024-11-13,SKU-080,641,102
2024-11-20,SKU-080,633,163
2024-11-27,SKU-080,659,112
2024-12-04,SKU-080,631,185
2024-12-11,SKU-080,613,164
2024-12-18,SKU-080,623,133
2024-12-25,SKU-080,666,114
2025-01-01,SKU-080,632,181
2025-01-08,SKU-080,665,112
2025-01-15,SKU-080,593,206
2025-01-22,SKU-080,578,162
2025-01-29,SKU-080,606,124
2025-02-05,SKU-080,634,126
2025-02-12,SKU-080,612,161
2025-02-19,SKU-080,652,110
2025-02-26,SKU-080,677,135
2025-03-05,SKU-080,724,102
2025-03-12,SKU-080,732,149
2025-03-19,SKU-080,727,161
2025-03-26,SKU-080,701,180
2025-04-02,SKU-080,725,132
2025-04-09,SKU-080,717,156
2025-04-16,SKU-080,672,194
2025-04-23,SKU-080,691,134
2025-04-30,SKU-080,748,79
2025-05-07,SKU-080,732,175
2025-05-14,SKU-080,742,137
2025-05-21,SKU-080,779,113
2025-05-28,SKU-080,795,142
2025-06-04,SKU-080,822,130
2025-06-11,SKU-080,646,176
2025-06-18,SKU-080,657,148
2025-06-25,SKU-080,633,165
2025-07-02,SKU-080,620,151
2025-07-09,SKU-080,593,164
2025-07-16,SKU-080,549,184
2025-07-23,SKU-080,572,128
2025-07-30,SKU-080,546,165
2025-08-06,SKU-080,586,108
2025-08-13,SKU-080,642,94
2025-08-20,SKU-080,652,144
2025-08-27,SKU-080,677,130
2025-09-03,SKU-080,726,102
2025-09-10,SKU-080,741,137
2025-09-17,SKU-080,703,185
2025-09-24,SKU-080,713,127
2025-10-01,SKU-080,666,182
2025-10-08,SKU-080,671,148
2025-10-15,SKU-080,630,181
2025-10-22,SKU-080,665,103
2025-10-29,SKU-080,642,164
2025-11-05,SKU-080,605,195
2025-11-12,SKU-080,633,126
2025-11-19,SKU-080,587,188
2025-11-26,SKU-080,599,146
2025-12-03,SKU-080,575,168
2025-12-10,SKU-080,593,124
2025-12-17,SKU-080,592,135
2025-12-24,SKU-080,587,148
2024-01-03,SKU-081,533,89
2024-01-10,SKU-081,557,81
2024-01-17,SKU-081,552,101
2024-01-24,SKU-081,533,109
2024-01-31,SKU-081,511,109
2024-02-07,SKU-081,504,101
2024-02-14,SKU-081,529,70
2024-02-21,SKU-081,528,94
2024-02-28,SKU-081,522,94
2024-03-06,SKU-081,495,117
2024-03-13,SKU-081,512,76
2024-03-20,SKU-081,509,105
2024-03-27,SKU-081,483,118
2024-04-03,SKU-081,514,65
2024-04-10,SKU-081,501,104
2024-04-17,SKU-081,527,73
2024-04-24,SKU-081,530,87
2024-05-01,SKU-081,527,105
2024-05-08,SKU-081,516,108
2024-05-15,SKU-081,554,60
2024-05-22,SKU-081,555,90
2024-05-29,SKU-081,565,88
2024-06-05,SKU-081,551,110
2024-06-12,SKU-081,558,85
2024-06-19,SKU-081,580,67
2024-06-26,SKU-081,601,76
2024-07-03,SKU-081,584,109
2024-07-10,SKU-081,593,93
2024-07-17,SKU-081,592,91
2024-07-24,SKU-081,614,76
2024-07-31,SKU-081,630,84
2024-08-07,SKU-081,617,118
2024-08-14,SKU-081,608,100
2024-08-21,SKU-081,597,106
2024-08-28,SKU-081,592,95
2024-09-04,SKU-081,588,99
2024-09-18,SKU-081,550,56
2024-09-25,SKU-081,505,136
2024-10-02,SKU-081,493,104
2024-10-09,SKU-081,463,123
2024-10-16,SKU-081,481,72
2024-10-23,SKU-081,475,94
2024-10-30,SKU-081,476,93
2024-11-06,SKU-081,460,116
2024-11-13,SKU-081,471,82
2024-11-20,SKU-081,475,92
2024-11-27,SKU-081,476,90
2024-12-04,SKU-081,509,70
2024-12-11,SKU-081,485,119
2024-12-18,SKU-081,496,81
2024-12-25,SKU-081,474,118
2025-01-01,SKU-081,461,110
2025-01-08,SKU-081,483,80
2025-01-15,SKU-081,495,88
2025-01-22,SKU-081,476,117
2025-01-29,SKU-081,496,79
2025-02-05,SKU-081,510,77
2025-02-12,SKU-081,499,102
2025-02-19,SKU-081,486,108
2025-02-26,SKU-081,499,77
2025-03-05,SKU-081,491,105
2025-03-12,SKU-081,519,67
2025-03-19,SKU-081,566,44
2025-03-26,SKU-081,556,109
2025-04-02,SKU-081,531,119
2025-04-09,SKU-081,537,86
2025-04-16,SKU-081,527,103
2025-04-23,SKU-081,536,87
2025-04-30,SKU-081,570,65
2025-05-07,SKU-081,579,82
2025-05-14,SKU-081,591,79
2025-05-21,SKU-081,578,106
2025-05-28,SKU-081,596,87
2025-06-04,SKU-081,572,126
2025-06-11,SKU-081,559,111
2025-06-18,SKU-081,566,91
2025-06-25,SKU-081,595,76
2025-07-02,SKU-081,620,68
2025-07-09,SKU-081,628,92
2025-07-16,SKU-081,594,122
2025-07-23,SKU-081,601,92
2025-07-30,SKU-081,580,109
2025-08-06,SKU-081,570,97
2025-08-13,SKU-081,576,98
2025-08-20,SKU-081,575,96
2025-08-27,SKU-081,590,76
2025-09-03,SKU-081,598,96
2025-09-10,SKU-081,575,114
2025-09-17,SKU-081,554,111
2025-09-24,SKU-081,555,87
2025-10-01,SKU-081,534,109
2025-10-08,SKU-081,533,105
2025-10-15,SKU-081,571,67
2025-10-22,SKU-081,580,80
2025-10-29,SKU-081,569,108
2025-11-05,SKU-081,588,71
2025-11-12,SKU-081,563,127
2025-11-19,SKU-081,561,92
2025-11-26,SKU-081,585,75
2025-12-03,SKU-081,596,91
2025-12-10,SKU-081,572,113
2025-12-17,SKU-081,535,137
2025-12-24,SKU-081,525,114
2024-01-03,SKU-082,692,99
2024-01-10,SKU-082,707,94
2024-01-17,SKU-082,717,100
2024-01-24,SKU-082,711,114
2024-01-31,SKU-082,681,158
2024-02-07,SKU-082,662,146
2024-02-14,SKU-082,628,154
2024-02-21,SKU-082,617,122
2024-02-28,SKU-082,641,86
2024-03-06,SKU-082,558,82
2024-03-13,SKU-082,612,60
2024-03-20,SKU-082,608,112
2024-03-27,SKU-082,635,89
2024-04-03,SKU-082,667,76
2024-04-10,SKU-082,666,119
2024-04-17,SKU-082,646,137
2024-04-24,SKU-082,637,128
2024-05-01,SKU-082,625,129
2024-05-08,SKU-082,634,111
2024-05-15,SKU-082,639,110
2024-05-22,SKU-082,650,110
2024-05-29,SKU-082,661,113
2024-06-05,SKU-082,645,141
2024-06-12,SKU-082,626,136
2024-06-19,SKU-082,627,118
2024-06-26,SKU-082,646,100
2024-07-03,SKU-082,591,181
2024-07-10,SKU-082,569,137
2024-07-17,SKU-082,605,78
2024-07-24,SKU-082,611,116
2024-07-31,SKU-082,605,122
2024-08-07,SKU-082,608,111
2024-08-14,SKU-082,573,146
2024-08-21,SKU-082,568,113
2024-08-28,SKU-082,543,135
2024-09-04,SKU-082,543,128
2024-09-11,SKU-082,543,125
2024-09-18,SKU-082,563,95
2024-09-25,SKU-082,566,109
2024-10-02,SKU-082,556,117
2024-10-09,SKU-082,535,134
2024-10-16,SKU-082,545,108
2024-10-23,SKU-082,547,116
2024-10-30,SKU-082,543,132
2024-11-06,SKU-082,556,95
2024-11-13,SKU-082,611,75
2024-11-20,SKU-082,551,188
2024-11-27,SKU-082,577,82
2024-12-04,SKU-082,555,140
2024-12-11,SKU-082,570,102
2024-12-18,SKU-082,554,138
2024-12-25,SKU-082,548,122
2025-01-01,SKU-082,550,117
2025-01-08,SKU-082,551,117
2025-01-15,SKU-082,525,155
2025-01-22,SKU-082,514,127
2025-01-29,SKU-082,524,101
2025-02-05,SKU-082,537,116
2025-02-12,SKU-082,553,96
2025-02-19,SKU-082,459,94
2025-02-26,SKU-082,337,122
2025-03-05,SKU-082,277,184
2025-03-12,SKU-082,249,142
2025-03-19,SKU-082,288,69
2025-03-26,SKU-082,258,138
2025-04-02,SKU-082,251,123
2025-04-09,SKU-082,266,111
2025-04-16,SKU-082,250,130
2025-04-23,SKU-082,230,129
2025-04-30,SKU-082,246,103
2025-05-07,SKU-082,264,100
2025-05-14,SKU-082,273,116
2025-05-21,SKU-082,240,141
2025-05-28,SKU-082,239,122
2025-06-04,SKU-082,227,121
2025-06-11,SKU-082,234,123
2025-06-18,SKU-082,261,102
2025-06-25,SKU-082,299,79
2025-07-02,SKU-082,307,116
2025-07-09,SKU-082,315,106
2025-07-16,SKU-082,292,132
2025-07-23,SKU-082,283,125
2025-07-30,SKU-082,286,113
2025-08-06,SKU-082,285,131
2025-08-13,SKU-082,267,130
2025-08-20,SKU-082,268,119
2025-08-27,SKU-082,231,147
2025-09-03,SKU-082,176,175
2025-09-10,SKU-082,213,77
2025-09-17,SKU-082,212,128
2025-09-24,SKU-082,206,120
2025-10-01,SKU-082,223,101
2025-10-08,SKU-082,274,79
2025-10-15,SKU-082,266,138
2025-10-22,SKU-082,264,120
2025-11-05,SKU-082,263,147
2025-11-12,SKU-082,308,86
2025-11-19,SKU-082,265,156
2025-11-26,SKU-082,267,118
2025-12-03,SKU-082,260,136
2025-12-10,SKU-082,260,123
2025-12-17,SKU-082,302,85
2025-12-24,SKU-082,310,119
2024-01-03,SKU-083,432,117
2024-01-10,SKU-083,432,120
2024-01-17,SKU-083,439,113
2024-01-24,SKU-083,439,100
2024-01-31,SKU-083,414,136
2024-02-07,SKU-083,419,111
2024-02-14,SKU-083,432,98
2024-02-28,SKU-083,415,126
2024-03-06,SKU-083,393,124
2024-03-13,SKU-083,343,151
2024-03-20,SKU-083,330,123
2024-03-27,SKU-083,307,129
2024-04-03,SKU-083,324,89
2024-04-10,SKU-083,328,96
2024-04-17,SKU-083,333,98
2024-04-24,SKU-083,330,112
2024-05-01,SKU-083,347,89
2024-05-15,SKU-083,203,147
2024-05-22,SKU-083,222,89
2024-05-29,SKU-083,211,128
2024-06-05,SKU-083,85,126
2024-06-12,SKU-083,4,81
2024-06-19,SKU-083,0,140
2024-06-26,SKU-083,0,120
2024-07-03,SKU-083,61,57
2024-07-10,SKU-083,17,154
2024-07-17,SKU-083,45,91
2024-07-24,SKU-083,50,113
2024-07-31,SKU-083,67,87
2024-08-07,SKU-083,71,108
2024-08-14,SKU-083,68,109
2024-08-21,SKU-083,10,165
2024-08-28,SKU-083,0,113
2024-09-04,SKU-083,0,103
2024-09-11,SKU-083,27,84
2024-09-18,SKU-083,0,143
2024-09-25,SKU-083,0,116
2024-10-02,SKU-083,21,92
2024-10-09,SKU-083,17,124
2024-10-16,SKU-083,2,116
2024-10-23,SKU-083,0,137
2024-10-30,SKU-083,0,119
2024-11-06,SKU-083,0,141
2024-11-13,SKU-083,14,97
2024-11-27,SKU-083,0,160
2024-12-04,SKU-083,4,117
2024-12-11,SKU-083,24,92
2024-12-18,SKU-083,35,105
2024-12-25,SKU-083,66,76
2025-01-01,SKU-083,62,125
2025-01-08,SKU-083,55,108
2025-01-15,SKU-083,36,128
2025-01-22,SKU-083,32,121
2025-01-29,SKU-083,0,163
2025-02-05,SKU-083,10,90
2025-02-12,SKU-083,12,111
2025-02-19,SKU-083,21,104
2025-02-26,SKU-083,45,77
2025-03-05,SKU-083,91,65
2025-03-12,SKU-083,48,156
2025-03-19,SKU-083,45,116
2025-03-26,SKU-083,33,129
2025-04-02,SKU-083,68,70
2025-04-09,SKU-083,50,132
2025-04-16,SKU-083,62,95
2025-04-23,SKU-083,44,139
2025-04-30,SKU-083,52,97
2025-05-07,SKU-083,72,85
2025-05-14,SKU-083,25,152
2025-05-21,SKU-083,31,94
2025-05-28,SKU-083,12,131
2025-06-04,SKU-083,0,148
2025-06-11,SKU-083,0,115
2025-06-18,SKU-083,0,127
2025-06-25,SKU-083,10,105
2025-07-02,SKU-083,32,93
2025-07-09,SKU-083,38,103
2025-07-16,SKU-083,0,167
2025-07-23,SKU-083,0,107
2025-07-30,SKU-083,3,108
2025-08-06,SKU-083,0,125
2025-08-20,SKU-083,0,103
2025-08-27,SKU-083,0,107
2025-09-03,SKU-083,1,99
2025-09-10,SKU-083,0,125
2025-09-17,SKU-083,19,84
2025-09-24,SKU-083,34,94
2025-10-01,SKU-083,32,117
2025-10-08,SKU-083,24,113
2025-10-15,SKU-083,58,67
2025-10-22,SKU-083,90,77
2025-10-29,SKU-083,51,144
2025-11-05,SKU-083,43,127
2025-11-12,SKU-083,27,115
2025-11-19,SKU-083,42,101
2025-11-26,SKU-083,65,96
2025-12-03,SKU-083,59,126
2025-12-10,SKU-083,44,119
2025-12-17,SKU-083,74,89
2025-12-24,SKU-083,88,102
2024-01-03,SKU-084,1013,106
2024-01-10,SKU-084,1015,120
2024-01-17,SKU-084,985,161
2024-01-24,SKU-084,984,120
2024-01-31,SKU-084,983,128
2024-02-07,SKU-084,997,115
2024-02-14,SKU-084,1010,119
2024-02-21,SKU-084,1028,117
2024-02-28,SKU-084,875,154
2024-03-06,SKU-084,841,159
2024-03-13,SKU-084,854,113
2024-03-20,SKU-084,843,141
2024-03-27,SKU-084,879,85
2024-04-03,SKU-084,886,121
2024-04-10,SKU-084,914,96
2024-04-17,SKU-084,920,105
2024-04-24,SKU-084,777,143
2024-05-01,SKU-084,824,72
2024-05-08,SKU-084,857,87
2024-05-15,SKU-084,846,137
2024-05-22,SKU-084,828,150
2024-05-29,SKU-084,891,71
2024-06-05,SKU-084,914,110
2024-06-12,SKU-084,903,137
2024-06-19,SKU-084,890,138
2024-06-26,SKU-084,885,126
2024-07-03,SKU-084,862,141
2024-07-10,SKU-084,901,94
2024-07-17,SKU-084,874,143
2024-07-24,SKU-084,877,115
2024-07-31,SKU-084,869,130
2024-08-07,SKU-084,937,52
2024-08-14,SKU-084,891,167
2024-08-21,SKU-084,889,119
2024-08-28,SKU-084,872,147
2024-09-04,SKU-084,893,103
2024-09-11,SKU-084,870,144
2024-09-18,SKU-084,901,99
2024-09-25,SKU-084,947,80
2024-10-02,SKU-084,989,76
2024-10-16,SKU-084,986,110
2024-10-23,SKU-084,978,135
2024-10-30,SKU-084,984,112
2024-11-06,SKU-084,1007,112
2024-11-13,SKU-084,1001,130
2024-11-20,SKU-084,989,130
2024-11-27,SKU-084,1026,90
2024-12-04,SKU-084,1022,117
2024-12-11,SKU-084,1006,142
2024-12-18,SKU-084,924,211
2024-12-25,SKU-084,883,158
2025-01-01,SKU-084,862,147
2025-01-08,SKU-084,885,111
2025-01-15,SKU-084,873,128
2025-01-22,SKU-084,856,131
2025-01-29,SKU-084,812,157
2025-02-05,SKU-084,841,94
2025-02-12,SKU-084,842,124
2025-02-19,SKU-084,842,112
2025-02-26,SKU-084,820,156
2025-03-05,SKU-084,789,163
2025-03-12,SKU-084,822,96
2025-03-19,SKU-084,842,110
2025-03-26,SKU-084,869,107
2025-04-02,SKU-084,839,151
2025-04-09,SKU-084,844,108
2025-04-16,SKU-084,831,143
2025-04-23,SKU-084,821,140
2025-04-30,SKU-084,823,125
2025-05-07,SKU-084,821,119
2025-05-14,SKU-084,792,142
2025-05-21,SKU-084,767,145
2025-05-28,SKU-084,725,157
2025-06-04,SKU-084,756,103
2025-06-11,SKU-084,767,117
2025-06-18,SKU-084,781,121
2025-06-25,SKU-084,813,97
2025-07-02,SKU-084,813,136
2025-07-09,SKU-084,740,187
2025-07-16,SKU-084,735,132
2025-07-23,SKU-084,692,159
2025-07-30,SKU-084,727,100
2025-08-06,SKU-084,710,136
2025-08-13,SKU-084,763,66
2025-08-20,SKU-084,810,82
2025-08-27,SKU-084,745,178
2025-09-03,SKU-084,808,53
2025-09-10,SKU-084,803,120
2025-09-17,SKU-084,798,131
2025-09-24,SKU-084,827,101
2025-10-01,SKU-084,862,100
2025-10-08,SKU-084,842,136
2025-10-15,SKU-084,892,77
2025-10-22,SKU-084,918,106
2025-10-29,SKU-084,929,109
2025-11-05,SKU-084,931,125
2025-11-12,SKU-084,924,122
2025-11-19,SKU-084,924,111
2025-11-26,SKU-084,950,93
2025-12-03,SKU-084,984,101
2025-12-10,SKU-084,969,136
2025-12-17,SKU-084,977,124
2025-12-24,SKU-084,923,180
2024-01-03,SKU-085,456,109
2024-01-10,SKU-085,500,50
2024-01-17,SKU-085,463,136
2024-01-24,SKU-085,460,89
2024-01-31,SKU-085,488,69
2024-02-07,SKU-085,503,74
2024-02-14,SKU-085,500,97
2024-02-21,SKU-085,513,79
2024-02-28,SKU-085,521,94
2024-03-06,SKU-085,532,86
2024-03-13,SKU-085,542,93
2024-03-20,SKU-085,530,115
2024-03-27,SKU-085,519,100
2024-04-03,SKU-085,550,69
2024-04-10,SKU-085,579,74
2024-04-17,SKU-085,576,96
2024-04-24,SKU-085,574,100
2024-05-01,SKU-085,594,72
2024-05-08,SKU-085,578,101
2024-05-15,SKU-085,522,55
2024-05-22,SKU-085,520,89
2024-05-29,SKU-085,499,108
2024-06-05,SKU-085,510,83
2024-06-12,SKU-085,509,87
2024-06-19,SKU-085,438,71
2024-06-26,SKU-085,466,74
2024-07-03,SKU-085,481,72
2024-07-10,SKU-085,377,104
2024-07-17,SKU-085,263,114
2024-07-24,SKU-085,286,71
2024-07-31,SKU-085,312,69
2024-08-07,SKU-085,307,104
2024-08-14,SKU-085,312,93
2024-08-21,SKU-085,311,98
2024-08-28,SKU-085,313,99
2024-09-04,SKU-085,316,98
2024-09-11,SKU-085,310,100
2024-09-18,SKU-085,309,87
2024-09-25,SKU-085,321,79
2024-10-02,SKU-085,324,99
2024-10-09,SKU-085,321,93
2024-10-16,SKU-085,278,133
2024-10-23,SKU-085,297,79
2024-10-30,SKU-085,308,76
2024-11-06,SKU-085,307,87
2024-11-13,SKU-085,304,88
2024-11-20,SKU-085,329,75
2024-11-27,SKU-085,325,96
2024-12-04,SKU-085,331,95
2024-12-11,SKU-085,337,95
2024-12-18,SKU-085,364,63
2025-01-01,SKU-085,441,50
2025-01-08,SKU-085,445,82
2025-01-15,SKU-085,459,84
2025-01-22,SKU-085,450,95
2025-01-29,SKU-085,484,64
2025-02-05,SKU-085,478,105
2025-02-12,SKU-085,433,137
2025-02-19,SKU-085,408,121
2025-02-26,SKU-085,425,84
2025-03-05,SKU-085,389,131
2025-03-12,SKU-085,410,72
2025-03-19,SKU-085,424,75
2025-03-26,SKU-085,419,98
2025-04-02,SKU-085,426,88
2025-04-09,SKU-085,419,97
2025-04-16,SKU-085,412,93
2025-04-23,SKU-085,410,104
2025-04-30,SKU-085,414,86
2025-05-07,SKU-085,372,137
2025-05-14,SKU-085,282,90
2025-05-28,SKU-085,269,119
2025-06-04,SKU-085,278,76
2025-06-11,SKU-085,242,122
2025-06-18,SKU-085,275,63
2025-06-25,SKU-085,235,135
2025-07-02,SKU-085,278,56
2025-07-09,SKU-085,273,100
2025-07-16,SKU-085,277,98
2025-07-23,SKU-085,262,103
2025-07-30,SKU-085,267,84
2025-08-06,SKU-085,280,72
2025-08-13,SKU-085,329,53
2025-08-27,SKU-085,323,75
2025-09-03,SKU-085,306,103
2025-09-10,SKU-085,287,117
2025-09-17,SKU-085,303,75
2025-09-24,SKU-085,296,94
2025-10-01,SKU-085,287,105
2025-10-08,SKU-085,302,72
2025-10-15,SKU-085,315,78
2025-10-22,SKU-085,292,116
2025-10-29,SKU-085,293,89
2025-11-05,SKU-085,294,95
2025-11-12,SKU-085,286,109
2025-11-19,SKU-085,283,91
2025-11-26,SKU-085,294,85
2025-12-03,SKU-085,308,88
2025-12-10,SKU-085,325,73
2025-12-17,SKU-085,316,94
2025-12-24,SKU-085,292,117
2024-01-03,SKU-086,821,101
2024-01-10,SKU-086,798,126
2024-01-17,SKU-086,792,114
2024-01-24,SKU-086,816,89
2024-01-31,SKU-086,796,119
2024-02-07,SKU-086,807,91
2024-02-14,SKU-086,783,126
2024-02-21,SKU-086,757,141
2024-02-28,SKU-086,714,158
2024-03-06,SKU-086,749,72
2024-03-13,SKU-086,785,70
2024-03-20,SKU-086,794,92
2024-03-27,SKU-086,845,62
2024-04-03,SKU-086,843,120
2024-04-10,SKU-086,838,114
2024-04-17,SKU-086,833,116
2024-04-24,SKU-086,795,138
2024-05-01,SKU-086,776,121
2024-05-08,SKU-086,755,120
2024-05-15,SKU-086,752,119
2024-05-22,SKU-086,747,111
2024-05-29,SKU-086,738,107
2024-06-05,SKU-086,745,110
2024-06-12,SKU-086,727,121
2024-06-19,SKU-086,746,84
2024-06-26,SKU-086,730,133
2024-07-03,SKU-086,716,124
2024-07-10,SKU-086,707,126
2024-07-17,SKU-086,719,105
2024-07-24,SKU-086,728,102
2024-07-31,SKU-086,730,102
2024-08-07,SKU-086,762,79
2024-08-14,SKU-086,807,64
2024-08-21,SKU-086,815,101
2024-08-28,SKU-086,820,95
2024-09-04,SKU-086,790,134
2024-09-11,SKU-086,804,99
2024-09-18,SKU-086,806,108
2024-09-25,SKU-086,793,124
2024-10-02,SKU-086,810,94
2024-10-09,SKU-086,816,100
2024-10-16,SKU-086,818,103
2024-10-23,SKU-086,828,101
2024-10-30,SKU-086,826,118
2024-11-06,SKU-086,834,97
2024-11-13,SKU-086,847,100
2024-11-20,SKU-086,863,93
2024-11-27,SKU-086,835,138
2024-12-04,SKU-086,883,64
2024-12-11,SKU-086,868,114
2024-12-18,SKU-086,888,96
2024-12-25,SKU-086,887,103
2025-01-01,SKU-086,896,97
2025-01-08,SKU-086,871,144
2025-01-15,SKU-086,846,143
2025-01-22,SKU-086,818,135
2025-01-29,SKU-086,830,88
2025-02-05,SKU-086,812,117
2025-02-12,SKU-086,710,101
2025-02-19,SKU-086,702,111
2025-02-26,SKU-086,701,118
2025-03-05,SKU-086,596,105
2025-03-12,SKU-086,598,110
2025-03-19,SKU-086,613,101
2025-03-26,SKU-086,638,92
2025-04-02,SKU-086,632,117
2025-04-09,SKU-086,544,88
2025-04-16,SKU-086,504,139
2025-04-23,SKU-086,476,131
2025-04-30,SKU-086,444,149
2025-05-07,SKU-086,450,96
2025-05-14,SKU-086,423,135
2025-05-21,SKU-086,434,102
2025-05-28,SKU-086,424,123
2025-06-04,SKU-086,430,112
2025-06-11,SKU-086,420,124
2025-06-18,SKU-086,433,103
2025-06-25,SKU-086,412,120
2025-07-02,SKU-086,410,110
2025-07-09,SKU-086,395,112
2025-07-16,SKU-086,425,82
2025-07-23,SKU-086,407,135
2025-07-30,SKU-086,373,135
2025-08-06,SKU-086,415,70
2025-08-13,SKU-086,419,114
2025-08-20,SKU-086,413,116
2025-08-27,SKU-086,427,101
2025-09-03,SKU-086,434,95
2025-09-10,SKU-086,412,120
2025-09-17,SKU-086,392,122
2025-09-24,SKU-086,417,90
2025-10-01,SKU-086,389,126
2025-10-08,SKU-086,372,124
2025-10-15,SKU-086,391,92
2025-10-22,SKU-086,373,130
2025-10-29,SKU-086,343,135
2025-11-05,SKU-086,345,111
2025-11-12,SKU-086,320,132
2025-11-19,SKU-086,305,127
2025-11-26,SKU-086,307,113
2025-12-03,SKU-086,336,71
2025-12-10,SKU-086,316,118
2025-12-17,SKU-086,340,83
2025-12-24,SKU-086,307,131
2024-01-03,SKU-087,980,84
2024-01-10,SKU-087,1023,85
2024-01-17,SKU-087,1027,127
2024-01-24,SKU-087,1029,135
2024-01-31,SKU-087,1075,90
2024-02-07,SKU-087,1091,122
2024-02-14,SKU-087,1098,129
2024-02-21,SKU-087,1104,112
2024-02-28,SKU-087,1093,139
2024-03-06,SKU-087,969,123
2024-03-13,SKU-087,1001,106
2024-03-20,SKU-087,958,167
2024-03-27,SKU-087,1001,85
2024-04-03,SKU-087,1001,133
2024-04-10,SKU-087,1021,99
2024-04-17,SKU-087,1075,77
2024-04-24,SKU-087,1094,114
2024-05-01,SKU-087,1084,132
2024-05-08,SKU-087,1112,99
2024-05-15,SKU-087,1136,112
2024-05-22,SKU-087,1112,155
2024-05-29,SKU-087,1092,156
2024-06-05,SKU-087,1114,97
2024-06-12,SKU-087,1114,131
2024-06-19,SKU-087,1115,124
2024-06-26,SKU-087,1089,162
2024-07-03,SKU-087,1084,133
2024-07-10,SKU-087,1073,143
2024-07-17,SKU-087,1038,151
2024-07-24,SKU-087,1041,115
2024-07-31,SKU-087,998,160
2024-08-07,SKU-087,986,147
2024-08-14,SKU-087,1008,105
2024-08-21,SKU-087,1056,71
2024-08-28,SKU-087,1122,61
2024-09-04,SKU-087,1125,119
2024-09-11,SKU-087,1095,156
2024-09-25,SKU-087,1058,133
2024-10-02,SKU-087,1072,109
2024-10-09,SKU-087,1082,123
2024-10-16,SKU-087,1068,133
2024-10-23,SKU-087,1090,107
2024-10-30,SKU-087,1113,102
2024-11-06,SKU-087,1058,187
2024-11-13,SKU-087,1079,106
2024-11-20,SKU-087,1096,114
2024-11-27,SKU-087,1098,119
2024-12-04,SKU-087,1100,132
2024-12-11,SKU-087,1072,142
2024-12-18,SKU-087,1079,126
2024-12-25,SKU-087,1076,134
2025-01-01,SKU-087,1122,89
2025-01-08,SKU-087,1185,68
2025-01-15,SKU-087,1127,173
2025-01-22,SKU-087,1121,136
2025-01-29,SKU-087,1134,102
2025-02-05,SKU-087,1101,163
2025-02-12,SKU-087,1166,60
2025-02-19,SKU-087,1197,105
2025-02-26,SKU-087,1229,97
2025-03-05,SKU-087,1217,127
2025-03-12,SKU-087,1194,137
2025-03-19,SKU-087,1063,131
2025-03-26,SKU-087,1060,119
2025-04-02,SKU-087,1055,127
2025-04-09,SKU-087,1064,128
2025-04-16,SKU-087,963,101
2025-04-23,SKU-087,993,99
2025-04-30,SKU-087,1014,111
2025-05-07,SKU-087,1045,103
2025-05-14,SKU-087,1032,142
2025-05-21,SKU-087,1052,107
2025-05-28,SKU-087,1040,149
2025-06-04,SKU-087,1010,145
2025-06-11,SKU-087,968,159
2025-06-18,SKU-087,971,129
2025-06-25,SKU-087,993,99
2025-07-02,SKU-087,982,136
2025-07-09,SKU-087,991,118
2025-07-16,SKU-087,987,134
2025-07-23,SKU-087,1002,121
2025-07-30,SKU-087,943,174
2025-08-06,SKU-087,968,107
2025-08-13,SKU-087,969,119
2025-08-20,SKU-087,920,165
2025-08-27,SKU-087,906,138
2025-09-03,SKU-087,920,119
2025-09-10,SKU-087,894,149
2025-09-17,SKU-087,885,123
2025-10-01,SKU-087,870,119
2025-10-08,SKU-087,855,143
2025-10-15,SKU-087,825,144
2025-10-22,SKU-087,796,148
2025-10-29,SKU-087,735,189
2025-11-05,SKU-087,738,126
2025-11-12,SKU-087,742,121
2025-11-19,SKU-087,711,164
2025-11-26,SKU-087,703,140
2025-12-03,SKU-087,725,115
2025-12-10,SKU-087,735,107
2025-12-17,SKU-087,716,155
2025-12-24,SKU-087,654,189
2024-01-10,SKU-088,884,162
2024-01-17,SKU-088,911,123
2024-01-24,SKU-088,863,212
2024-01-31,SKU-088,869,145
2024-02-07,SKU-088,839,182
2024-02-14,SKU-088,833,143
2024-02-21,SKU-088,776,201
2024-02-28,SKU-088,859,74
2024-03-06,SKU-088,838,175
2024-03-13,SKU-088,832,150
2024-03-20,SKU-088,854,134
2024-03-27,SKU-088,856,155
2024-04-03,SKU-088,826,178
2024-04-10,SKU-088,794,181
2024-04-17,SKU-088,805,146
2024-04-24,SKU-088,798,153
2024-05-01,SKU-088,806,134
2024-05-08,SKU-088,836,115
2024-05-15,SKU-088,846,149
2024-05-22,SKU-088,867,117
2024-05-29,SKU-088,879,132
2024-06-05,SKU-088,889,156
2024-06-12,SKU-088,832,205
2024-06-19,SKU-088,850,128
2024-06-26,SKU-088,806,206
2024-07-03,SKU-088,808,135
2024-07-10,SKU-088,803,153
2024-07-17,SKU-088,741,205
2024-07-24,SKU-088,744,153
2024-07-31,SKU-088,665,224
2024-08-07,SKU-088,673,156
2024-08-14,SKU-088,667,153
2024-08-21,SKU-088,619,196
2024-08-28,SKU-088,561,201
2024-09-04,SKU-088,571,151
2024-09-11,SKU-088,572,150
2024-09-18,SKU-088,593,143
2024-09-25,SKU-088,626,113
2024-10-02,SKU-088,661,118
2024-10-09,SKU-088,623,189
2024-10-16,SKU-088,632,131
2024-10-23,SKU-088,582,215
2024-10-30,SKU-088,589,143
2024-11-06,SKU-088,631,118
2024-11-13,SKU-088,594,174
2024-11-20,SKU-088,575,156
2024-11-27,SKU-088,578,159
2024-12-04,SKU-088,538,183
2024-12-11,SKU-088,601,95
2024-12-18,SKU-088,523,225
2024-12-25,SKU-088,528,156
2025-01-01,SKU-088,559,112
2025-01-08,SKU-088,526,180
2025-01-15,SKU-088,513,155
2025-01-22,SKU-088,515,137
2025-01-29,SKU-088,522,148
2025-02-05,SKU-088,508,165
2025-02-12,SKU-088,512,152
2025-02-19,SKU-088,511,156
2025-02-26,SKU-088,542,110
2025-03-05,SKU-088,564,132
2025-03-12,SKU-088,542,176
2025-03-19,SKU-088,594,96
2025-03-26,SKU-088,629,110
2025-04-02,SKU-088,581,191
2025-04-09,SKU-088,566,172
2025-04-16,SKU-088,599,132
2025-04-23,SKU-088,625,138
2025-04-30,SKU-088,685,94
2025-05-07,SKU-088,707,124
2025-05-14,SKU-088,739,115
2025-05-21,SKU-088,702,187
2025-05-28,SKU-088,688,166
2025-06-04,SKU-088,684,166
2025-06-11,SKU-088,710,136
2025-06-18,SKU-088,710,161
2025-06-25,SKU-088,738,137
2025-07-02,SKU-088,714,160
2025-07-09,SKU-088,667,187
2025-07-16,SKU-088,618,189
2025-07-23,SKU-088,625,136
2025-07-30,SKU-088,620,152
2025-08-06,SKU-088,584,186
2025-08-13,SKU-088,628,100
2025-08-20,SKU-088,616,177
2025-08-27,SKU-088,547,208
2025-09-03,SKU-088,590,114
2025-09-10,SKU-088,566,167
2025-09-17,SKU-088,609,104
2025-09-24,SKU-088,670,98
2025-10-01,SKU-088,658,157
2025-10-08,SKU-088,588,208
2025-10-15,SKU-088,533,194
2025-10-22,SKU-088,523,155
2025-10-29,SKU-088,503,172
2025-11-05,SKU-088,480,165
2025-11-12,SKU-088,508,119
2025-11-19,SKU-088,546,115
2025-11-26,SKU-088,527,178
2025-12-03,SKU-088,539,135
2025-12-10,SKU-088,522,158
2025-12-17,SKU-088,507,168
2025-12-24,SKU-088,521,135
2024-01-03,SKU-089,842,119
2024-01-10,SKU-089,844,99
2024-01-17,SKU-089,865,96
2024-01-24,SKU-089,902,80
2024-01-31,SKU-089,924,99
2024-02-07,SKU-089,914,112
2024-02-14,SKU-089,917,105
2024-02-21,SKU-089,917,106
2024-02-28,SKU-089,951,87
2024-03-06,SKU-089,962,99
2024-03-13,SKU-089,948,126
2024-03-20,SKU-089,922,129
2024-03-27,SKU-089,906,133
2024-04-03,SKU-089,911,104
2024-04-10,SKU-089,926,107
2024-04-17,SKU-089,919,128
2024-04-24,SKU-089,912,108
2024-05-01,SKU-089,911,121
2024-05-08,SKU-089,938,88
2024-05-15,SKU-089,946,110
2024-05-22,SKU-089,958,106
2024-05-29,SKU-089,973,87
2024-06-05,SKU-089,977,117
2024-06-12,SKU-089,966,117
2024-06-26,SKU-089,985,105
2024-07-03,SKU-089,960,127
2024-07-10,SKU-089,970,100
2024-07-17,SKU-089,926,147
2024-07-24,SKU-089,929,111
2024-07-31,SKU-089,961,79
2024-08-07,SKU-089,988,91
2024-08-14,SKU-089,972,121
2024-08-21,SKU-089,954,130
2024-08-28,SKU-089,959,102
2024-09-04,SKU-089,961,115
2024-09-11,SKU-089,985,96
2024-09-18,SKU-089,982,104
2024-09-25,SKU-089,1035,59
2024-10-02,SKU-089,1037,105
2024-10-09,SKU-089,1084,64
2024-10-16,SKU-089,1118,81
2024-10-23,SKU-089,1100,122
2024-10-30,SKU-089,1095,106
2024-11-06,SKU-089,1043,158
2024-11-13,SKU-089,1063,82
2024-11-20,SKU-089,1065,114
2024-11-27,SKU-089,1092,83
2024-12-04,SKU-089,1092,102
2024-12-11,SKU-089,1077,123
2024-12-18,SKU-089,1070,121
2024-12-25,SKU-089,1074,113
2025-01-01,SKU-089,1079,99
2025-01-08,SKU-089,1040,140
2025-01-15,SKU-089,1055,107
2025-01-22,SKU-089,1072,106
2025-01-29,SKU-089,1029,161
2025-02-05,SKU-089,1026,119
2025-02-12,SKU-089,1032,108
2025-02-19,SKU-089,1041,105
2025-02-26,SKU-089,1054,96
2025-03-05,SKU-089,1096,77
2025-03-12,SKU-089,1094,116
2025-03-19,SKU-089,1087,121
2025-03-26,SKU-089,1104,100
2025-04-02,SKU-089,1076,139
2025-04-09,SKU-089,1098,98
2025-04-16,SKU-089,1090,115
2025-04-23,SKU-089,1136,66
2025-04-30,SKU-089,1144,114
2025-05-07,SKU-089,1135,115
2025-05-14,SKU-089,1145,98
2025-05-21,SKU-089,1164,88
2025-05-28,SKU-089,1177,102
2025-06-04,SKU-089,1133,148
2025-06-11,SKU-089,1150,87
2025-06-18,SKU-089,1140,115
2025-06-25,SKU-089,1111,147
2025-07-02,SKU-089,1113,117
2025-07-09,SKU-089,1098,137
2025-07-16,SKU-089,1094,114
2025-07-23,SKU-089,1113,94
2025-07-30,SKU-089,1097,132
2025-08-06,SKU-089,1127,92
2025-08-13,SKU-089,1168,70
2025-08-20,SKU-089,1176,101
2025-08-27,SKU-089,1199,99
2025-09-03,SKU-089,1191,109
2025-09-10,SKU-089,1148,154
2025-09-17,SKU-089,1126,144
2025-09-24,SKU-089,1124,118
2025-10-01,SKU-089,1153,83
2025-10-08,SKU-089,1135,124
2025-10-15,SKU-089,1166,78
2025-10-22,SKU-089,1152,119
2025-10-29,SKU-089,1167,107
2025-11-05,SKU-089,1174,96
2025-11-12,SKU-089,1185,108
2025-11-19,SKU-089,1233,75
2025-11-26,SKU-089,1234,118
2025-12-03,SKU-089,1211,143
2025-12-10,SKU-089,1206,108
2025-12-17,SKU-089,1175,134
2025-12-24,SKU-089,1185,106
2024-01-03,SKU-090,510,176
2024-01-10,SKU-090,512,124
2024-01-17,SKU-090,502,149
2024-01-24,SKU-090,511,126
2024-01-31,SKU-090,528,113
2024-02-07,SKU-090,549,122
2024-02-14,SKU-090,509,174
2024-02-21,SKU-090,518,115
2024-02-28,SKU-090,522,142
2024-03-06,SKU-090,491,165
2024-03-13,SKU-090,488,144
2024-03-20,SKU-090,494,135
2024-03-27,SKU-090,479,153
2024-04-03,SKU-090,498,119
2024-04-10,SKU-090,513,135
2024-04-17,SKU-090,533,107
2024-04-24,SKU-090,490,173
2024-05-01,SKU-090,490,138
2024-05-08,SKU-090,497,122
2024-05-15,SKU-090,500,134
2024-05-22,SKU-090,496,143
2024-05-29,SKU-090,484,136
2024-06-05,SKU-090,450,158
2024-06-12,SKU-090,437,142
2024-06-19,SKU-090,414,146
2024-06-26,SKU-090,396,164
2024-07-03,SKU-090,380,150
2024-07-10,SKU-090,372,141
2024-07-17,SKU-090,370,127
2024-07-24,SKU-090,377,138
2024-07-31,SKU-090,364,157
2024-08-07,SKU-090,408,92
2024-08-14,SKU-090,421,131
2024-08-21,SKU-090,427,126
2024-08-28,SKU-090,427,149
2024-09-04,SKU-090,426,138
2024-09-11,SKU-090,388,177
2024-09-18,SKU-090,392,127
2024-09-25,SKU-090,426,112
2024-10-02,SKU-090,447,110
2024-10-09,SKU-090,444,138
2024-10-16,SKU-090,486,102
2024-10-23,SKU-090,496,136
2024-10-30,SKU-090,498,147
2024-11-06,SKU-090,506,132
2024-11-13,SKU-090,507,139
2024-11-20,SKU-090,508,139
2024-11-27,SKU-090,492,146
2024-12-04,SKU-090,499,140
2024-12-11,SKU-090,550,82
2024-12-18,SKU-090,535,139
2024-12-25,SKU-090,508,175
2025-01-01,SKU-090,488,163
2025-01-08,SKU-090,475,147
2025-01-15,SKU-090,470,132
2025-01-22,SKU-090,448,148
2025-01-29,SKU-090,445,146
2025-02-05,SKU-090,394,187
2025-02-12,SKU-090,351,183
2025-02-19,SKU-090,348,127
2025-02-26,SKU-090,326,150
2025-03-05,SKU-090,318,149
2025-03-12,SKU-090,279,169
2025-03-19,SKU-090,286,127
2025-03-26,SKU-090,294,129
2025-04-02,SKU-090,315,107
2025-04-09,SKU-090,298,145
2025-04-16,SKU-090,321,107
2025-04-23,SKU-090,353,99
2025-04-30,SKU-090,368,126
2025-05-07,SKU-090,343,153
2025-05-14,SKU-090,380,96
2025-05-21,SKU-090,344,173
2025-05-28,SKU-090,269,200
2025-06-04,SKU-090,227,165
2025-06-11,SKU-090,258,115
2025-06-18,SKU-090,253,131
2025-06-25,SKU-090,284,108
2025-07-02,SKU-090,250,156
2025-07-09,SKU-090,242,134
2025-07-16,SKU-090,248,137
2025-07-23,SKU-090,294,95
2025-07-30,SKU-090,267,152
2025-08-06,SKU-090,269,134
2025-08-13,SKU-090,267,128
2025-08-20,SKU-090,283,113
2025-08-27,SKU-090,277,130
2025-09-03,SKU-090,224,184
2025-09-10,SKU-090,263,84
2025-09-17,SKU-090,263,149
2025-09-24,SKU-090,276,133
2025-10-01,SKU-090,259,151
2025-10-08,SKU-090,320,75
2025-10-15,SKU-090,307,163
2025-10-22,SKU-090,300,157
2025-10-29,SKU-090,245,184
2025-11-05,SKU-090,262,110
2025-11-12,SKU-090,253,145
2025-11-19,SKU-090,195,184
2025-11-26,SKU-090,202,120
2025-12-03,SKU-090,245,98
2025-12-10,SKU-090,172,200
2025-12-17,SKU-090,136,164
2025-12-24,SKU-090,138,122
2024-01-03,SKU-091,708,102
2024-01-10,SKU-091,736,86
2024-01-17,SKU-091,736,108
2024-01-24,SKU-091,740,115
2024-01-31,SKU-091,756,84
2024-02-07,SKU-091,735,129
2024-02-14,SKU-091,734,113
2024-02-21,SKU-091,739,106
2024-02-28,SKU-091,768,86
2024-03-06,SKU-091,765,119
2024-03-13,SKU-091,802,72
2024-03-20,SKU-091,760,143
2024-03-27,SKU-091,785,87
2024-04-03,SKU-091,792,97
2024-04-10,SKU-091,754,136
2024-04-17,SKU-091,773,99
2024-05-01,SKU-091,767,94
2024-05-08,SKU-091,728,145
2024-05-15,SKU-091,728,112
2024-05-22,SKU-091,770,77
2024-05-29,SKU-091,786,90
2024-06-05,SKU-091,807,96
2024-06-12,SKU-091,804,105
2024-06-19,SKU-091,805,105
2024-06-26,SKU-091,811,108
2024-07-03,SKU-091,833,82
2024-07-10,SKU-091,820,111
2024-07-17,SKU-091,799,130
2024-07-24,SKU-091,799,101
2024-07-31,SKU-091,829,81
2024-08-07,SKU-091,838,95
2024-08-14,SKU-091,823,127
2024-08-28,SKU-091,848,82
2024-09-04,SKU-091,865,100
2024-09-11,SKU-091,869,108
2024-09-18,SKU-091,869,105
2024-09-25,SKU-091,890,91
2024-10-02,SKU-091,881,126
2024-10-09,SKU-091,909,71
2024-10-16,SKU-091,915,100
2024-10-23,SKU-091,902,121
2024-10-30,SKU-091,905,107
2024-11-06,SKU-091,886,117
2024-11-13,SKU-091,868,121
2024-11-20,SKU-091,877,98
2024-11-27,SKU-091,851,136
2024-12-04,SKU-091,855,99
2024-12-11,SKU-091,858,113
2024-12-18,SKU-091,837,120
2024-12-25,SKU-091,855,94
2025-01-01,SKU-091,867,100
2025-01-08,SKU-091,853,123
2025-01-15,SKU-091,900,66
2025-01-22,SKU-091,903,104
2025-01-29,SKU-091,880,126
2025-02-05,SKU-091,871,109
2025-02-12,SKU-091,874,110
2025-02-19,SKU-091,876,106
2025-02-26,SKU-091,880,107
2025-03-05,SKU-091,907,84
2025-03-12,SKU-091,922,94
2025-03-19,SKU-091,899,130
2025-03-26,SKU-091,929,84
2025-04-02,SKU-091,901,135
2025-04-09,SKU-091,950,56
2025-04-16,SKU-091,935,116
2025-04-23,SKU-091,962,90
2025-04-30,SKU-091,915,148
2025-05-07,SKU-091,907,122
2025-05-14,SKU-091,924,94
2025-05-21,SKU-091,901,127
2025-05-28,SKU-091,887,128
2025-06-04,SKU-091,888,116
2025-06-11,SKU-091,880,126
2025-06-18,SKU-091,886,102
2025-06-25,SKU-091,901,93
2025-07-02,SKU-091,924,88
2025-07-09,SKU-091,899,142
2025-07-16,SKU-091,894,113
2025-07-23,SKU-091,913,95
2025-07-30,SKU-091,912,106
2025-08-06,SKU-091,884,137
2025-08-13,SKU-091,858,134
2025-08-20,SKU-091,833,133
2025-08-27,SKU-091,853,92
2025-09-03,SKU-091,846,103
2025-09-10,SKU-091,830,127
2025-09-17,SKU-091,813,122
2025-09-24,SKU-091,809,116
2025-10-01,SKU-091,838,87
2025-10-08,SKU-091,859,90
2025-10-15,SKU-091,865,100
2025-10-22,SKU-091,846,132
2025-10-29,SKU-091,828,122
2025-11-05,SKU-091,817,112
2025-11-12,SKU-091,834,99
2025-11-19,SKU-091,800,134
2025-11-26,SKU-091,813,90
2025-12-03,SKU-091,789,125
2025-12-10,SKU-091,789,109
2025-12-17,SKU-091,792,104
2025-12-24,SKU-091,798,109
2024-01-03,SKU-092,606,90
2024-01-10,SKU-092,637,90
2024-01-17,SKU-092,664,95
2024-01-24,SKU-092,673,120
2024-01-31,SKU-092,657,144
2024-02-07,SKU-092,654,116
2024-02-14,SKU-092,672,113
2024-02-21,SKU-092,691,97
2024-02-28,SKU-092,676,127
2024-03-06,SKU-092,673,113
2024-03-13,SKU-092,682,112
2024-03-20,SKU-092,671,127
2024-03-27,SKU-092,695,108
2024-04-03,SKU-092,649,166
2024-04-10,SKU-092,623,138
2024-04-17,SKU-092,606,138
2024-04-24,SKU-092,595,130
2024-05-01,SKU-092,621,96
2024-05-08,SKU-092,665,76
2024-05-15,SKU-092,676,116
2024-05-22,SKU-092,706,88
2024-05-29,SKU-092,671,148
2024-06-05,SKU-092,687,106
2024-06-12,SKU-092,664,141
2024-06-19,SKU-092,689,92
2024-06-26,SKU-092,663,158
2024-07-03,SKU-092,640,143
2024-07-17,SKU-092,672,85
2024-07-24,SKU-092,692,103
2024-07-31,SKU-092,673,134
2024-08-07,SKU-092,676,112
2024-08-14,SKU-092,619,166
2024-08-21,SKU-092,617,117
2024-08-28,SKU-092,581,159
2024-09-04,SKU-092,554,156
2024-09-11,SKU-092,538,125
2024-09-18,SKU-092,533,134
2024-09-25,SKU-092,548,115
2024-10-02,SKU-092,543,117
2024-10-09,SKU-092,515,156
2024-10-16,SKU-092,488,144
2024-10-23,SKU-092,512,89
2024-10-30,SKU-092,477,152
2024-11-06,SKU-092,458,137
2024-11-13,SKU-092,460,108
2024-11-20,SKU-092,464,111
2024-11-27,SKU-092,436,141
2024-12-04,SKU-092,408,141
2024-12-11,SKU-092,376,144
2024-12-18,SKU-092,360,134
2024-12-25,SKU-092,389,97
2025-01-01,SKU-092,365,155
2025-01-08,SKU-092,344,131
2025-01-15,SKU-092,324,136
2025-01-22,SKU-092,320,113
2025-01-29,SKU-092,308,135
2025-02-05,SKU-092,322,117
2025-02-12,SKU-092,348,101
2025-02-19,SKU-092,326,137
2025-02-26,SKU-092,339,113
2025-03-05,SKU-092,294,157
2025-03-12,SKU-092,252,159
2025-03-19,SKU-092,254,119
2025-03-26,SKU-092,275,99
2025-04-02,SKU-092,264,133
2025-04-09,SKU-092,271,116
2025-04-16,SKU-092,267,132
2025-04-23,SKU-092,296,98
2025-04-30,SKU-092,280,129
2025-05-07,SKU-092,293,107
2025-05-14,SKU-092,303,111
2025-05-21,SKU-092,312,121
2025-05-28,SKU-092,284,158
2025-06-04,SKU-092,269,137
2025-06-11,SKU-092,279,120
2025-06-18,SKU-092,252,159
2025-06-25,SKU-092,272,108
2025-07-02,SKU-092,305,90
2025-07-09,SKU-092,334,89
2025-07-16,SKU-092,317,132
2025-07-23,SKU-092,322,124
2025-07-30,SKU-092,335,99
2025-08-06,SKU-092,386,75
2025-08-13,SKU-092,422,93
2025-08-20,SKU-092,434,103
2025-08-27,SKU-092,457,100
2025-09-03,SKU-092,495,87
2025-09-10,SKU-092,496,128
2025-09-17,SKU-092,551,72
2025-09-24,SKU-092,554,126
2025-10-01,SKU-092,519,150
2025-10-08,SKU-092,528,114
2025-10-15,SKU-092,495,144
2025-10-22,SKU-092,506,121
2025-10-29,SKU-092,524,91
2025-11-05,SKU-092,531,124
2025-11-12,SKU-092,535,112
2025-11-19,SKU-092,524,134
2025-11-26,SKU-092,545,89
2025-12-03,SKU-092,549,110
2025-12-10,SKU-092,548,124
2025-12-17,SKU-092,583,75
2025-12-24,SKU-092,603,94
2024-01-03,SKU-093,834,116
2024-01-10,SKU-093,849,98
2024-01-17,SKU-093,819,141
2024-01-24,SKU-093,835,89
2024-01-31,SKU-093,838,115
2024-02-07,SKU-093,836,112
2024-02-14,SKU-093,831,126
2024-02-21,SKU-093,841,99
2024-02-28,SKU-093,821,129
2024-03-06,SKU-093,844,81
2024-03-13,SKU-093,814,139
2024-03-20,SKU-093,809,118
2024-03-27,SKU-093,828,90
2024-04-03,SKU-093,780,149
2024-04-10,SKU-093,777,102
2024-04-17,SKU-093,780,103
2024-04-24,SKU-093,796,95
2024-05-01,SKU-093,669,127
2024-05-08,SKU-093,566,103
2024-05-15,SKU-093,579,94
2024-05-22,SKU-093,585,97
2024-05-29,SKU-093,627,77
2024-06-05,SKU-093,624,106
2024-06-12,SKU-093,647,87
2024-06-19,SKU-093,622,142
2024-06-26,SKU-093,604,119
2024-07-03,SKU-093,629,78
2024-07-10,SKU-093,631,100
2024-07-17,SKU-093,636,112
2024-07-24,SKU-093,660,77
2024-07-31,SKU-093,647,120
2024-08-07,SKU-093,662,83
2024-08-14,SKU-093,660,107
2024-08-21,SKU-093,672,91
2024-08-28,SKU-093,673,113
2024-09-04,SKU-093,684,98
2024-09-11,SKU-093,688,106
2024-09-18,SKU-093,695,94
2024-09-25,SKU-093,708,105
2024-10-02,SKU-093,697,120
2024-10-09,SKU-093,711,92
2024-10-16,SKU-093,703,123
2024-10-23,SKU-093,697,116
2024-10-30,SKU-093,688,117
2024-11-06,SKU-093,728,78
2024-11-13,SKU-093,779,61
2024-11-20,SKU-093,773,116
2024-11-27,SKU-093,757,131
2024-12-04,SKU-093,746,125
2024-12-11,SKU-093,782,75
2024-12-18,SKU-093,802,95
2024-12-25,SKU-093,808,101
2025-01-01,SKU-093,789,130
2025-01-08,SKU-093,797,94
2025-01-15,SKU-093,798,108
2025-01-22,SKU-093,773,125
2025-01-29,SKU-093,818,71
2025-02-05,SKU-093,833,100
2025-02-12,SKU-093,838,114
2025-02-19,SKU-093,879,78
2025-02-26,SKU-093,892,106
2025-03-05,SKU-093,897,101
2025-03-12,SKU-093,890,110
2025-03-19,SKU-093,850,152
2025-03-26,SKU-093,873,92
2025-04-02,SKU-093,880,111
2025-04-09,SKU-093,873,127
2025-04-16,SKU-093,839,146
2025-04-23,SKU-093,845,106
2025-04-30,SKU-093,802,156
2025-05-07,SKU-093,806,100
2025-05-14,SKU-093,762,146
2025-05-21,SKU-093,838,37
2025-05-28,SKU-093,844,108
2025-06-04,SKU-093,873,89
2025-06-11,SKU-093,896,80
2025-06-18,SKU-093,882,125
2025-06-25,SKU-093,910,81
2025-07-02,SKU-093,936,88
2025-07-09,SKU-093,966,84
2025-07-16,SKU-093,958,125
2025-07-23,SKU-093,953,110
2025-07-30,SKU-093,884,69
2025-08-06,SKU-093,917,86
2025-08-13,SKU-093,935,94
2025-08-20,SKU-093,949,102
2025-08-27,SKU-093,972,92
2025-09-03,SKU-093,961,124
2025-09-10,SKU-093,976,100
2025-09-17,SKU-093,1029,63
2025-10-01,SKU-093,1058,71
2025-10-08,SKU-093,1060,99
2025-10-15,SKU-093,1029,130
2025-10-22,SKU-093,1013,120
2025-10-29,SKU-093,1034,89
2025-11-05,SKU-093,1066,78
2025-11-12,SKU-093,1050,118
2025-11-19,SKU-093,1019,140
2025-11-26,SKU-093,982,148
2025-12-03,SKU-093,1007,86
2025-12-10,SKU-093,1044,81
2025-12-17,SKU-093,1015,133
2025-12-24,SKU-093,999,132
2024-01-03,SKU-094,585,62
2024-01-10,SKU-094,587,95
2024-01-17,SKU-094,589,89
2024-01-24,SKU-094,566,109
2024-01-31,SKU-094,591,67
2024-02-07,SKU-094,554,128
2024-02-14,SKU-094,551,93
2024-02-21,SKU-094,566,76
2024-02-28,SKU-094,541,116
2024-03-06,SKU-094,563,66
2024-03-13,SKU-094,518,130
2024-03-20,SKU-094,529,76
2024-03-27,SKU-094,503,116
2024-04-03,SKU-094,489,98
2024-04-10,SKU-094,455,127
2024-04-17,SKU-094,467,85
2024-04-24,SKU-094,479,82
2024-05-01,SKU-094,490,88
2024-05-08,SKU-094,486,99
2024-05-15,SKU-094,483,90
2024-05-22,SKU-094,488,93
2024-05-29,SKU-094,470,110
2024-06-05,SKU-094,460,102
2024-06-12,SKU-094,471,72
2024-06-19,SKU-094,457,96
2024-06-26,SKU-094,444,110
2024-07-03,SKU-094,415,123
2024-07-10,SKU-094,488,24
2024-07-17,SKU-094,520,65
2024-07-24,SKU-094,515,96
2024-07-31,SKU-094,501,110
2024-08-07,SKU-094,494,100
2024-08-14,SKU-094,491,84
2024-08-21,SKU-094,522,56
2024-08-28,SKU-094,523,89
2024-09-04,SKU-094,516,92
2024-09-11,SKU-094,538,70
2024-09-18,SKU-094,532,91
2024-09-25,SKU-094,502,111
2024-10-02,SKU-094,470,116
2024-10-09,SKU-094,477,85
2024-10-16,SKU-094,462,99
2024-10-23,SKU-094,464,80
2024-10-30,SKU-094,433,115
2024-11-06,SKU-094,382,134
2024-11-13,SKU-094,338,129
2024-11-20,SKU-094,313,109
2024-11-27,SKU-094,295,108
2024-12-04,SKU-094,318,67
2024-12-11,SKU-094,317,94
2024-12-18,SKU-094,304,95
2024-12-25,SKU-094,289,97
2025-01-01,SKU-094,295,77
2025-01-08,SKU-094,307,76
2025-01-15,SKU-094,299,91
2025-01-22,SKU-094,294,100
2025-01-29,SKU-094,294,89
2025-02-05,SKU-094,293,95
2025-02-12,SKU-094,304,83
2025-02-19,SKU-094,263,140
2025-02-26,SKU-094,233,114
2025-03-05,SKU-094,219,107
2025-03-12,SKU-094,240,67
2025-03-19,SKU-094,253,75
2025-03-26,SKU-094,252,92
2025-04-02,SKU-094,233,115
2025-04-09,SKU-094,233,96
2025-04-16,SKU-094,219,109
2025-04-23,SKU-094,183,118
2025-04-30,SKU-094,178,88
2025-05-07,SKU-094,152,112
2025-05-14,SKU-094,129,118
2025-05-21,SKU-094,132,81
2025-05-28,SKU-094,146,74
2025-06-04,SKU-094,129,98
2025-06-11,SKU-094,131,91
2025-06-18,SKU-094,121,97
2025-06-25,SKU-094,128,76
2025-07-02,SKU-094,134,90
2025-07-09,SKU-094,146,80
2025-07-16,SKU-094,139,105
2025-07-23,SKU-094,162,71
2025-07-30,SKU-094,160,98
2025-08-06,SKU-094,185,68
2025-08-13,SKU-094,209,72
2025-08-20,SKU-094,210,85
2025-08-27,SKU-094,202,91
2025-09-03,SKU-094,231,64
2025-09-10,SKU-094,238,83
2025-09-17,SKU-094,215,104
2025-09-24,SKU-094,223,75
2025-10-01,SKU-094,233,76
2025-10-08,SKU-094,235,87
2025-10-15,SKU-094,244,79
2025-10-22,SKU-094,292,38
2025-10-29,SKU-094,275,115
2025-11-05,SKU-094,283,77
2025-11-12,SKU-094,314,66
2025-11-19,SKU-094,301,108
2025-11-26,SKU-094,288,95
2025-12-03,SKU-094,328,49
2025-12-10,SKU-094,321,95
2025-12-17,SKU-094,286,119
2025-12-24,SKU-094,271,100
2024-01-03,SKU-095,608,100
2024-01-10,SKU-095,650,90
2024-01-17,SKU-095,685,105
2024-01-24,SKU-095,657,151
2024-01-31,SKU-095,681,106
2024-02-07,SKU-095,696,109
2024-02-14,SKU-095,722,118
2024-02-21,SKU-095,738,118
2024-02-28,SKU-095,746,120
2024-03-06,SKU-095,743,148
2024-03-13,SKU-095,726,142
2024-03-20,SKU-095,723,146
2024-03-27,SKU-095,768,99
2024-04-03,SKU-095,729,159
2024-04-10,SKU-095,697,154
2024-04-17,SKU-095,735,107
2024-04-24,SKU-095,716,165
2024-05-01,SKU-095,701,150
2024-05-08,SKU-095,749,83
2024-05-15,SKU-095,738,152
2024-05-22,SKU-095,747,128
2024-05-29,SKU-095,718,159
2024-06-05,SKU-095,702,145
2024-06-12,SKU-095,679,151
2024-06-19,SKU-095,724,97
2024-06-26,SKU-095,713,153
2024-07-03,SKU-095,692,145
2024-07-10,SKU-095,663,171
2024-07-17,SKU-095,641,154
2024-07-24,SKU-095,633,128
2024-07-31,SKU-095,588,168
2024-08-07,SKU-095,630,100
2024-08-14,SKU-095,616,137
2024-08-21,SKU-095,637,119
2024-08-28,SKU-095,611,157
2024-09-04,SKU-095,591,147
2024-09-11,SKU-095,549,187
2024-09-18,SKU-095,529,154
2024-09-25,SKU-095,558,102
2024-10-02,SKU-095,524,155
2024-10-09,SKU-095,503,161
2024-10-16,SKU-095,520,113
2024-10-23,SKU-095,553,89
2024-10-30,SKU-095,549,127
2024-11-06,SKU-095,576,103
2024-11-13,SKU-095,557,140
2024-11-20,SKU-095,547,141
2024-11-27,SKU-095,563,107
2024-12-04,SKU-095,533,152
2024-12-11,SKU-095,543,135
2024-12-18,SKU-095,623,62
2024-12-25,SKU-095,637,114
2025-01-01,SKU-095,641,129
2025-01-08,SKU-095,590,176
2025-01-15,SKU-095,616,104
2025-01-22,SKU-095,592,148
2025-01-29,SKU-095,623,98
2025-02-05,SKU-095,659,107
2025-02-12,SKU-095,708,90
2025-02-19,SKU-095,652,192
2025-02-26,SKU-095,656,129
2025-03-05,SKU-095,659,123
2025-03-12,SKU-095,683,123
2025-03-19,SKU-095,751,73
2025-03-26,SKU-095,784,108
2025-04-02,SKU-095,803,117
2025-04-09,SKU-095,777,171
2025-04-16,SKU-095,767,155
2025-04-23,SKU-095,835,74
2025-04-30,SKU-095,856,103
2025-05-07,SKU-095,806,179
2025-05-14,SKU-095,809,119
2025-05-21,SKU-095,800,135
2025-05-28,SKU-095,807,117
2025-06-04,SKU-095,729,204
2025-06-11,SKU-095,776,85
2025-06-18,SKU-095,722,176
2025-06-25,SKU-095,715,127
2025-07-02,SKU-095,701,137
2025-07-09,SKU-095,673,151
2025-07-16,SKU-095,643,161
2025-07-23,SKU-095,633,155
2025-07-30,SKU-095,615,139
2025-08-06,SKU-095,616,139
2025-08-13,SKU-095,598,145
2025-08-20,SKU-095,587,146
2025-08-27,SKU-095,614,115
2025-09-03,SKU-095,611,139
2025-09-10,SKU-095,599,150
2025-09-17,SKU-095,588,146
2025-09-24,SKU-095,556,161
2025-10-01,SKU-095,566,118
2025-10-08,SKU-095,572,119
2025-10-15,SKU-095,558,141
2025-10-22,SKU-095,569,127
2025-10-29,SKU-095,574,131
2025-11-05,SKU-095,605,103
2025-11-12,SKU-095,540,199
2025-11-19,SKU-095,549,124
2025-11-26,SKU-095,512,164
2025-12-03,SKU-095,524,110
2025-12-10,SKU-095,503,144
2025-12-17,SKU-095,560,83
2025-12-24,SKU-095,516,190
2024-01-03,SKU-096,641,138
2024-01-10,SKU-096,667,68
2024-01-17,SKU-096,707,49
2024-01-24,SKU-096,682,117
2024-01-31,SKU-096,677,94
2024-02-07,SKU-096,702,72
2024-02-14,SKU-096,712,87
2024-02-21,SKU-096,724,84
2024-02-28,SKU-096,717,109
2024-03-06,SKU-096,699,104
2024-03-13,SKU-096,701,96
2024-03-20,SKU-096,721,83
2024-03-27,SKU-096,717,92
2024-04-03,SKU-096,725,89
2024-04-10,SKU-096,706,105
2024-04-17,SKU-096,683,117
2024-04-24,SKU-096,670,109
2024-05-01,SKU-096,664,95
2024-05-08,SKU-096,632,118
2024-05-15,SKU-096,643,76
2024-05-22,SKU-096,678,53
2024-05-29,SKU-096,688,86
2024-06-05,SKU-096,689,87
2024-06-12,SKU-096,683,108
2024-06-19,SKU-096,697,90
2024-06-26,SKU-096,679,107
2024-07-03,SKU-096,709,69
2024-07-10,SKU-096,704,104
2024-07-17,SKU-096,685,115
2024-07-24,SKU-096,664,121
2024-07-31,SKU-096,677,81
2024-08-07,SKU-096,647,118
2024-08-14,SKU-096,647,87
2024-08-21,SKU-096,634,111
2024-08-28,SKU-096,649,81
2024-09-04,SKU-096,654,92
2024-09-11,SKU-096,676,81
2024-09-18,SKU-096,692,86
2024-09-25,SKU-096,668,125
2024-10-02,SKU-096,670,102
2024-10-09,SKU-096,680,93
2024-10-16,SKU-096,667,101
2024-10-23,SKU-096,653,113
2024-10-30,SKU-096,700,47
2024-11-06,SKU-096,715,87
2024-11-13,SKU-096,725,93
2024-11-20,SKU-096,712,109
2024-11-27,SKU-096,727,79
2024-12-04,SKU-096,718,94
2024-12-11,SKU-096,735,71
2024-12-18,SKU-096,782,54
2024-12-25,SKU-096,790,86
2025-01-01,SKU-096,806,71
2025-01-08,SKU-096,833,74
2025-01-15,SKU-096,832,88
2025-01-22,SKU-096,827,102
2025-01-29,SKU-096,786,127
2025-02-05,SKU-096,792,92
2025-02-12,SKU-096,805,89
2025-02-19,SKU-096,789,114
2025-02-26,SKU-096,771,114
2025-03-05,SKU-096,790,74
2025-03-12,SKU-096,818,75
2025-03-19,SKU-096,833,73
2025-03-26,SKU-096,839,93
2025-04-02,SKU-096,821,115
2025-04-09,SKU-096,836,87
2025-04-16,SKU-096,840,94
2025-04-23,SKU-096,865,61
2025-04-30,SKU-096,864,99
2025-05-07,SKU-096,865,89
2025-05-14,SKU-096,878,87
2025-05-21,SKU-096,898,73
2025-05-28,SKU-096,936,48
2025-06-04,SKU-096,970,68
2025-06-11,SKU-096,996,72
2025-06-18,SKU-096,975,123
2025-06-25,SKU-096,960,113
2025-07-02,SKU-096,969,86
2025-07-09,SKU-096,948,108
2025-07-16,SKU-096,968,83
2025-07-23,SKU-096,942,123
2025-07-30,SKU-096,948,91
2025-08-06,SKU-096,947,90
2025-08-13,SKU-096,958,86
2025-08-20,SKU-096,988,73
2025-08-27,SKU-096,1001,77
2025-09-03,SKU-096,995,103
2025-09-10,SKU-096,1002,85
2025-09-17,SKU-096,984,109
2025-09-24,SKU-096,986,83
2025-10-01,SKU-096,988,92
2025-10-08,SKU-096,985,94
2025-10-15,SKU-096,1004,68
2025-10-22,SKU-096,1000,93
2025-10-29,SKU-096,994,109
2025-11-05,SKU-096,1025,70
2025-11-12,SKU-096,1013,105
2025-11-19,SKU-096,1012,97
2025-11-26,SKU-096,1018,90
2025-12-03,SKU-096,1013,105
2025-12-10,SKU-096,1007,95
2025-12-17,SKU-096,993,109
2025-12-24,SKU-096,978,103
2024-01-03,SKU-097,800,106
2024-01-10,SKU-097,826,80
2024-01-17,SKU-097,860,73
2024-01-24,SKU-097,871,85
2024-01-31,SKU-097,887,81
2024-02-07,SKU-097,852,131
2024-02-14,SKU-097,828,140
2024-02-21,SKU-097,827,116
2024-02-28,SKU-097,709,118
2024-03-06,SKU-097,577,132
2024-03-13,SKU-097,560,117
2024-03-20,SKU-097,575,93
2024-03-27,SKU-097,562,111
2024-04-03,SKU-097,598,76
2024-04-10,SKU-097,601,95
2024-04-17,SKU-097,620,86
2024-04-24,SKU-097,609,114
2024-05-01,SKU-097,592,112
2024-05-08,SKU-097,586,119
2024-05-15,SKU-097,584,104
2024-05-22,SKU-097,547,143
2024-05-29,SKU-097,599,57
2024-06-05,SKU-097,610,102
2024-06-12,SKU-097,623,89
2024-06-19,SKU-097,620,117
2024-06-26,SKU-097,607,114
2024-07-03,SKU-097,607,108
2024-07-10,SKU-097,605,105
2024-07-17,SKU-097,613,101
2024-07-24,SKU-097,644,70
2024-07-31,SKU-097,624,131
2024-08-07,SKU-097,626,101
2024-08-14,SKU-097,591,147
2024-08-21,SKU-097,606,99
2024-08-28,SKU-097,603,117
2024-09-04,SKU-097,614,85
2024-09-11,SKU-097,647,73
2024-09-18,SKU-097,624,130
2024-09-25,SKU-097,613,117
2024-10-02,SKU-097,604,104
2024-10-09,SKU-097,639,72
2024-10-16,SKU-097,670,81
2024-10-23,SKU-097,655,113
2024-10-30,SKU-097,635,121
2024-11-06,SKU-097,644,103
2024-11-13,SKU-097,655,86
2024-11-20,SKU-097,619,135
2024-11-27,SKU-097,662,60
2024-12-04,SKU-097,652,113
2024-12-11,SKU-097,629,123
2024-12-18,SKU-097,627,110
2024-12-25,SKU-097,643,98
2025-01-01,SKU-097,641,111
2025-01-08,SKU-097,647,100
2025-01-15,SKU-097,627,122
2025-01-22,SKU-097,655,77
2025-01-29,SKU-097,683,79
2025-02-05,SKU-097,680,104
2025-02-12,SKU-097,684,103
2025-02-19,SKU-097,703,97
2025-02-26,SKU-097,684,131
2025-03-05,SKU-097,664,117
2025-03-12,SKU-097,557,107
2025-03-19,SKU-097,536,128
2025-03-26,SKU-097,560,87
2025-04-02,SKU-097,562,113
2025-04-09,SKU-097,442,120
2025-04-16,SKU-097,425,117
2025-04-23,SKU-097,437,84
2025-04-30,SKU-097,291,146
2025-05-07,SKU-097,268,120
2025-05-14,SKU-097,289,83
2025-05-21,SKU-097,289,104
2025-05-28,SKU-097,320,76
2025-06-04,SKU-097,350,80
2025-06-11,SKU-097,376,81
2025-06-18,SKU-097,385,94
2025-06-25,SKU-097,390,110
2025-07-02,SKU-097,384,113
2025-07-09,SKU-097,362,119
2025-07-16,SKU-097,358,111
2025-07-23,SKU-097,338,123
2025-07-30,SKU-097,334,99
2025-08-06,SKU-097,342,87
2025-08-13,SKU-097,366,88
2025-08-20,SKU-097,358,108
2025-08-27,SKU-097,320,153
2025-09-03,SKU-097,312,108
2025-09-10,SKU-097,318,110
2025-09-17,SKU-097,292,135
2025-09-24,SKU-097,295,97
2025-10-01,SKU-097,330,73
2025-10-08,SKU-097,306,127
2025-10-15,SKU-097,312,98
2025-10-22,SKU-097,321,93
2025-10-29,SKU-097,339,93
2025-11-05,SKU-097,354,100
2025-11-12,SKU-097,317,138
2025-11-19,SKU-097,280,140
2025-11-26,SKU-097,277,109
2025-12-03,SKU-097,240,133
2025-12-10,SKU-097,258,86
2025-12-17,SKU-097,316,56
2025-12-24,SKU-097,282,141
2024-01-03,SKU-098,720,90
2024-01-10,SKU-098,703,169
2024-01-17,SKU-098,698,158
2024-01-24,SKU-098,711,122
2024-01-31,SKU-098,686,167
2024-02-07,SKU-098,660,175
2024-02-14,SKU-098,686,112
2024-02-21,SKU-098,738,95
2024-02-28,SKU-098,714,160
2024-03-06,SKU-098,741,122
2024-03-13,SKU-098,722,153
2024-03-20,SKU-098,670,187
2024-03-27,SKU-098,702,125
2024-04-03,SKU-098,686,168
2024-04-10,SKU-098,733,94
2024-04-17,SKU-098,738,139
2024-04-24,SKU-098,609,128
2024-05-01,SKU-098,498,112
2024-05-08,SKU-098,460,179
2024-05-15,SKU-098,498,113
2024-05-22,SKU-098,532,98
2024-05-29,SKU-098,471,195
2024-06-12,SKU-098,483,157
2024-06-19,SKU-098,444,183
2024-06-26,SKU-098,484,116
2024-07-03,SKU-098,473,152
2024-07-10,SKU-098,469,135
2024-07-17,SKU-098,423,198
2024-07-24,SKU-098,388,192
2024-07-31,SKU-098,388,144
2024-08-07,SKU-098,372,156
2024-08-14,SKU-098,374,147
2024-08-21,SKU-098,381,148
2024-08-28,SKU-098,401,114
2024-09-04,SKU-098,402,146
2024-09-11,SKU-098,445,113
2024-09-18,SKU-098,426,148
2024-09-25,SKU-098,471,107
2024-10-02,SKU-098,458,155
2024-10-09,SKU-098,494,122
2024-10-16,SKU-098,496,132
2024-10-23,SKU-098,507,141
2024-10-30,SKU-098,468,171
2024-11-06,SKU-098,461,137
2024-11-13,SKU-098,450,156
2024-11-20,SKU-098,402,184
2024-11-27,SKU-098,431,122
2024-12-04,SKU-098,440,129
2024-12-11,SKU-098,432,154
2024-12-18,SKU-098,374,198
2024-12-25,SKU-098,393,138
2025-01-01,SKU-098,328,213
2025-01-08,SKU-098,327,141
2025-01-15,SKU-098,276,189
2025-01-22,SKU-098,262,146
2025-01-29,SKU-098,295,113
2025-02-05,SKU-098,291,158
2025-02-12,SKU-098,262,169
2025-02-19,SKU-098,239,174
2025-02-26,SKU-098,225,171
2025-03-05,SKU-098,222,144
2025-03-12,SKU-098,192,168
2025-03-19,SKU-098,139,192
2025-03-26,SKU-098,139,134
2025-04-02,SKU-098,0,157
2025-04-09,SKU-098,13,122
2025-04-16,SKU-098,52,116
2025-04-23,SKU-098,0,102
2025-04-30,SKU-098,0,134
2025-05-07,SKU-098,0,171
2025-05-14,SKU-098,67,82
2025-05-21,SKU-098,120,95
2025-05-28,SKU-098,128,142
2025-06-04,SKU-098,188,97
2025-06-11,SKU-098,215,122
2025-06-18,SKU-098,215,132
2025-06-25,SKU-098,182,175
2025-07-02,SKU-098,278,55
2025-07-09,SKU-098,290,139
2025-07-16,SKU-098,316,122
2025-07-23,SKU-098,350,117
2025-07-30,SKU-098,371,122
2025-08-06,SKU-098,387,129
2025-08-13,SKU-098,395,132
2025-08-20,SKU-098,415,114
2025-08-27,SKU-098,462,103
2025-09-03,SKU-098,458,153
2025-09-10,SKU-098,450,139
2025-09-17,SKU-098,387,203
2025-09-24,SKU-098,345,179
2025-10-01,SKU-098,347,128
2025-10-08,SKU-098,345,140
2025-10-15,SKU-098,406,92
2025-10-22,SKU-098,404,137
2025-10-29,SKU-098,431,123
2025-11-05,SKU-098,480,99
2025-11-12,SKU-098,447,169
2025-11-19,SKU-098,438,162
2025-11-26,SKU-098,484,108
2025-12-03,SKU-098,528,108
2025-12-10,SKU-098,557,122
2025-12-17,SKU-098,542,159
2025-12-24,SKU-098,513,172
2024-01-03,SKU-099,477,107
2024-01-10,SKU-099,495,98
2024-01-17,SKU-099,533,80
2024-01-24,SKU-099,559,108
2024-01-31,SKU-099,571,110
2024-02-07,SKU-099,582,121
2024-02-14,SKU-099,578,120
2024-02-21,SKU-099,560,144
2024-02-28,SKU-099,559,127
2024-03-06,SKU-099,560,115
2024-03-13,SKU-099,559,130
2024-03-20,SKU-099,593,96
2024-03-27,SKU-099,586,139
2024-04-03,SKU-099,591,123
2024-04-10,SKU-099,578,128
2024-04-17,SKU-099,582,119
2024-04-24,SKU-099,578,127
2024-05-01,SKU-099,593,115
2024-05-08,SKU-099,613,112
2024-05-15,SKU-099,638,101
2024-05-22,SKU-099,663,96
2024-05-29,SKU-099,640,139
2024-06-05,SKU-099,634,140
2024-06-12,SKU-099,665,97
2024-06-19,SKU-099,649,130
2024-06-26,SKU-099,664,110
2024-07-03,SKU-099,664,115
2024-07-10,SKU-099,665,123
2024-07-17,SKU-099,641,143
2024-07-24,SKU-099,627,137
2024-07-31,SKU-099,650,90
2024-08-07,SKU-099,626,137
2024-08-14,SKU-099,652,103
2024-08-21,SKU-099,670,104
2024-08-28,SKU-099,656,131
2024-09-04,SKU-099,647,127
2024-09-11,SKU-099,705,77
2024-09-18,SKU-099,689,142
2024-09-25,SKU-099,683,121
2024-10-02,SKU-099,650,151
2024-10-09,SKU-099,679,97
2024-10-16,SKU-099,692,123
2024-10-23,SKU-099,695,125
2024-10-30,SKU-099,725,95
2024-11-06,SKU-099,725,134
2024-11-13,SKU-099,691,160
2024-11-20,SKU-099,685,141
2024-11-27,SKU-099,654,144
2024-12-04,SKU-099,653,127
2024-12-11,SKU-099,657,131
2024-12-18,SKU-099,675,114
2024-12-25,SKU-099,697,90
2025-01-01,SKU-099,714,100
2025-01-08,SKU-099,696,140
2025-01-15,SKU-099,709,109
2025-01-22,SKU-099,674,150
2025-01-29,SKU-099,682,126
2025-02-05,SKU-099,758,52
2025-02-12,SKU-099,773,110
2025-02-19,SKU-099,775,129
2025-02-26,SKU-099,791,96
2025-03-05,SKU-099,767,138
2025-03-12,SKU-099,756,129
2025-03-19,SKU-099,725,151
2025-03-26,SKU-099,738,121
2025-04-02,SKU-099,793,63
2025-04-09,SKU-099,825,96
2025-04-16,SKU-099,839,113
2025-04-23,SKU-099,862,91
2025-04-30,SKU-099,867,119
2025-05-07,SKU-099,858,132
2025-05-14,SKU-099,877,110
2025-05-21,SKU-099,890,120
2025-05-28,SKU-099,886,124
2025-06-04,SKU-099,915,104
2025-06-11,SKU-099,815,100
2025-06-18,SKU-099,821,120
2025-06-25,SKU-099,808,126
2025-07-02,SKU-099,813,112
2025-07-09,SKU-099,833,111
2025-07-16,SKU-099,785,160
2025-07-23,SKU-099,783,118
2025-07-30,SKU-099,764,139
2025-08-06,SKU-099,766,130
2025-08-13,SKU-099,770,131
2025-08-20,SKU-099,776,116
2025-08-27,SKU-099,748,141
2025-09-03,SKU-099,781,79
2025-09-10,SKU-099,801,108
2025-09-17,SKU-099,828,101
2025-09-24,SKU-099,839,111
2025-10-01,SKU-099,822,131
2025-10-08,SKU-099,836,120
2025-10-15,SKU-099,847,108
2025-10-22,SKU-099,805,156
2025-10-29,SKU-099,809,132
2025-11-05,SKU-099,800,126
2025-11-12,SKU-099,781,138
2025-11-19,SKU-099,768,127
2025-11-26,SKU-099,774,120
2025-12-03,SKU-099,777,132
2025-12-10,SKU-099,787,116
2025-12-17,SKU-099,762,149
2025-12-24,SKU-099,808,84
2024-01-03,SKU-100,1013,195
2024-01-10,SKU-100,1022,115
2024-01-17,SKU-100,1050,105
2024-01-24,SKU-100,1041,137
2024-01-31,SKU-100,1017,149
2024-02-07,SKU-100,987,145
2024-02-14,SKU-100,947,160
2024-02-21,SKU-100,943,141
2024-02-28,SKU-100,955,117
2024-03-06,SKU-100,964,118
2024-03-13,SKU-100,968,122
2024-03-20,SKU-100,964,134
2024-03-27,SKU-100,932,155
2024-04-03,SKU-100,896,160
2024-04-17,SKU-100,962,110
2024-04-24,SKU-100,974,114
2024-05-01,SKU-100,991,107
2024-05-08,SKU-100,1020,86
2024-05-15,SKU-100,1031,105
2024-05-22,SKU-100,1034,122
2024-05-29,SKU-100,1052,114
2024-06-05,SKU-100,1041,150
2024-06-12,SKU-100,1047,121
2024-06-19,SKU-100,1076,100
2024-06-26,SKU-100,1055,158
2024-07-03,SKU-100,1073,98
2024-07-10,SKU-100,1083,126
2024-07-17,SKU-100,1098,119
2024-07-24,SKU-100,1114,123
2024-07-31,SKU-100,1140,112
2024-08-07,SKU-100,1165,110
2024-08-14,SKU-100,1194,94
2024-08-28,SKU-100,1237,84
2024-09-04,SKU-100,1240,119
2024-09-11,SKU-100,1225,132
2024-09-18,SKU-100,1209,140
2024-09-25,SKU-100,1182,146
2024-10-02,SKU-100,1207,91
2024-10-09,SKU-100,1229,106
2024-10-16,SKU-100,1233,114
2024-10-23,SKU-100,1232,118
2024-10-30,SKU-100,1281,83
2024-11-06,SKU-100,1251,151
2024-11-13,SKU-100,1221,148
2024-11-20,SKU-100,1258,93
2024-11-27,SKU-100,1274,100
2024-12-04,SKU-100,1234,156
2024-12-11,SKU-100,1244,122
2024-12-18,SKU-100,1273,103
2024-12-25,SKU-100,1297,100
2025-01-01,SKU-100,1311,123
2025-01-08,SKU-100,1282,146
2025-01-15,SKU-100,1253,153
2025-01-22,SKU-100,1322,66
2025-01-29,SKU-100,1333,104
2025-02-05,SKU-100,1285,162
2025-02-12,SKU-100,1305,109
2025-02-19,SKU-100,1282,141
2025-02-26,SKU-100,1277,141
2025-03-05,SKU-100,1264,151
2025-03-12,SKU-100,1244,136
2025-03-19,SKU-100,1202,172
2025-03-26,SKU-100,1234,92
2025-04-02,SKU-100,1212,143
2025-04-09,SKU-100,1219,109
2025-04-16,SKU-100,1199,141
2025-04-23,SKU-100,1193,142
2025-04-30,SKU-100,1213,119
2025-05-07,SKU-100,1206,137
2025-05-14,SKU-100,1213,129
2025-05-21,SKU-100,1199,151
2025-05-28,SKU-100,1204,121
2025-06-04,SKU-100,1187,148
2025-06-11,SKU-100,1225,99
2025-06-18,SKU-100,1223,123
2025-06-25,SKU-100,1192,157
2025-07-02,SKU-100,1159,149
2025-07-09,SKU-100,1195,102
2025-07-16,SKU-100,1178,146
2025-07-23,SKU-100,1175,140
2025-07-30,SKU-100,1188,121
2025-08-06,SKU-100,1195,127
2025-08-13,SKU-100,1188,146
2025-08-20,SKU-100,1212,106
2025-08-27,SKU-100,1232,98
2025-09-03,SKU-100,1231,125
2025-09-10,SKU-100,1250,95
2025-09-17,SKU-100,1214,155
2025-09-24,SKU-100,1194,160
2025-10-01,SKU-100,1185,139
2025-10-08,SKU-100,1141,167
2025-10-15,SKU-100,1098,158
2025-10-22,SKU-100,1147,74
2025-10-29,SKU-100,1153,132
2025-11-05,SKU-100,1138,151
2025-11-12,SKU-100,1110,146
2025-11-19,SKU-100,1105,120
2025-11-26,SKU-100,1121,110
2025-12-03,SKU-100,1181,75
2025-12-10,SKU-100,1172,123
2025-12-17,SKU-100,1207,92
2025-12-24,SKU-100,1181,163
2025-08-13,SKU-011,821,135
2025-08-06,SKU-010,710,128
2025-04-16,SKU-014,66,117
2025-09-03,SKU-025,583,96
2025-01-08,SKU-088,526,180
2025-03-12,SKU-049,609,123
2024-06-26,SKU-018,811,145
2025-07-23,SKU-025,536,121
2024-05-29,SKU-098,471,195
2025-03-26,SKU-009,361,96
2024-04-03,SKU-014,628,73
2025-10-01,SKU-077,843,150
2025-10-15,SKU-059,448,125
2024-11-20,SKU-005,572,101
2025-05-21,SKU-057,678,111
